Date,NIFTY_Close,NIFTY_High,NIFTY_Low,NIFTY_Open,Volume,Gold,Oil,USD_INR,India_VIX
2010-01-04,5232.2001953125,5238.4501953125,5167.10009765625,5200.89990234375,0,1117.699951171875,81.51000213623047,46.28799819946289,23.63999938964844
2010-01-05,5277.89990234375,5288.35009765625,5242.39990234375,5277.14990234375,0,1118.0999755859375,81.7699966430664,46.119998931884766,22.270000457763672
2010-01-06,5281.7998046875,5310.85009765625,5260.0498046875,5278.14990234375,0,1135.9000244140625,83.18000030517578,45.720001220703125,22.1200008392334
2010-01-07,5263.10009765625,5302.5498046875,5244.75,5281.7998046875,0,1133.0999755859375,82.66000366210938,45.6879997253418,22.5
2010-01-08,5244.75,5276.75,5234.7001953125,5264.25,0,1138.199951171875,82.75,45.51800155639648,22.56999969482422
2010-01-11,5249.39990234375,5287.2001953125,5227.7998046875,5263.7998046875,0,1150.699951171875,82.5199966430664,45.358001708984375,22.68000030517578
2010-01-12,5210.39990234375,5300.5,5200.9501953125,5251.10009765625,0,1128.9000244140625,80.79000091552734,45.61800003051758,23.07999992370605
2010-01-13,5233.9501953125,5239.2001953125,5169.5498046875,5212.60009765625,0,1136.4000244140625,79.6500015258789,45.48799896240234,21.989999771118164
2010-01-14,5259.89990234375,5272.85009765625,5232.5,5234.5,0,1142.5999755859375,79.38999938964844,45.5629997253418,20.979999542236328
2010-01-15,5252.2001953125,5279.85009765625,5242.4501953125,5259.89990234375,0,1130.0999755859375,78.0,45.803001403808594,21.07999992370605
2010-01-18,5274.85009765625,5292.5,5228.9501953125,5253.64990234375,0,1130.0999755859375,78.0,45.63800048828125,21.549999237060547
2010-01-19,5225.64990234375,5287.7998046875,5218.64990234375,5274.2001953125,0,1139.699951171875,79.0199966430664,45.84799957275391,22.34000015258789
2010-01-20,5221.7001953125,5256.7001953125,5201.39990234375,5226.10009765625,0,1112.300048828125,77.62000274658203,46.11800003051758,22.290000915527344
2010-01-21,5094.14990234375,5220.35009765625,5085.4501953125,5220.2001953125,0,1102.699951171875,76.08000183105469,46.108001708984375,23.5
2010-01-22,5036.0,5094.14990234375,4954.85009765625,5094.14990234375,0,1089.199951171875,74.54000091552734,46.22299957275391,24.850000381469727
2010-01-25,5007.89990234375,5035.7001953125,4983.0498046875,5034.5498046875,0,1095.199951171875,75.26000213623047,46.07799911499024,25.81999969482422
2010-01-27,4853.10009765625,5008.5,4833.0498046875,5008.5,0,1084.4000244140625,73.66999816894531,46.31800079345703,28.920000076293945
2010-01-28,4867.25,4929.89990234375,4824.9501953125,4863.0,0,1083.5999755859375,73.63999938964844,46.34799957275391,26.959999084472656
2010-01-29,4882.0498046875,4893.7001953125,4766.0,4866.14990234375,0,1083.0,72.88999938964844,46.09799957275391,26.1299991607666
2010-02-01,4899.7001953125,4918.7998046875,4827.14990234375,4882.0498046875,0,1104.300048828125,74.43000030517578,46.28799819946289,25.61000061035156
2010-02-02,4830.10009765625,4951.14990234375,4814.10009765625,4907.85009765625,0,1117.4000244140625,77.2300033569336,46.09999847412109,26.690000534057617
2010-02-03,4931.85009765625,4949.14990234375,4831.0,4831.0,0,1111.4000244140625,76.9800033569336,45.900001525878906,25.540000915527344
2010-02-04,4845.35009765625,4931.2998046875,4832.35009765625,4931.2998046875,0,1062.4000244140625,73.13999938964844,46.209999084472656,27.06999969482422
2010-02-05,4718.64990234375,4827.0,4692.35009765625,4819.64990234375,0,1052.199951171875,71.19000244140625,46.619998931884766,30.06999969482422
2010-02-08,4760.39990234375,4799.0498046875,4675.39990234375,4755.35009765625,0,1065.699951171875,71.88999938964844,46.709999084472656,30.36000061035156
2010-02-09,4792.64990234375,4810.39990234375,4739.35009765625,4760.5498046875,0,1076.699951171875,73.75,46.38999938964844,29.90999984741211
2010-02-10,4757.2001953125,4826.85009765625,4748.10009765625,4793.0,0,1075.800048828125,74.5199966430664,46.37799835205078,30.549999237060547
2010-02-11,4826.85009765625,4843.7998046875,4757.25,4757.25,0,1094.199951171875,75.27999877929688,46.400001525878906,28.809999465942383
2010-02-15,4801.9501953125,4845.60009765625,4783.89990234375,4827.89990234375,0,1094.199951171875,75.27999877929688,46.3380012512207,29.68000030517578
2010-02-16,4855.75,4880.0,4791.35009765625,4801.7998046875,0,1119.300048828125,77.01000213623047,45.97999954223633,28.729999542236328
2010-02-17,4914.0,4929.7001953125,4857.60009765625,4858.64990234375,0,1119.5,77.33000183105469,46.007999420166016,29.040000915527344
2010-02-18,4887.75,4922.0498046875,4873.7001953125,4915.10009765625,0,1118.0,79.05999755859375,46.13999938964844,29.76000022888184
2010-02-19,4844.89990234375,4887.2998046875,4805.5498046875,4887.2998046875,0,1121.300048828125,79.80999755859375,46.18000030517578,31.899999618530277
2010-02-22,4856.39990234375,4912.0498046875,4845.89990234375,4849.35009765625,0,1112.5999755859375,80.16000366210938,46.09999847412109,32.130001068115234
2010-02-23,4870.0498046875,4884.10009765625,4833.14990234375,4856.60009765625,0,1102.699951171875,78.86000061035156,46.26800155639648,30.989999771118164
2010-02-24,4858.60009765625,4880.5498046875,4834.64990234375,4869.5498046875,0,1096.5,80.0,46.28799819946289,30.399999618530277
2010-02-25,4859.75,4880.14990234375,4835.60009765625,4859.0,0,1107.800048828125,78.16999816894531,46.29999923706055,29.549999237060547
2010-02-26,4922.2998046875,4992.0,4858.4501953125,4858.5,0,1118.300048828125,79.66000366210938,45.900001525878906,24.020000457763672
2010-03-02,5017.0,5029.4501953125,4935.35009765625,4935.60009765625,0,1136.9000244140625,79.68000030517578,46.02799987792969,21.6299991607666
2010-03-03,5088.10009765625,5093.25,5015.10009765625,5015.7998046875,0,1142.699951171875,80.87000274658203,45.54999923706055,20.75
2010-03-04,5080.25,5096.9501953125,5049.0,5096.9501953125,0,1132.5999755859375,80.20999908447266,45.66999816894531,20.979999542236328
2010-03-05,5088.7001953125,5118.64990234375,5068.0498046875,5080.5498046875,0,1134.800048828125,81.5,45.45000076293945,20.739999771118164
2010-03-08,5124.0,5147.10009765625,5092.14990234375,5092.14990234375,0,1123.5999755859375,81.87000274658203,45.400001525878906,20.729999542236328
2010-03-09,5101.5,5131.7998046875,5094.35009765625,5121.0498046875,0,1122.0,81.48999786376953,45.54999923706055,20.799999237060547
2010-03-10,5116.25,5137.39990234375,5092.0498046875,5101.60009765625,0,1107.800048828125,82.08999633789062,45.310001373291016,20.09000015258789
2010-03-11,5133.39990234375,5152.60009765625,5102.10009765625,5116.35009765625,0,1108.0,82.11000061035156,45.45000076293945,20.13999938964844
2010-03-12,5137.0,5158.10009765625,5122.10009765625,5131.7998046875,0,1101.5,81.23999786376953,45.49800109863281,19.729999542236328
2010-03-15,5128.89990234375,5151.0498046875,5101.2001953125,5134.4501953125,0,1105.0999755859375,79.80000305175781,45.55799865722656,20.26000022888184
2010-03-16,5198.10009765625,5209.25,5125.7001953125,5128.9501953125,0,1122.199951171875,81.69999694824219,45.38999938964844,19.59000015258789
2010-03-17,5231.89990234375,5260.5,5177.14990234375,5198.4501953125,0,1124.0,82.93000030517578,45.27999877929688,17.729999542236328
2010-03-18,5245.89990234375,5255.64990234375,5214.39990234375,5232.5498046875,0,1127.4000244140625,82.19999694824219,45.38999938964844,17.969999313354492
2010-03-19,5262.7998046875,5269.9501953125,5237.10009765625,5246.7998046875,0,1107.4000244140625,80.68000030517578,45.25,17.75
2010-03-22,5205.2001953125,5260.9501953125,5187.0498046875,5260.9501953125,0,1099.300048828125,81.25,45.470001220703125,19.959999084472656
2010-03-23,5225.2998046875,5243.60009765625,5193.39990234375,5205.85009765625,0,1103.5,81.91000366210938,45.400001525878906,18.1299991607666
2010-03-25,5260.39990234375,5267.2998046875,5202.9501953125,5225.2998046875,0,1092.699951171875,80.52999877929688,45.48799896240234,17.049999237060547
2010-03-26,5282.0,5293.75,5260.5498046875,5260.5498046875,0,1104.199951171875,80.0,45.11000061035156,17.889999389648438
2010-03-29,5302.85009765625,5329.5498046875,5242.14990234375,5283.89990234375,0,1110.300048828125,82.16999816894531,44.79999923706055,18.729999542236328
2010-03-30,5262.4501953125,5325.0,5251.35009765625,5302.9501953125,0,1104.5,82.37000274658203,44.93999862670898,19.799999237060547
2010-03-31,5249.10009765625,5293.89990234375,5235.14990234375,5260.39990234375,0,1113.300048828125,83.76000213623047,44.79999923706055,19.8700008392334
2010-04-01,5290.5,5298.60009765625,5249.2001953125,5249.2001953125,0,1125.0999755859375,84.87000274658203,44.59999847412109,17.6200008392334
2010-04-05,5368.39990234375,5377.5498046875,5291.39990234375,5291.39990234375,0,1132.9000244140625,86.62000274658203,44.36000061035156,17.170000076293945
2010-04-06,5366.0,5388.64990234375,5351.7001953125,5369.64990234375,0,1135.0999755859375,86.83999633789062,44.34000015258789,17.200000762939453
2010-04-07,5374.64990234375,5399.64990234375,5345.0498046875,5365.7001953125,0,1152.300048828125,85.87999725341797,44.400001525878906,17.31999969482422
2010-04-08,5304.4501953125,5383.64990234375,5290.25,5376.2998046875,0,1152.199951171875,85.38999938964844,44.34000015258789,19.920000076293945
2010-04-09,5361.75,5377.4501953125,5302.25,5302.39990234375,0,1161.0999755859375,84.91999816894531,44.119998931884766,18.440000534057617
2010-04-12,5339.7001953125,5382.14990234375,5324.89990234375,5354.14990234375,0,1161.5999755859375,84.33999633789062,44.34000015258789,20.049999237060547
2010-04-13,5322.9501953125,5356.5,5301.7001953125,5340.85009765625,0,1152.800048828125,84.05000305175781,44.57799911499024,20.13999938964844
2010-04-15,5273.60009765625,5373.14990234375,5265.2998046875,5323.2998046875,0,1159.699951171875,85.51000213623047,44.290000915527344,21.57999992370605
2010-04-16,5262.60009765625,5283.0498046875,5237.5498046875,5273.39990234375,0,1136.300048828125,83.23999786376953,44.31800079345703,21.780000686645508
2010-04-19,5203.64990234375,5279.0498046875,5160.89990234375,5279.0498046875,0,1135.199951171875,81.44999694824219,44.72800064086914,22.65999984741211
2010-04-20,5230.10009765625,5257.25,5208.2998046875,5208.2998046875,0,1138.5999755859375,83.44999694824219,44.38999938964844,20.8700008392334
2010-04-21,5244.89990234375,5266.2998046875,5230.2998046875,5230.2998046875,0,1148.199951171875,83.68000030517578,44.400001525878906,19.229999542236328
2010-04-22,5269.35009765625,5331.7998046875,5221.10009765625,5248.60009765625,0,1142.300048828125,83.69999694824219,44.43999862670898,20.530000686645508
2010-04-23,5304.10009765625,5311.0498046875,5269.64990234375,5269.64990234375,0,1153.0999755859375,85.12000274658203,44.290000915527344,20.209999084472656
2010-04-26,5322.4501953125,5342.35009765625,5299.35009765625,5299.35009765625,0,1153.5,84.19999694824219,44.25,19.790000915527344
2010-04-27,5308.35009765625,5330.5498046875,5301.39990234375,5322.10009765625,0,1161.699951171875,82.44000244140625,44.45000076293945,19.81999969482422
2010-04-28,5215.4501953125,5308.25,5202.4501953125,5308.2001953125,0,1171.300048828125,83.22000122070312,44.5,22.729999542236328
2010-04-29,5254.14990234375,5264.75,5214.7998046875,5215.25,0,1168.4000244140625,85.16999816894531,44.45000076293945,21.190000534057617
2010-04-30,5278.0,5294.7998046875,5254.2001953125,5254.2001953125,0,1180.0999755859375,86.1500015258789,44.25,20.350000381469727
2010-05-03,5222.75,5278.7001953125,5210.0498046875,5278.39990234375,0,1182.699951171875,86.19000244140625,44.400001525878906,22.13999938964844
2010-05-04,5148.5,5250.14990234375,5134.85009765625,5223.89990234375,0,1168.5999755859375,82.73999786376953,44.54999923706055,23.299999237060547
2010-05-05,5124.89990234375,5148.35009765625,5056.5,5148.35009765625,0,1174.5999755859375,79.97000122070312,44.84999847412109,23.690000534057617
2010-05-06,5090.85009765625,5124.89990234375,5037.75,5124.39990234375,0,1196.9000244140625,77.11000061035156,45.459999084472656,24.36000061035156
2010-05-07,5018.0498046875,5085.64990234375,4984.60009765625,5072.2998046875,0,1210.0,75.11000061035156,45.417999267578125,27.399999618530277
2010-05-10,5193.60009765625,5203.2998046875,5026.60009765625,5026.60009765625,0,1200.4000244140625,76.80000305175781,44.76300048828125,24.13999938964844
2010-05-11,5136.14990234375,5206.7001953125,5126.5,5189.75,0,1219.9000244140625,76.37000274658203,44.9900016784668,25.809999465942383
2010-05-12,5156.64990234375,5172.85009765625,5098.7998046875,5133.75,0,1242.699951171875,75.6500015258789,44.95000076293945,25.81999969482422
2010-05-13,5178.89990234375,5212.7001953125,5147.9501953125,5157.5498046875,0,1228.800048828125,74.4000015258789,44.93999862670898,24.86000061035156
2010-05-14,5093.5,5192.75,5070.9501953125,5180.5498046875,0,1227.4000244140625,71.61000061035156,45.25,26.530000686645508
2010-05-17,5059.89990234375,5094.5498046875,4966.25,5093.89990234375,0,1227.699951171875,70.08000183105469,45.52799987792969,27.170000076293945
2010-05-18,5066.2001953125,5105.2001953125,5024.25,5059.5498046875,0,1214.300048828125,69.41000366210938,45.560001373291016,26.540000915527344
2010-05-19,4919.64990234375,5065.10009765625,4908.14990234375,5065.10009765625,0,1192.5999755859375,69.87000274658203,46.27299880981445,32.040000915527344
2010-05-20,4947.60009765625,4980.25,4924.2998046875,4924.2998046875,0,1187.800048828125,68.01000213623047,46.7400016784668,31.040000915527344
2010-05-21,4931.14990234375,4946.7001953125,4842.2998046875,4946.7001953125,0,1175.699951171875,70.04000091552734,46.917999267578125,32.2599983215332
2010-05-24,4943.9501953125,5029.5498046875,4923.4501953125,4944.2998046875,0,1193.800048828125,70.20999908447266,46.810001373291016,31.299999237060547
2010-05-25,4806.75,4946.60009765625,4786.4501953125,4945.2998046875,0,1197.800048828125,68.75,47.47999954223633,34.52000045776367
2010-05-26,4917.39990234375,4925.4501953125,4807.2998046875,4807.2998046875,0,1213.300048828125,71.51000213623047,47.09999847412109,32.150001525878906
2010-05-27,5003.10009765625,5016.60009765625,4897.60009765625,4915.14990234375,0,1211.9000244140625,74.55000305175781,46.720001220703125,29.01000022888184
2010-05-28,5066.5498046875,5077.25,5005.60009765625,5005.60009765625,0,1212.199951171875,73.97000122070312,46.29999923706055,26.43000030517578
2010-05-31,5086.2998046875,5097.60009765625,5038.5498046875,5076.10009765625,0,1212.199951171875,73.97000122070312,46.358001708984375,26.43000030517578
2010-06-01,4970.2001953125,5086.9501953125,4961.0498046875,5086.25,0,1224.800048828125,72.58000183105469,47.08300018310547,29.07999992370605
2010-06-02,5019.85009765625,5031.2001953125,4967.0498046875,4970.75,0,1220.5999755859375,72.86000061035156,46.79999923706055,27.76000022888184
2010-06-03,5110.5,5125.7001953125,5020.14990234375,5020.14990234375,0,1208.300048828125,74.61000061035156,46.5,25.290000915527344
2010-06-04,5135.5,5147.89990234375,5091.60009765625,5112.60009765625,0,1216.199951171875,71.51000213623047,46.86000061035156,24.71999931335449
2010-06-07,5034.0,5132.9501953125,5004.25,5132.9501953125,0,1239.300048828125,71.44000244140625,46.790000915527344,27.989999771118164
2010-06-08,4987.10009765625,5071.35009765625,4967.2998046875,5036.7001953125,0,1244.0,71.98999786376953,46.83000183105469,28.770000457763672
2010-06-09,5000.2998046875,5050.60009765625,4980.10009765625,4985.0498046875,0,1228.5,74.37999725341797,46.810001373291016,28.15999984741211
2010-06-10,5078.60009765625,5085.2001953125,4997.60009765625,4999.60009765625,0,1220.800048828125,75.4800033569336,46.75,26.5
2010-06-11,5119.35009765625,5139.0498046875,5078.75,5078.75,0,1228.9000244140625,73.77999877929688,46.75,25.100000381469727
2010-06-14,5197.7001953125,5201.25,5120.14990234375,5120.14990234375,0,1223.300048828125,75.12000274658203,46.400001525878906,22.950000762939453
2010-06-15,5222.35009765625,5231.4501953125,5171.0498046875,5201.2998046875,0,1233.199951171875,76.94000244140625,46.400001525878906,21.979999542236328
2010-06-16,5233.35009765625,5255.64990234375,5214.89990234375,5225.0498046875,0,1229.300048828125,77.66999816894531,46.40999984741211,22.670000076293945
2010-06-17,5274.85009765625,5285.5498046875,5206.5498046875,5233.64990234375,0,1247.5,76.79000091552734,46.09000015258789,20.850000381469727
2010-06-18,5262.60009765625,5302.2998046875,5245.5,5274.9501953125,0,1257.199951171875,77.18000030517578,46.0099983215332,19.959999084472656
2010-06-21,5353.2998046875,5366.75,5266.5,5266.5,0,1239.699951171875,77.81999969482422,45.65999984741211,19.40999984741211
2010-06-22,5316.5498046875,5354.35009765625,5311.0498046875,5353.9501953125,0,1239.9000244140625,77.20999908447266,46.02000045776367,20.63999938964844
2010-06-23,5323.14990234375,5333.2998046875,5288.14990234375,5316.14990234375,0,1234.0999755859375,76.3499984741211,46.150001525878906,20.34000015258789
2010-06-24,5320.60009765625,5348.2998046875,5284.5498046875,5323.25,0,1245.5,76.51000213623047,46.2599983215332,20.06999969482422
2010-06-25,5269.0498046875,5320.5,5259.89990234375,5320.5,0,1255.800048828125,78.86000061035156,46.150001525878906,20.0
2010-06-28,5333.5,5339.4501953125,5270.75,5271.10009765625,0,1238.199951171875,78.25,46.09999847412109,19.549999237060547
2010-06-29,5256.14990234375,5334.14990234375,5235.7998046875,5333.5498046875,0,1242.0,75.94000244140625,46.40999984741211,20.63999938964844
2010-06-30,5312.5,5320.35009765625,5210.0,5254.25,0,1245.5,75.62999725341797,46.400001525878906,20.06999969482422
2010-07-01,5251.39990234375,5312.5498046875,5232.10009765625,5312.0498046875,0,1206.300048828125,72.94999694824219,46.40999984741211,21.440000534057617
2010-07-02,5237.10009765625,5277.25,5225.60009765625,5251.25,0,1207.4000244140625,72.13999938964844,46.560001373291016,21.899999618530277
2010-07-05,5235.89990234375,5252.75,5225.85009765625,5237.0,0,1207.4000244140625,72.13999938964844,46.72800064086914,21.989999771118164
2010-07-06,5289.0498046875,5297.4501953125,5231.5,5236.10009765625,0,1194.800048828125,71.9800033569336,46.59999847412109,20.899999618530277
2010-07-07,5241.10009765625,5296.75,5233.4501953125,5293.10009765625,0,1198.5999755859375,74.06999969482422,46.95000076293945,22.11000061035156
2010-07-08,5296.85009765625,5320.5,5242.0,5242.0,0,1195.800048828125,75.44000244140625,46.650001525878906,21.1200008392334
2010-07-09,5352.4501953125,5359.0498046875,5297.2001953125,5297.2001953125,0,1209.5999755859375,76.08999633789062,46.52000045776367,20.209999084472656
2010-07-12,5383.0,5402.7001953125,5351.60009765625,5352.25,0,1198.5,74.94999694824219,46.65999984741211,19.90999984741211
2010-07-13,5400.64990234375,5406.2001953125,5357.85009765625,5370.2001953125,0,1213.300048828125,77.1500015258789,46.40999984741211,19.11000061035156
2010-07-14,5386.14990234375,5453.4501953125,5371.7001953125,5402.0,0,1206.800048828125,77.04000091552734,46.59999847412109,20.06999969482422
2010-07-15,5378.75,5399.2001953125,5360.60009765625,5387.10009765625,0,1208.0999755859375,76.62000274658203,46.45000076293945,20.18000030517578
2010-07-16,5393.89990234375,5401.35009765625,5374.39990234375,5376.64990234375,0,1188.0,76.01000213623047,46.70000076293945,19.700000762939453
2010-07-19,5386.4501953125,5409.10009765625,5361.5,5392.7001953125,0,1181.699951171875,76.54000091552734,46.09000015258789,20.709999084472656
2010-07-20,5368.0,5416.4501953125,5353.60009765625,5387.0,0,1191.5,77.44000244140625,47.25,20.3799991607666
2010-07-21,5399.35009765625,5409.10009765625,5368.85009765625,5368.85009765625,0,1191.5999755859375,76.55999755859375,47.06999969482422,20.0
2010-07-22,5441.9501953125,5447.14990234375,5372.2001953125,5399.14990234375,0,1195.5,79.30000305175781,47.040000915527344,18.899999618530277
2010-07-23,5449.10009765625,5477.5,5435.14990234375,5441.89990234375,0,1187.699951171875,78.9800033569336,46.88999938964844,19.239999771118164
2010-07-26,5418.60009765625,5466.25,5409.2001953125,5446.5498046875,0,1183.0,78.9800033569336,47.042999267578125,19.96999931335449
2010-07-27,5430.60009765625,5450.9501953125,5407.2001953125,5420.2001953125,0,1158.0,77.5,46.64799880981445,19.21999931335449
2010-07-28,5397.5498046875,5447.85009765625,5386.25,5436.10009765625,0,1160.4000244140625,76.98999786376953,46.68999862670898,19.520000457763672
2010-07-29,5408.89990234375,5415.85009765625,5381.5498046875,5397.85009765625,0,1168.4000244140625,78.36000061035156,46.459999084472656,18.32999992370605
2010-07-30,5367.60009765625,5413.25,5349.2001953125,5408.39990234375,0,1181.699951171875,78.94999694824219,46.36000061035156,18.940000534057617
2010-08-02,5431.64990234375,5438.85009765625,5351.2998046875,5369.5498046875,0,1183.4000244140625,81.33999633789062,46.0880012512207,17.989999771118164
2010-08-03,5439.5498046875,5459.2001953125,5426.39990234375,5432.5,0,1185.199951171875,82.55000305175781,46.12799835205078,17.549999237060547
2010-08-04,5467.85009765625,5481.89990234375,5428.39990234375,5441.35009765625,0,1193.699951171875,82.47000122070312,46.12799835205078,17.040000915527344
2010-08-05,5447.10009765625,5487.14990234375,5443.10009765625,5470.14990234375,0,1197.199951171875,82.01000213623047,46.0,17.709999084472656
2010-08-06,5439.25,5471.89990234375,5431.35009765625,5448.25,0,1203.4000244140625,80.69999694824219,46.055999755859375,17.3700008392334
2010-08-09,5486.14990234375,5492.2998046875,5433.25,5439.7998046875,0,1200.699951171875,81.4800033569336,45.95800018310547,17.0
2010-08-10,5460.7001953125,5491.4501953125,5445.35009765625,5486.7998046875,0,1196.199951171875,80.25,46.07799911499024,17.329999923706055
2010-08-11,5420.60009765625,5474.60009765625,5412.0,5460.7001953125,0,1197.5,78.0199966430664,46.310001373291016,18.11000061035156
2010-08-12,5416.4501953125,5431.10009765625,5372.4501953125,5418.7001953125,0,1214.800048828125,75.73999786376953,46.59000015258789,18.0
2010-08-13,5452.10009765625,5476.5,5415.5,5420.64990234375,0,1214.9000244140625,75.38999938964844,46.709999084472656,16.739999771118164
2010-08-16,5418.2998046875,5465.25,5397.39990234375,5452.10009765625,0,1224.5,75.23999786376953,46.62799835205078,18.11000061035156
2010-08-17,5414.14990234375,5443.5498046875,5408.7998046875,5422.14990234375,0,1226.5999755859375,75.7699966430664,46.68299865722656,17.6299991607666
2010-08-18,5479.14990234375,5487.9501953125,5416.25,5416.25,0,1229.699951171875,75.41999816894531,46.608001708984375,16.399999618530273
2010-08-19,5540.2001953125,5544.7001953125,5478.10009765625,5478.25,0,1233.800048828125,74.43000030517578,46.53799819946289,16.530000686645508
2010-08-20,5530.64990234375,5546.60009765625,5513.35009765625,5540.7998046875,0,1227.199951171875,73.45999908447266,46.358001708984375,16.700000762939453
2010-08-23,5543.5,5549.7998046875,5519.39990234375,5531.14990234375,0,1226.9000244140625,73.0999984741211,46.608001708984375,17.139999389648438
2010-08-24,5505.10009765625,5547.25,5488.4501953125,5541.10009765625,0,1231.800048828125,71.62999725341797,46.5629997253418,16.989999771118164
2010-08-25,5462.35009765625,5506.14990234375,5452.5498046875,5505.2998046875,0,1239.5,72.5199966430664,46.858001708984375,18.920000076293945
2010-08-26,5477.89990234375,5486.5498046875,5454.7001953125,5462.10009765625,0,1235.4000244140625,73.36000061035156,46.87300109863281,17.09000015258789
2010-08-27,5408.7001953125,5495.2001953125,5391.9501953125,5489.60009765625,0,1236.0,75.16999816894531,46.78799819946289,19.6299991607666
2010-08-30,5415.4501953125,5469.0,5390.35009765625,5408.89990234375,0,1237.0999755859375,74.69999694824219,46.803001403808594,18.36000061035156
2010-08-31,5402.39990234375,5413.89990234375,5348.89990234375,5413.5498046875,0,1248.300048828125,71.91999816894531,46.87300109863281,18.46999931335449
2010-09-01,5471.85009765625,5478.60009765625,5403.0498046875,5403.0498046875,0,1246.300048828125,73.91000366210938,47.02799987792969,16.700000762939453
2010-09-02,5486.14990234375,5513.9501953125,5471.85009765625,5471.89990234375,0,1251.5,75.0199966430664,46.650001525878906,16.149999618530273
2010-09-03,5479.39990234375,5510.39990234375,5473.64990234375,5486.2998046875,0,1249.199951171875,74.5999984741211,46.59999847412109,15.859999656677246
2010-09-06,5576.9501953125,5589.39990234375,5479.5498046875,5479.5498046875,0,1249.199951171875,74.5999984741211,46.57799911499024,15.220000267028809
2010-09-07,5604.0,5625.5,5571.64990234375,5575.89990234375,0,1257.300048828125,74.08999633789062,46.51300048828125,15.829999923706056
2010-09-08,5607.85009765625,5625.2998046875,5567.75,5604.25,0,1255.5999755859375,74.66999816894531,46.65999984741211,15.970000267028809
2010-09-09,5640.0498046875,5647.4501953125,5608.10009765625,5608.2998046875,0,1248.9000244140625,74.25,46.51800155639648,15.920000076293944
2010-09-13,5760.0,5770.60009765625,5639.2001953125,5639.2001953125,0,1245.0999755859375,77.19000244140625,46.28300094604492,18.13999938964844
2010-09-14,5795.5498046875,5838.4501953125,5760.2998046875,5760.2998046875,0,1269.699951171875,76.80000305175781,46.22999954223633,18.600000381469727
2010-09-15,5860.9501953125,5869.4501953125,5792.2001953125,5795.25,0,1266.699951171875,76.0199966430664,46.13999938964844,19.43000030517578
2010-09-16,5828.7001953125,5901.64990234375,5815.7998046875,5861.10009765625,0,1271.9000244140625,74.56999969482422,46.20000076293945,18.850000381469727
2010-09-17,5884.9501953125,5898.39990234375,5828.7001953125,5828.7001953125,0,1275.5999755859375,73.66000366210938,46.09999847412109,19.489999771118164
2010-09-20,5980.4501953125,5989.5,5885.0498046875,5885.0498046875,0,1279.0,74.86000061035156,45.87799835205078,21.950000762939453
2010-09-21,6009.0498046875,6032.7998046875,5961.85009765625,5980.5,0,1272.4000244140625,73.5199966430664,45.619998931884766,22.6299991607666
2010-09-22,5991.0,6037.39990234375,5946.4501953125,6008.39990234375,0,1290.199951171875,74.70999908447266,45.58000183105469,24.290000915527344
2010-09-23,5959.5498046875,6006.7998046875,5932.39990234375,5991.0498046875,0,1294.300048828125,75.18000030517578,45.55799865722656,23.899999618530277
2010-09-24,6018.2998046875,6029.10009765625,5951.2001953125,5959.4501953125,0,1296.0,76.48999786376953,45.45000076293945,21.709999084472656
2010-09-27,6035.64990234375,6073.5,6018.2998046875,6018.2998046875,0,1296.699951171875,76.5199966430664,45.2400016784668,22.36000061035156
2010-09-28,6029.5,6049.7998046875,5991.2998046875,6036.0498046875,0,1306.5999755859375,76.18000030517578,44.93000030517578,21.209999084472656
2010-09-29,5991.2998046875,6071.5498046875,5979.64990234375,6029.14990234375,0,1308.5,77.86000061035156,45.04999923706055,22.15999984741211
2010-09-30,6029.9501953125,6048.4501953125,5963.60009765625,5991.35009765625,0,1307.800048828125,79.97000122070312,44.68999862670898,22.25
2010-10-01,6143.39990234375,6153.10009765625,6030.2998046875,6030.2998046875,0,1316.0999755859375,81.58000183105469,44.5629997253418,21.43000030517578
2010-10-04,6159.4501953125,6222.10009765625,6144.7001953125,6144.7001953125,0,1315.4000244140625,81.47000122070312,44.41299819946289,22.799999237060547
2010-10-05,6145.7998046875,6188.35009765625,6118.0498046875,6159.4501953125,0,1338.9000244140625,82.81999969482422,44.45000076293945,22.170000076293945
2010-10-06,6186.4501953125,6223.39990234375,6148.60009765625,6150.9501953125,0,1346.4000244140625,83.2300033569336,44.400001525878906,21.729999542236328
2010-10-07,6120.2998046875,6199.4501953125,6107.5,6186.85009765625,0,1333.9000244140625,81.66999816894531,44.18999862670898,22.450000762939453
2010-10-08,6103.4501953125,6148.60009765625,6067.0,6121.39990234375,0,1344.199951171875,82.66000366210938,44.20000076293945,21.399999618530277
2010-10-11,6135.85009765625,6187.75,6105.9501953125,6105.9501953125,0,1353.300048828125,82.20999908447266,44.40800094604492,21.200000762939453
2010-10-12,6090.89990234375,6144.9501953125,6057.9501953125,6135.9501953125,0,1345.699951171875,81.66999816894531,44.36000061035156,20.51000022888184
2010-10-13,6233.89990234375,6240.25,6089.75,6091.4501953125,0,1369.5,83.01000213623047,44.5,20.020000457763672
2010-10-14,6177.35009765625,6284.10009765625,6157.89990234375,6234.2998046875,0,1376.699951171875,82.69000244140625,44.34000015258789,20.600000381469727
2010-10-15,6062.64990234375,6200.60009765625,6050.35009765625,6175.89990234375,0,1371.0999755859375,81.25,44.06800079345703,22.649999618530277
2010-10-18,6075.9501953125,6115.10009765625,5985.10009765625,6112.75,0,1371.199951171875,83.08000183105469,44.15800094604492,22.350000381469727
2010-10-19,6027.2998046875,6127.0498046875,6008.14990234375,6114.4501953125,0,1335.0999755859375,79.48999786376953,44.16999816894531,23.229999542236328
2010-10-20,5982.10009765625,6038.10009765625,5966.75,6002.9501953125,0,1343.300048828125,81.7699966430664,44.33000183105469,23.799999237060547
2010-10-21,6101.5,6113.5,5984.89990234375,6008.89990234375,0,1324.699951171875,80.55999755859375,44.20000076293945,22.190000534057617
2010-10-22,6066.0498046875,6121.10009765625,6041.35009765625,6113.39990234375,0,1324.4000244140625,81.69000244140625,44.20000076293945,21.61000061035156
2010-10-25,6105.7998046875,6151.2998046875,6094.60009765625,6101.25,0,1338.300048828125,82.5199966430664,44.52799987792969,21.36000061035156
2010-10-26,6082.0,6120.25,6074.64990234375,6116.2998046875,0,1338.0,82.55000305175781,44.25,20.549999237060547
2010-10-27,6012.64990234375,6075.9501953125,5987.5498046875,6075.4501953125,0,1322.199951171875,81.94000244140625,44.400001525878906,21.020000457763672
2010-10-28,5987.7001953125,6071.10009765625,5968.10009765625,6039.9501953125,0,1342.0999755859375,82.18000030517578,44.41999816894531,20.520000457763672
2010-10-29,6017.7001953125,6032.64990234375,5937.10009765625,6021.14990234375,0,1357.0999755859375,81.43000030517578,44.41999816894531,20.76000022888184
2010-11-01,6117.5498046875,6132.39990234375,6084.75,6092.2998046875,0,1350.199951171875,82.94999694824219,44.448001861572266,20.920000076293945
2010-11-02,6119.0,6138.10009765625,6094.39990234375,6127.5498046875,0,1356.4000244140625,83.9000015258789,44.34000015258789,21.25
2010-11-03,6160.5,6182.5,6146.7998046875,6150.60009765625,0,1337.0999755859375,84.69000244140625,44.20000076293945,21.530000686645508
2010-11-04,6281.7998046875,6290.14990234375,6199.35009765625,6209.60009765625,0,1382.699951171875,86.48999786376953,44.25,19.36000061035156
2010-11-08,6273.2001953125,6335.89990234375,6265.35009765625,6335.25,0,1402.800048828125,87.05999755859375,43.900001525878906,19.61000061035156
2010-11-09,6301.5498046875,6310.89990234375,6243.5498046875,6281.0,0,1409.800048828125,86.72000122070312,44.29999923706055,18.75
2010-11-10,6275.7001953125,6307.64990234375,6269.25,6303.2001953125,0,1399.0999755859375,87.80999755859375,44.18999862670898,19.07999992370605
2010-11-11,6194.25,6296.5498046875,6179.5,6286.35009765625,0,1403.0999755859375,87.80999755859375,44.2599983215332,19.36000061035156
2010-11-12,6071.64990234375,6202.5,6056.75,6182.2998046875,0,1365.4000244140625,84.87999725341797,44.2400016784668,21.6299991607666
2010-11-15,6121.60009765625,6128.75,6039.39990234375,6079.89990234375,0,1368.4000244140625,84.86000061035156,44.77799987792969,20.25
2010-11-16,5988.7001953125,6144.0498046875,5970.60009765625,6143.4501953125,0,1338.300048828125,82.33999633789062,45.11000061035156,21.1299991607666
2010-11-18,5998.7998046875,6076.2001953125,5906.75,6075.9501953125,0,1352.9000244140625,81.8499984741211,45.108001708984375,20.6200008392334
2010-11-19,5890.2998046875,6013.25,5863.9501953125,6011.2998046875,0,1352.199951171875,81.51000213623047,45.150001525878906,21.600000381469727
2010-11-22,6010.0,6020.25,5905.14990234375,5920.89990234375,0,1357.699951171875,81.73999786376953,45.26300048828125,19.93000030517578
2010-11-23,5934.75,5973.35009765625,5824.9501953125,5971.5498046875,0,1377.5,81.25,45.29999923706055,23.26000022888184
2010-11-24,5865.75,5976.64990234375,5833.60009765625,5946.7998046875,0,1372.9000244140625,83.86000061035156,45.540000915527344,24.68000030517578
2010-11-25,5799.75,5907.10009765625,5780.35009765625,5883.9501953125,0,1372.9000244140625,83.86000061035156,45.5099983215332,21.6299991607666
2010-11-26,5751.9501953125,5838.5,5690.35009765625,5828.5498046875,0,1362.300048828125,83.76000213623047,45.55799865722656,22.57999992370605
2010-11-29,5830.0,5843.14990234375,5754.7001953125,5789.9501953125,0,1366.0,85.7300033569336,45.709999084472656,21.309999465942383
2010-11-30,5862.7001953125,5892.25,5768.35009765625,5811.60009765625,0,1385.0,84.11000061035156,45.79999923706055,20.709999084472656
2010-12-01,5960.89990234375,5971.0,5865.5498046875,5871.0,0,1387.300048828125,86.75,45.77000045776367,19.200000762939453
2010-12-02,6011.7001953125,6029.5,5980.60009765625,6023.0498046875,0,1388.5,88.0,45.22999954223633,18.799999237060547
2010-12-03,5992.7998046875,6025.39990234375,5964.25,6013.35009765625,0,1405.4000244140625,89.19000244140625,45.130001068115234,18.600000381469727
2010-12-06,5992.25,6069.4501953125,5981.7001953125,6033.64990234375,0,1415.300048828125,89.37999725341797,44.91299819946289,19.3700008392334
2010-12-07,5976.5498046875,6001.0,5939.7001953125,5995.0498046875,0,1408.300048828125,88.69000244140625,44.810001373291016,19.239999771118164
2010-12-08,5903.7001953125,5960.0,5878.60009765625,5954.39990234375,0,1382.5,88.27999877929688,44.5,20.43000030517578
2010-12-09,5766.5,5927.2998046875,5742.2998046875,5924.25,0,1392.0999755859375,88.37000274658203,45.0,22.600000381469727
2010-12-10,5857.35009765625,5865.5,5721.14990234375,5761.0,0,1384.300048828125,87.79000091552734,45.04999923706055,21.6299991607666
2010-12-13,5907.64990234375,5913.7998046875,5795.89990234375,5882.64990234375,0,1397.300048828125,88.61000061035156,44.95000076293945,22.56999969482422
2010-12-14,5944.10009765625,5953.9501953125,5888.75,5928.7001953125,0,1403.5999755859375,88.27999877929688,44.90999984741211,21.459999084472656
2010-12-15,5892.2998046875,5942.75,5865.7998046875,5931.14990234375,0,1385.5,88.62000274658203,44.90999984741211,21.420000076293945
2010-12-16,5948.75,5956.14990234375,5855.0498046875,5910.5498046875,0,1370.4000244140625,87.69999694824219,45.25,20.239999771118164
2010-12-20,5947.0498046875,5985.0,5900.25,5926.85009765625,0,1385.5,88.80999755859375,45.167999267578125,20.780000686645508
2010-12-21,6000.64990234375,6007.4501953125,5960.0498046875,5960.39990234375,0,1388.199951171875,89.81999969482422,45.2599983215332,19.770000457763672
2010-12-22,5984.39990234375,6023.7998046875,5958.0,6019.0,0,1386.800048828125,90.4800033569336,45.18000030517578,19.559999465942383
2010-12-23,5980.0,6006.4501953125,5964.60009765625,6005.89990234375,0,1380.0,91.51000213623048,44.95000076293945,19.030000686645508
2010-12-24,6011.60009765625,6017.35009765625,5940.25,5940.25,0,1380.0,91.51000213623048,45.060001373291016,17.649999618530273
2010-12-27,5998.10009765625,6045.75,5991.10009765625,6013.2998046875,0,1382.4000244140625,91.0,45.0099983215332,18.450000762939453
2010-12-28,5996.0,6010.89990234375,5982.25,6005.35009765625,0,1405.199951171875,91.48999786376952,45.09999847412109,18.1299991607666
2010-12-29,6060.35009765625,6067.5498046875,6002.85009765625,6005.14990234375,0,1413.0999755859375,91.12000274658205,44.95000076293945,17.1299991607666
2010-12-30,6101.85009765625,6106.39990234375,6062.35009765625,6062.35009765625,0,1405.5999755859375,89.83999633789062,44.91999816894531,17.020000457763672
2010-12-31,6134.5,6147.2998046875,6103.5498046875,6105.10009765625,0,1421.0999755859375,91.37999725341795,44.810001373291016,16.559999465942383
2011-01-03,6157.60009765625,6178.5498046875,6147.2001953125,6177.4501953125,0,1422.5999755859375,91.5500030517578,44.81800079345703,16.989999771118164
2011-01-04,6146.35009765625,6181.0498046875,6124.39990234375,6172.75,0,1378.5,89.37999725341797,44.61000061035156,17.030000686645508
2011-01-05,6079.7998046875,6141.35009765625,6062.35009765625,6141.35009765625,0,1373.4000244140625,90.3000030517578,44.900001525878906,17.8799991607666
2011-01-06,6048.25,6116.14990234375,6022.2998046875,6107.0,0,1371.4000244140625,88.37999725341797,45.209999084472656,18.200000762939453
2011-01-07,5904.60009765625,6051.2001953125,5883.60009765625,6030.89990234375,0,1368.5,88.02999877929688,45.18000030517578,20.81999969482422
2011-01-10,5762.85009765625,5907.25,5740.9501953125,5901.2998046875,0,1373.699951171875,89.25,45.358001708984375,23.15999984741211
2011-01-11,5754.10009765625,5842.60009765625,5698.2001953125,5767.9501953125,0,1384.0,91.11000061035156,45.310001373291016,22.32999992370605
2011-01-12,5863.25,5874.2001953125,5711.2998046875,5800.0498046875,0,1385.699951171875,91.86000061035156,45.09799957275391,21.40999984741211
2011-01-13,5751.89990234375,5857.75,5736.7001953125,5850.75,0,1386.9000244140625,91.4000015258789,44.90999984741211,23.149999618530277
2011-01-14,5654.5498046875,5833.64990234375,5639.64990234375,5752.10009765625,0,1360.4000244140625,91.54000091552734,44.959999084472656,23.809999465942383
2011-01-17,5654.75,5696.14990234375,5624.14990234375,5648.7998046875,0,1360.4000244140625,91.54000091552734,45.417999267578125,23.56999969482422
2011-01-18,5724.0498046875,5730.5,5671.25,5682.5498046875,0,1368.0999755859375,91.37999725341795,45.43999862670898,21.459999084472656
2011-01-19,5691.0498046875,5747.64990234375,5662.5498046875,5737.35009765625,0,1370.199951171875,90.86000061035156,45.31999969482422,21.09000015258789
2011-01-20,5711.60009765625,5729.4501953125,5634.5,5656.0,0,1346.5,88.86000061035156,45.29999923706055,21.01000022888184
2011-01-21,5696.5,5717.5498046875,5674.5,5692.0498046875,0,1341.0,89.11000061035156,45.77799987792969,21.030000686645508
2011-01-24,5743.25,5756.0,5697.75,5717.10009765625,0,1344.5,87.87000274658203,45.5880012512207,20.170000076293945
2011-01-25,5687.39990234375,5801.5498046875,5680.64990234375,5763.2998046875,0,1332.300048828125,86.19000244140625,45.45000076293945,20.780000686645508
2011-01-27,5604.2998046875,5726.10009765625,5594.9501953125,5725.2998046875,0,1318.4000244140625,85.63999938964844,45.45000076293945,22.09000015258789
2011-01-28,5512.14990234375,5614.39990234375,5459.5498046875,5614.0,0,1340.699951171875,89.33999633789062,45.6879997253418,22.57999992370605
2011-01-31,5505.89990234375,5526.85009765625,5416.64990234375,5452.5498046875,0,1333.800048828125,92.19000244140624,45.8380012512207,23.40999984741211
2011-02-01,5417.2001953125,5539.14990234375,5402.0,5537.2998046875,0,1339.5999755859375,90.7699966430664,45.79999923706055,23.729999542236328
2011-02-02,5432.0,5490.60009765625,5415.64990234375,5469.5498046875,0,1331.5,90.86000061035156,45.40999984741211,23.520000457763672
2011-02-03,5526.75,5532.64990234375,5418.0,5430.4501953125,0,1352.300048828125,90.54000091552734,45.45000076293945,22.690000534057617
2011-02-04,5395.75,5556.2998046875,5369.0498046875,5519.89990234375,0,1348.300048828125,89.02999877929688,45.560001373291016,24.40999984741211
2011-02-07,5396.0,5440.35009765625,5376.9501953125,5430.14990234375,0,1347.5999755859375,87.4800033569336,45.608001708984375,24.690000534057617
2011-02-08,5312.5498046875,5432.35009765625,5303.39990234375,5432.35009765625,0,1363.4000244140625,86.94000244140625,45.310001373291016,24.739999771118164
2011-02-09,5253.5498046875,5339.4501953125,5225.64990234375,5293.0498046875,0,1364.800048828125,86.70999908447266,45.150001525878906,25.239999771118164
2011-02-10,5225.7998046875,5272.60009765625,5196.7998046875,5246.0498046875,0,1361.9000244140625,86.7300033569336,45.34999847412109,24.81999969482422
2011-02-11,5310.0,5319.4501953125,5177.7001953125,5219.64990234375,0,1359.9000244140625,85.58000183105469,45.630001068115234,23.46999931335449
2011-02-14,5456.0,5463.7998046875,5340.25,5340.25,0,1364.5999755859375,84.80999755859375,45.608001708984375,22.57999992370605
2011-02-15,5481.0,5506.5,5408.35009765625,5467.75,0,1373.5999755859375,84.31999969482422,45.34999847412109,22.850000381469727
2011-02-16,5481.7001953125,5504.7998046875,5460.35009765625,5467.60009765625,0,1374.699951171875,84.98999786376953,45.40999984741211,23.049999237060547
2011-02-17,5546.4501953125,5553.0,5463.39990234375,5501.7001953125,0,1384.699951171875,86.36000061035156,45.310001373291016,22.56999969482422
2011-02-18,5458.9501953125,5599.25,5441.9501953125,5557.5498046875,0,1388.199951171875,86.19999694824219,45.209999084472656,24.18000030517578
2011-02-21,5518.60009765625,5526.25,5413.10009765625,5456.60009765625,0,1388.199951171875,86.19999694824219,45.108001708984375,24.90999984741211
2011-02-22,5469.2001953125,5519.4501953125,5437.2998046875,5504.39990234375,0,1400.5,93.56999969482422,44.917999267578125,26.850000381469727
2011-02-23,5437.35009765625,5495.2001953125,5427.5498046875,5452.4501953125,0,1413.4000244140625,98.0999984741211,45.150001525878906,26.549999237060547
2011-02-24,5262.7001953125,5423.39990234375,5242.5,5408.75,0,1415.300048828125,97.27999877929688,45.04999923706055,28.200000762939453
2011-02-25,5303.5498046875,5338.2001953125,5232.75,5321.0498046875,0,1408.699951171875,97.87999725341795,45.400001525878906,27.270000457763672
2011-02-28,5333.25,5477.0,5308.60009765625,5330.14990234375,0,1409.300048828125,96.97000122070312,45.25,24.399999618530277
2011-03-01,5522.2998046875,5533.0498046875,5373.5498046875,5382.0,0,1430.699951171875,99.62999725341795,45.09999847412109,22.21999931335449
2011-03-03,5536.2001953125,5570.75,5468.25,5478.4501953125,0,1416.0,101.91000366210938,44.810001373291016,22.959999084472656
2011-03-04,5538.75,5608.2001953125,5524.10009765625,5586.2001953125,0,1428.199951171875,104.41999816894533,44.84999847412109,22.90999984741211
2011-03-07,5463.14990234375,5491.25,5408.4501953125,5490.0498046875,0,1434.0999755859375,105.44000244140624,44.90299987792969,25.21999931335449
2011-03-08,5520.7998046875,5530.5498046875,5464.75,5466.10009765625,0,1426.9000244140625,105.0199966430664,44.970001220703125,23.670000076293945
2011-03-09,5531.0,5563.2998046875,5477.4501953125,5542.39990234375,0,1429.300048828125,104.37999725341795,44.900001525878906,23.280000686645508
2011-03-10,5494.39990234375,5516.2998046875,5468.4501953125,5516.10009765625,0,1412.199951171875,102.6999969482422,44.869998931884766,23.530000686645508
2011-03-11,5445.4501953125,5502.7001953125,5411.5498046875,5456.14990234375,0,1421.5,101.16000366210938,45.11000061035156,24.1299991607666
2011-03-14,5531.5,5537.2998046875,5434.25,5436.5,0,1424.5999755859375,101.19000244140624,45.23799896240234,23.299999237060547
2011-03-15,5449.64990234375,5497.85009765625,5373.64990234375,5420.0,0,1392.5999755859375,97.18000030517578,44.95000076293945,26.6299991607666
2011-03-16,5511.14990234375,5535.10009765625,5475.9501953125,5475.9501953125,0,1396.0,97.9800033569336,45.15999984741211,24.88999938964844
2011-03-17,5446.64990234375,5510.0498046875,5435.2998046875,5455.39990234375,0,1404.0,101.41999816894533,45.02000045776367,25.26000022888184
2011-03-18,5373.7001953125,5483.0498046875,5366.39990234375,5475.35009765625,0,1415.9000244140625,101.06999969482422,45.04999923706055,25.88999938964844
2011-03-21,5364.75,5413.2998046875,5348.2001953125,5408.75,0,1426.199951171875,102.33000183105467,44.99800109863281,25.209999084472656
2011-03-22,5413.85009765625,5428.14990234375,5376.14990234375,5390.85009765625,0,1427.5,104.0,44.90999984741211,22.26000022888184
2011-03-23,5480.25,5484.9501953125,5401.9501953125,5411.39990234375,0,1437.9000244140625,105.75,44.84999847412109,20.96999931335449
2011-03-24,5522.39990234375,5529.0,5496.10009765625,5501.7998046875,0,1434.800048828125,105.5999984741211,44.75,19.84000015258789
2011-03-25,5654.25,5667.10009765625,5560.9501953125,5588.64990234375,0,1426.0999755859375,105.4000015258789,44.59999847412109,20.46999931335449
2011-03-28,5687.25,5709.10009765625,5643.2001953125,5645.25,0,1419.800048828125,103.9800033569336,44.69300079345703,21.020000457763672
2011-03-29,5736.35009765625,5770.35009765625,5680.7001953125,5686.5,0,1416.0,104.79000091552734,44.70000076293945,21.21999931335449
2011-03-30,5787.64990234375,5803.14990234375,5753.89990234375,5755.7998046875,0,1423.800048828125,104.2699966430664,44.65999984741211,22.040000915527344
2011-03-31,5833.75,5872.0,5778.64990234375,5803.0498046875,0,1438.9000244140625,106.72000122070312,44.61000061035156,22.18000030517578
2011-04-01,5826.0498046875,5860.2001953125,5810.39990234375,5835.0,0,1428.0999755859375,107.94000244140624,44.45000076293945,20.11000061035156
2011-04-04,5908.4501953125,5918.7001953125,5833.2001953125,5842.0,0,1432.199951171875,108.47000122070312,44.448001861572266,20.059999465942383
2011-04-05,5910.0498046875,5928.64990234375,5855.85009765625,5923.85009765625,0,1451.800048828125,108.33999633789062,44.31800079345703,19.899999618530277
2011-04-06,5891.75,5944.4501953125,5868.7998046875,5908.0,0,1457.699951171875,108.83000183105467,44.29999923706055,20.36000061035156
2011-04-07,5885.7001953125,5906.10009765625,5866.25,5888.5498046875,0,1458.5,110.3000030517578,44.04999923706055,20.31999969482422
2011-04-08,5842.0,5926.9501953125,5822.0,5886.75,0,1473.4000244140625,112.79000091552734,44.09999847412109,20.540000915527344
2011-04-11,5785.7001953125,5830.2998046875,5777.89990234375,5805.35009765625,0,1467.4000244140625,109.91999816894533,44.0629997253418,21.239999771118164
2011-04-13,5911.5,5923.60009765625,5735.5498046875,5747.9501953125,0,1454.9000244140625,107.11000061035156,44.1879997253418,20.40999984741211
2011-04-15,5824.5498046875,5907.35009765625,5806.4501953125,5898.75,0,1485.300048828125,109.66000366210938,44.1879997253418,21.59000015258789
2011-04-18,5729.10009765625,5897.89990234375,5722.25,5824.35009765625,0,1492.300048828125,107.12000274658205,44.27299880981445,22.450000762939453
2011-04-19,5740.75,5762.9501953125,5693.25,5716.0,0,1494.5,108.1500015258789,44.36000061035156,22.06999969482422
2011-04-20,5851.64990234375,5857.35009765625,5759.64990234375,5786.0498046875,0,1498.300048828125,111.4499969482422,44.40999984741211,20.989999771118164
2011-04-21,5884.7001953125,5912.89990234375,5864.35009765625,5882.85009765625,0,1503.199951171875,112.29000091552734,44.2599983215332,20.51000022888184
2011-04-25,5874.5,5906.60009765625,5857.0,5859.60009765625,0,1508.5999755859375,112.27999877929688,44.26800155639648,20.90999984741211
2011-04-26,5868.39990234375,5893.2001953125,5791.5498046875,5876.85009765625,0,1503.0,112.20999908447266,44.40999984741211,21.709999084472656
2011-04-27,5833.89990234375,5892.35009765625,5819.9501953125,5884.2001953125,0,1516.699951171875,112.76000213623048,44.40999984741211,21.350000381469727
2011-04-28,5785.4501953125,5856.39990234375,5776.9501953125,5851.35009765625,0,1530.800048828125,112.86000061035156,44.33000183105469,20.920000076293945
2011-04-29,5749.5,5804.2998046875,5706.0498046875,5782.5,0,1556.0,113.93000030517578,44.29999923706055,19.57999992370605
2011-05-02,5701.2998046875,5775.25,5687.7001953125,5766.89990234375,0,1556.699951171875,113.5199966430664,44.24800109863281,20.8799991607666
2011-05-03,5565.25,5710.7998046875,5554.85009765625,5689.7001953125,0,1540.0999755859375,111.0500030517578,44.220001220703125,21.57999992370605
2011-05-04,5537.14990234375,5578.7998046875,5503.0,5567.7001953125,0,1514.9000244140625,109.23999786376952,44.40999984741211,21.18000030517578
2011-05-05,5459.85009765625,5560.2998046875,5443.64990234375,5531.60009765625,0,1480.9000244140625,99.8000030517578,44.31999969482422,21.600000381469727
2011-05-06,5551.4501953125,5564.39990234375,5472.4501953125,5477.64990234375,0,1491.199951171875,97.18000030517578,44.70000076293945,20.96999931335449
2011-05-09,5551.10009765625,5586.0498046875,5502.39990234375,5575.2001953125,0,1502.9000244140625,102.5500030517578,44.72299957275391,21.5
2011-05-10,5541.25,5592.89990234375,5514.5498046875,5555.5498046875,0,1516.5999755859375,103.87999725341795,44.61000061035156,21.739999771118164
2011-05-11,5565.0498046875,5574.7001953125,5525.0,5547.2001953125,0,1501.0999755859375,98.20999908447266,44.61000061035156,21.239999771118164
2011-05-12,5486.14990234375,5572.5,5476.2998046875,5537.7998046875,0,1506.5999755859375,98.97000122070312,44.58000183105469,21.229999542236328
2011-05-13,5544.75,5605.0,5472.14990234375,5492.35009765625,0,1493.4000244140625,99.6500015258789,44.709999084472656,20.6299991607666
2011-05-16,5499.0,5541.7998046875,5487.64990234375,5541.7001953125,0,1490.4000244140625,97.37000274658205,44.858001708984375,21.459999084472656
2011-05-17,5438.9501953125,5523.85009765625,5421.0498046875,5496.10009765625,0,1479.800048828125,96.91000366210938,44.959999084472656,21.030000686645508
2011-05-18,5420.60009765625,5460.5,5401.25,5448.2001953125,0,1495.5999755859375,100.0999984741211,45.0099983215332,20.709999084472656
2011-05-19,5428.10009765625,5452.60009765625,5411.25,5448.14990234375,0,1492.199951171875,98.44000244140624,44.959999084472656,20.40999984741211
2011-05-20,5486.35009765625,5517.5498046875,5432.75,5450.64990234375,0,1508.800048828125,99.48999786376952,44.84999847412109,19.450000762939453
2011-05-23,5386.5498046875,5456.7001953125,5373.0,5456.7001953125,0,1515.300048828125,97.6999969482422,44.99300003051758,21.040000915527344
2011-05-24,5394.85009765625,5422.60009765625,5367.4501953125,5385.10009765625,0,1523.199951171875,99.58999633789062,45.150001525878906,19.93000030517578
2011-05-25,5348.9501953125,5389.10009765625,5328.7001953125,5389.10009765625,0,1526.5999755859375,101.31999969482422,45.15999984741211,20.65999984741211
2011-05-26,5412.35009765625,5422.2001953125,5356.35009765625,5372.75,0,1522.800048828125,100.2300033569336,45.22999954223633,19.18000030517578
2011-05-27,5476.10009765625,5485.7998046875,5413.60009765625,5413.7001953125,0,1536.300048828125,100.58999633789062,45.18999862670898,17.25
2011-05-30,5473.10009765625,5509.2998046875,5458.60009765625,5493.75,0,1536.300048828125,100.58999633789062,45.17300033569336,17.8700008392334
2011-06-01,5592.0,5597.35009765625,5559.4501953125,5561.0498046875,0,1542.4000244140625,100.29000091552734,44.959999084472656,16.729999542236328
2011-06-02,5550.35009765625,5568.2001953125,5521.9501953125,5529.89990234375,0,1532.0,100.4000015258789,44.7599983215332,17.979999542236328
2011-06-03,5516.75,5604.9501953125,5507.2001953125,5565.7001953125,0,1541.699951171875,100.22000122070312,44.7599983215332,17.610000610351562
2011-06-06,5532.0498046875,5542.64990234375,5479.85009765625,5504.2998046875,0,1546.5,99.01000213623048,44.823001861572266,18.209999084472656
2011-06-07,5556.14990234375,5570.10009765625,5507.7998046875,5509.14990234375,0,1543.300048828125,99.08999633789062,44.66999816894531,18.030000686645508
2011-06-08,5526.85009765625,5556.60009765625,5514.89990234375,5535.25,0,1538.0999755859375,100.73999786376952,44.61000061035156,18.57999992370605
2011-06-09,5521.0498046875,5540.10009765625,5502.0498046875,5523.5498046875,0,1542.0999755859375,101.93000030517578,44.65999984741211,18.57999992370605
2011-06-10,5485.7998046875,5521.4501953125,5457.4501953125,5518.0498046875,0,1528.5999755859375,99.29000091552734,44.59999847412109,18.540000915527344
2011-06-13,5482.7998046875,5496.7001953125,5436.9501953125,5469.85009765625,0,1515.0,97.3000030517578,44.72299957275391,18.90999984741211
2011-06-14,5500.5,5520.14990234375,5484.2001953125,5485.60009765625,0,1523.800048828125,99.37000274658205,44.79999923706055,18.51000022888184
2011-06-15,5447.5,5499.35009765625,5438.9501953125,5494.4501953125,0,1525.5999755859375,94.80999755859376,44.73899841308594,19.13999938964844
2011-06-16,5396.75,5447.5,5389.7998046875,5419.64990234375,0,1529.300048828125,94.9499969482422,44.709999084472656,19.65999984741211
2011-06-17,5366.39990234375,5421.14990234375,5355.85009765625,5412.5,0,1538.5999755859375,93.01000213623048,44.79999923706055,20.270000457763672
2011-06-20,5257.89990234375,5377.39990234375,5195.89990234375,5372.2001953125,0,1541.5,93.26000213623048,44.76300048828125,22.18000030517578
2011-06-21,5275.85009765625,5322.4501953125,5257.0,5280.7998046875,0,1546.0,93.4000015258789,44.869998931884766,21.309999465942383
2011-06-22,5278.2998046875,5310.5,5262.5,5304.64990234375,0,1552.9000244140625,95.41000366210938,44.7599983215332,20.88999938964844
2011-06-23,5320.0,5330.60009765625,5252.25,5269.10009765625,0,1520.0999755859375,91.0199966430664,44.75,19.5
2011-06-24,5471.25,5477.85009765625,5343.39990234375,5343.39990234375,0,1500.5,91.16000366210938,44.84999847412109,19.31999969482422
2011-06-27,5526.60009765625,5552.64990234375,5434.25,5441.2001953125,0,1496.0,90.61000061035156,44.98799896240234,19.989999771118164
2011-06-28,5545.2998046875,5558.2998046875,5496.35009765625,5548.85009765625,0,1499.699951171875,92.88999938964844,44.95000076293945,19.489999771118164
2011-06-29,5600.4501953125,5608.64990234375,5566.5,5566.5,0,1509.9000244140625,94.7699966430664,44.93999862670898,19.459999084472656
2011-06-30,5647.39990234375,5657.89990234375,5606.10009765625,5614.5,0,1502.300048828125,95.41999816894533,44.7599983215332,18.40999984741211
2011-07-01,5627.2001953125,5705.7998046875,5609.75,5705.75,0,1482.300048828125,94.94000244140624,44.59299850463867,18.209999084472656
2011-07-04,5650.5,5679.64990234375,5633.10009765625,5679.5498046875,0,1482.300048828125,94.94000244140624,44.62300109863281,18.170000076293945
2011-07-05,5632.10009765625,5659.85009765625,5612.2998046875,5659.85009765625,0,1512.300048828125,96.88999938964844,44.41999816894531,18.25
2011-07-06,5625.4501953125,5655.39990234375,5610.75,5622.7001953125,0,1528.699951171875,96.6500015258789,44.34000015258789,18.34000015258789
2011-07-07,5728.9501953125,5737.14990234375,5632.9501953125,5633.35009765625,0,1530.199951171875,98.66999816894533,44.33000183105469,18.6200008392334
2011-07-08,5660.64990234375,5740.39990234375,5651.0498046875,5734.64990234375,0,1541.199951171875,96.1999969482422,44.33000183105469,18.670000076293945
2011-07-11,5616.10009765625,5652.89990234375,5601.7001953125,5648.0498046875,0,1548.800048828125,95.1500015258789,44.41299819946289,19.690000534057617
2011-07-12,5526.14990234375,5580.25,5496.9501953125,5556.89990234375,0,1561.9000244140625,97.43000030517578,44.34999847412109,20.82999992370605
2011-07-13,5585.4501953125,5596.14990234375,5541.39990234375,5542.0498046875,0,1585.199951171875,98.0500030517578,44.560001373291016,19.520000457763672
2011-07-15,5581.10009765625,5631.7001953125,5562.75,5602.9501953125,0,1589.800048828125,97.23999786376952,44.400001525878906,19.950000762939453
2011-07-18,5567.0498046875,5596.60009765625,5550.9501953125,5581.75,0,1602.0999755859375,95.93000030517578,44.507999420166016,20.200000762939453
2011-07-19,5613.5498046875,5627.64990234375,5557.2001953125,5569.85009765625,0,1600.9000244140625,97.5,44.5,19.25
2011-07-20,5567.0498046875,5645.39990234375,5555.10009765625,5642.0498046875,0,1596.699951171875,98.13999938964844,44.369998931884766,19.11000061035156
2011-07-21,5541.60009765625,5578.89990234375,5532.7001953125,5554.60009765625,0,1586.800048828125,99.12999725341795,44.369998931884766,18.75
2011-07-22,5633.9501953125,5642.2001953125,5567.10009765625,5576.9501953125,0,1601.300048828125,99.87000274658205,44.29999923706055,17.90999984741211
2011-07-25,5680.2998046875,5700.5498046875,5616.7001953125,5633.7998046875,0,1612.0,99.1999969482422,44.34299850463867,19.200000762939453
2011-07-26,5574.85009765625,5702.25,5560.14990234375,5688.4501953125,0,1616.5999755859375,99.58999633789062,44.310001373291016,19.299999237060547
2011-07-27,5546.7998046875,5591.7001953125,5521.5,5588.5498046875,0,1615.0,97.4000015258789,44.04999923706055,18.25
2011-07-28,5487.75,5512.10009765625,5475.64990234375,5492.39990234375,0,1613.4000244140625,97.44000244140624,44.02999877929688,18.51000022888184
2011-07-29,5482.0,5520.2998046875,5453.9501953125,5479.0,0,1628.300048828125,95.6999969482422,44.0099983215332,19.770000457763672
2011-08-01,5516.7998046875,5551.89990234375,5486.4501953125,5527.5,0,1619.0,94.88999938964844,44.20299911499024,18.780000686645508
2011-08-02,5456.5498046875,5496.2998046875,5433.64990234375,5493.2001953125,0,1641.9000244140625,93.79000091552734,44.0629997253418,19.149999618530277
2011-08-03,5404.7998046875,5422.60009765625,5378.85009765625,5402.0,0,1663.4000244140625,91.93000030517578,44.26300048828125,19.479999542236328
2011-08-04,5331.7998046875,5434.5,5323.14990234375,5412.39990234375,0,1656.199951171875,86.62999725341797,44.3129997253418,20.21999931335449
2011-08-05,5211.25,5229.64990234375,5116.4501953125,5204.35009765625,0,1648.800048828125,86.87999725341797,44.5629997253418,24.899999618530277
2011-08-08,5118.5,5204.2001953125,5054.0498046875,5083.85009765625,0,1710.199951171875,81.30999755859375,44.733001708984375,28.780000686645508
2011-08-09,5072.85009765625,5167.0,4946.4501953125,4947.89990234375,0,1740.0,79.30000305175781,45.00299835205078,34.880001068115234
2011-08-10,5161.0,5197.9501953125,5123.35009765625,5196.5498046875,0,1781.300048828125,82.88999938964844,45.20299911499024,28.950000762939453
2011-08-11,5138.2998046875,5184.9501953125,5121.0,5128.0,0,1748.800048828125,85.72000122070312,45.24800109863281,29.09000015258789
2011-08-12,5072.9501953125,5194.4501953125,5053.35009765625,5194.39990234375,0,1740.199951171875,85.37999725341797,45.292999267578125,27.020000457763672
2011-08-16,5035.7998046875,5132.2001953125,5015.39990234375,5125.75,0,1782.4000244140625,86.6500015258789,45.233001708984375,26.459999084472656
2011-08-17,5056.60009765625,5112.14990234375,5017.25,5030.2998046875,0,1791.199951171875,87.58000183105469,45.25299835205078,25.479999542236328
2011-08-18,4944.14990234375,5078.60009765625,4932.14990234375,5077.9501953125,0,1818.9000244140625,82.37999725341797,45.303001403808594,27.450000762939453
2011-08-19,4845.64990234375,4893.60009765625,4796.10009765625,4859.2998046875,0,1848.9000244140625,82.26000213623047,45.709999084472656,29.190000534057617
2011-08-22,4898.7998046875,4910.0498046875,4808.75,4843.7001953125,0,1888.699951171875,84.12000274658203,45.66299819946289,27.07999992370605
2011-08-23,4948.89990234375,4965.7998046875,4863.7998046875,4925.14990234375,0,1858.300048828125,85.44000244140625,45.61000061035156,25.920000076293945
2011-08-24,4888.89990234375,4962.39990234375,4875.2998046875,4934.35009765625,0,1754.0999755859375,85.16000366210938,45.540000915527344,28.600000381469727
2011-08-25,4839.60009765625,4915.85009765625,4825.0498046875,4914.64990234375,0,1759.800048828125,85.30000305175781,45.93999862670898,27.940000534057617
2011-08-26,4747.7998046875,4872.0,4720.0,4839.25,0,1794.0999755859375,85.37000274658203,46.0099983215332,33.2599983215332
2011-08-29,4919.60009765625,4934.39990234375,4806.0498046875,4806.2001953125,0,1788.4000244140625,87.2699966430664,46.15299987792969,26.06999969482422
2011-08-30,5001.0,5016.25,4927.5498046875,4973.25,0,1826.699951171875,88.9000015258789,45.84999847412109,24.8799991607666
2011-09-02,5040.0,5113.7001953125,4993.35009765625,5109.7998046875,0,1873.699951171875,86.44999694824219,45.70000076293945,26.09000015258789
2011-09-05,5017.2001953125,5030.2998046875,4964.4501953125,4998.89990234375,0,1873.699951171875,86.44999694824219,45.73799896240234,27.82999992370605
2011-09-06,5064.2998046875,5072.89990234375,4942.89990234375,4993.35009765625,0,1869.9000244140625,86.0199966430664,45.98400115966797,28.65999984741211
2011-09-07,5124.64990234375,5154.5,5076.2998046875,5080.14990234375,0,1814.199951171875,89.33999633789062,46.040000915527344,27.86000061035156
2011-09-08,5153.25,5169.25,5098.25,5139.2001953125,0,1854.4000244140625,89.05000305175781,46.040000915527344,27.63999938964844
2011-09-09,5059.4501953125,5163.75,5046.7998046875,5161.2998046875,0,1856.4000244140625,87.23999786376953,46.130001068115234,28.149999618530277
2011-09-12,4946.7998046875,4985.60009765625,4911.25,4981.7001953125,0,1809.9000244140625,88.19000244140625,46.64300155639648,32.75
2011-09-13,4940.9501953125,5030.14990234375,4911.0498046875,4977.7998046875,0,1826.800048828125,90.20999908447266,47.15999984741211,32.77000045776367
2011-09-14,5012.5498046875,5026.14990234375,4917.39990234375,4965.0498046875,0,1823.5,88.91000366210938,47.459999084472656,32.45000076293945
2011-09-15,5075.7001953125,5091.4501953125,4967.4501953125,5062.35009765625,0,1778.5,89.4000015258789,47.560001373291016,30.790000915527344
2011-09-16,5084.25,5143.60009765625,5068.10009765625,5123.35009765625,0,1812.0999755859373,87.95999908447266,47.5,28.450000762939453
2011-09-19,5031.9501953125,5068.39990234375,5019.25,5068.39990234375,0,1776.4000244140625,85.69999694824219,47.16999816894531,29.600000381469727
2011-09-20,5140.2001953125,5149.89990234375,5035.25,5042.5498046875,0,1806.5999755859373,86.88999938964844,47.72299957275391,27.25
2011-09-21,5133.25,5168.39990234375,5109.85009765625,5153.75,0,1805.5,85.91999816894531,47.90999984741211,27.670000076293945
2011-09-22,4923.64990234375,5059.85009765625,4907.75,5054.4501953125,0,1739.199951171875,80.51000213623047,48.209999084472656,33.880001068115234
2011-09-23,4867.75,4930.25,4829.60009765625,4873.75,0,1637.5,79.8499984741211,49.47299957275391,35.15999984741211
2011-09-26,4835.39990234375,4879.7998046875,4758.85009765625,4878.60009765625,0,1592.5,80.23999786376953,49.34299850463867,35.43000030517578
2011-09-27,4971.25,4982.9501953125,4905.14990234375,4905.14990234375,0,1650.5999755859375,84.44999694824219,49.400001525878906,32.0099983215332
2011-09-28,4945.89990234375,5006.0498046875,4918.4501953125,5005.5,0,1616.300048828125,81.20999908447266,48.810001373291016,32.0
2011-09-29,5015.4501953125,5034.25,4906.0,4924.2001953125,0,1615.5,82.13999938964844,48.75,31.06999969482422
2011-09-30,4943.25,5025.5498046875,4924.2998046875,4990.14990234375,0,1620.4000244140625,79.19999694824219,48.86000061035156,31.940000534057617
2011-10-03,4849.5,4879.14990234375,4823.89990234375,4874.39990234375,0,1656.0,77.61000061035156,49.04999923706055,35.06999969482422
2011-10-04,4772.14990234375,4869.75,4728.2998046875,4823.5,0,1614.699951171875,75.66999816894531,49.09999847412109,37.18999862670898
2011-10-05,4751.2998046875,4827.7998046875,4741.0,4791.2998046875,0,1640.300048828125,79.68000030517578,49.303001403808594,35.369998931884766
2011-10-07,4888.0498046875,4922.60009765625,4861.2001953125,4883.64990234375,0,1634.5,82.9800033569336,49.040000915527344,33.02000045776367
2011-10-10,4979.60009765625,4991.14990234375,4882.0498046875,4886.85009765625,0,1669.5999755859375,85.41000366210938,48.89300155639648,30.030000686645508
2011-10-11,4974.35009765625,5045.10009765625,4964.0,5019.89990234375,0,1659.699951171875,85.80999755859375,48.8129997253418,30.299999237060547
2011-10-12,5099.39990234375,5109.7998046875,4997.64990234375,5011.2001953125,0,1681.300048828125,85.56999969482422,49.23799896240234,28.40999984741211
2011-10-13,5077.85009765625,5136.9501953125,5067.64990234375,5130.7998046875,0,1667.300048828125,84.2300033569336,48.90999984741211,28.239999771118164
2011-10-14,5132.2998046875,5141.39990234375,5056.60009765625,5057.35009765625,0,1681.800048828125,86.80000305175781,49.20000076293945,25.979999542236328
2011-10-17,5118.25,5160.2001953125,5084.5,5156.2001953125,0,1675.5,86.37999725341797,48.89300155639648,25.43000030517578
2011-10-18,5037.5,5057.5,5011.0498046875,5049.4501953125,0,1651.699951171875,88.33999633789062,48.900001525878906,25.899999618530277
2011-10-19,5139.14990234375,5148.0498046875,5075.2998046875,5080.4501953125,0,1646.0,86.11000061035156,49.2400016784668,24.049999237060547
2011-10-20,5091.89990234375,5099.0,5033.9501953125,5086.5498046875,0,1611.9000244140625,85.30000305175781,49.0099983215332,25.600000381469727
2011-10-21,5049.9501953125,5120.75,5037.9501953125,5106.60009765625,0,1635.0999755859375,87.4000015258789,49.86000061035156,26.299999237060547
2011-10-24,5098.35009765625,5145.64990234375,5084.75,5114.7001953125,0,1651.5,91.2699966430664,49.823001861572266,25.21999931335449
2011-10-25,5191.60009765625,5211.0,5085.5498046875,5137.89990234375,0,1699.5999755859375,93.16999816894533,49.54999923706055,22.309999465942383
2011-10-28,5360.7001953125,5399.7001953125,5322.7998046875,5341.89990234375,0,1746.199951171875,93.31999969482422,49.790000915527344,20.88999938964844
2011-10-31,5326.60009765625,5360.25,5314.60009765625,5358.89990234375,0,1724.199951171875,93.19000244140624,48.62799835205078,22.65999984741211
2011-11-01,5257.9501953125,5310.85009765625,5238.2998046875,5278.60009765625,0,1711.0,92.19000244140624,48.67300033569336,24.020000457763672
2011-11-02,5258.4501953125,5300.10009765625,5204.9501953125,5216.75,0,1728.699951171875,92.51000213623048,49.257999420166016,24.88999938964844
2011-11-03,5265.75,5281.60009765625,5201.85009765625,5241.5498046875,0,1764.199951171875,94.06999969482422,49.12300109863281,24.65999984741211
2011-11-04,5284.2001953125,5326.4501953125,5256.7998046875,5325.39990234375,0,1755.300048828125,94.26000213623048,49.04800033569336,23.43000030517578
2011-11-08,5289.35009765625,5304.25,5252.0,5292.25,0,1798.4000244140625,96.8000030517578,48.90999984741211,23.709999084472656
2011-11-09,5221.0498046875,5317.5,5211.75,5309.7001953125,0,1790.9000244140625,95.73999786376952,49.310001373291016,24.299999237060547
2011-11-11,5168.85009765625,5198.60009765625,5142.25,5159.75,0,1787.5,98.98999786376952,49.959999084472656,24.739999771118164
2011-11-14,5148.35009765625,5228.89990234375,5140.5498046875,5217.35009765625,0,1777.800048828125,98.13999938964844,50.03300094604492,25.290000915527344
2011-11-15,5068.5,5158.75,5052.85009765625,5131.2001953125,0,1781.699951171875,99.37000274658205,50.36800003051758,25.96999931335449
2011-11-16,5030.4501953125,5065.2001953125,4989.5,5059.10009765625,0,1773.800048828125,102.58999633789062,50.62300109863281,25.040000915527344
2011-11-17,4934.75,5036.7998046875,4919.4501953125,5027.10009765625,0,1719.800048828125,98.81999969482422,50.70299911499024,26.920000076293945
2011-11-18,4905.7998046875,4915.89990234375,4837.9501953125,4899.14990234375,0,1724.699951171875,97.41000366210938,50.948001861572266,26.57999992370605
2011-11-21,4778.35009765625,4873.7998046875,4764.7998046875,4873.7998046875,0,1678.300048828125,96.91999816894533,51.22800064086914,28.61000061035156
2011-11-22,4812.35009765625,4854.0,4782.5498046875,4794.85009765625,0,1702.199951171875,98.01000213623048,52.05799865722656,27.350000381469727
2011-11-23,4706.4501953125,4779.5,4640.9501953125,4779.5,0,1695.699951171875,96.16999816894533,52.483001708984375,30.68000030517578
2011-11-25,4710.0498046875,4767.2998046875,4693.10009765625,4731.2998046875,0,1685.5,96.7699966430664,52.0629997253418,29.1200008392334
2011-11-28,4851.2998046875,4859.10009765625,4766.39990234375,4769.2998046875,0,1710.800048828125,98.20999908447266,52.22800064086914,26.63999938964844
2011-11-29,4805.10009765625,4866.10009765625,4787.10009765625,4864.2001953125,0,1713.4000244140625,99.79000091552734,51.94300079345703,26.8700008392334
2011-11-30,4832.0498046875,4851.5498046875,4754.7998046875,4766.14990234375,0,1745.5,100.36000061035156,51.90299987792969,26.549999237060547
2011-12-01,4936.85009765625,5011.89990234375,4916.7001953125,4970.85009765625,0,1735.300048828125,100.1999969482422,51.72999954223633,25.020000457763672
2011-12-02,5050.14990234375,5062.5498046875,4918.39990234375,4940.85009765625,0,1747.0,100.95999908447266,51.29999923706055,23.989999771118164
2011-12-05,5039.14990234375,5055.39990234375,5002.5498046875,5036.5,0,1730.699951171875,100.98999786376952,51.10300064086914,25.020000457763672
2011-12-07,5062.60009765625,5099.25,5032.25,5050.10009765625,0,1740.9000244140625,100.48999786376952,51.20000076293945,26.459999084472656
2011-12-08,4943.64990234375,5049.0498046875,4921.4501953125,5037.39990234375,0,1709.800048828125,98.33999633789062,51.59999847412109,28.57999992370605
2011-12-09,4866.7001953125,4918.35009765625,4841.75,4870.75,0,1712.800048828125,99.41000366210938,51.70000076293945,29.530000686645508
2011-12-12,4764.60009765625,4910.25,4755.5498046875,4906.85009765625,0,1664.199951171875,97.7699966430664,51.86800003051758,29.270000457763672
2011-12-13,4800.60009765625,4824.7001953125,4728.5,4733.60009765625,0,1659.9000244140625,100.13999938964844,52.650001525878906,28.11000061035156
2011-12-14,4763.25,4839.5498046875,4750.39990234375,4788.7001953125,0,1584.300048828125,94.9499969482422,53.09999847412109,28.790000915527344
2011-12-15,4746.35009765625,4768.64990234375,4673.85009765625,4712.7998046875,0,1574.5999755859375,93.87000274658205,53.709999084472656,28.809999465942383
2011-12-16,4651.60009765625,4818.85009765625,4628.2001953125,4752.5,0,1595.5999755859375,93.52999877929688,53.209999084472656,29.690000534057617
2011-12-19,4613.10009765625,4623.14990234375,4555.89990234375,4623.14990234375,0,1594.4000244140625,93.87999725341795,52.49300003051758,30.57999992370605
2011-12-20,4544.2001953125,4637.25,4531.14990234375,4635.7998046875,0,1615.5999755859375,97.22000122070312,52.70000076293945,30.530000686645508
2011-12-21,4693.14990234375,4707.35009765625,4601.9501953125,4636.4501953125,0,1611.9000244140625,98.66999816894533,52.709999084472656,27.530000686645508
2011-12-22,4733.85009765625,4740.60009765625,4632.9501953125,4636.89990234375,0,1608.9000244140625,99.52999877929688,52.39300155639648,26.84000015258789
2011-12-23,4714.0,4763.4501953125,4693.2001953125,4763.2001953125,0,1604.699951171875,99.68000030517578,52.5099983215332,27.38999938964844
2011-12-27,4750.5,4800.5,4723.64990234375,4780.2001953125,0,1594.199951171875,101.33999633789062,52.70000076293945,26.290000915527344
2011-12-28,4705.7998046875,4756.2001953125,4685.64990234375,4756.2001953125,0,1562.9000244140625,99.36000061035156,52.84999847412109,26.739999771118164
2011-12-29,4646.25,4701.7998046875,4639.0498046875,4681.14990234375,0,1539.9000244140625,99.6500015258789,52.86000061035156,26.6200008392334
2011-12-30,4624.2998046875,4690.4501953125,4608.89990234375,4659.9501953125,0,1565.800048828125,98.83000183105467,53.0,27.11000061035156
2012-01-03,4765.2998046875,4773.10009765625,4675.7998046875,4675.7998046875,0,1599.699951171875,102.95999908447266,53.29800033569336,26.15999984741211
2012-01-04,4749.64990234375,4782.85009765625,4728.85009765625,4774.9501953125,0,1611.9000244140625,103.22000122070312,53.04999923706055,26.40999984741211
2012-01-05,4749.9501953125,4779.7998046875,4730.14990234375,4749.0,0,1619.4000244140625,101.80999755859376,52.84999847412109,25.90999984741211
2012-01-06,4754.10009765625,4794.89990234375,4686.85009765625,4724.14990234375,0,1616.0999755859375,101.55999755859376,52.7599983215332,25.459999084472656
2012-01-09,4742.7998046875,4758.7001953125,4695.4501953125,4747.5498046875,0,1607.5,101.30999755859376,52.67300033569336,25.68000030517578
2012-01-10,4849.5498046875,4855.89990234375,4768.25,4771.85009765625,0,1631.0,102.23999786376952,52.380001068115234,24.0
2012-01-11,4860.9501953125,4877.2001953125,4841.60009765625,4863.14990234375,0,1639.199951171875,100.87000274658205,51.59999847412109,24.540000915527344
2012-01-12,4831.25,4869.2001953125,4803.89990234375,4840.9501953125,0,1647.300048828125,99.0999984741211,51.75,24.030000686645508
2012-01-13,4866.0,4898.85009765625,4834.2001953125,4861.9501953125,0,1630.4000244140625,98.6999969482422,51.45000076293945,23.479999542236328
2012-01-16,4873.89990234375,4880.7998046875,4827.0498046875,4844.0,0,1630.4000244140625,98.6999969482422,51.43299865722656,24.06999969482422
2012-01-17,4967.2998046875,4975.5498046875,4904.0,4904.5,0,1655.199951171875,100.70999908447266,51.380001068115234,22.61000061035156
2012-01-18,4955.7998046875,4980.64990234375,4931.0498046875,4977.75,0,1659.5,100.58999633789062,50.650001525878906,22.68000030517578
2012-01-19,5018.39990234375,5023.7998046875,4991.39990234375,4995.0,0,1654.0999755859375,100.38999938964844,50.36000061035156,21.68000030517578
2012-01-20,5048.60009765625,5064.14990234375,5004.2998046875,5044.85009765625,0,1663.699951171875,98.45999908447266,50.303001403808594,21.959999084472656
2012-01-23,5046.25,5059.5498046875,5021.35009765625,5025.35009765625,0,1678.0,99.58000183105467,50.22299957275391,22.13999938964844
2012-01-24,5127.35009765625,5141.0498046875,5049.7998046875,5064.7998046875,0,1664.199951171875,98.9499969482422,49.84000015258789,21.420000076293945
2012-01-25,5158.2998046875,5174.14990234375,5130.25,5151.5,0,1699.800048828125,99.4000015258789,50.0,21.020000457763672
2012-01-27,5204.7001953125,5217.0,5162.39990234375,5216.75,0,1731.800048828125,99.55999755859376,52.49300003051758,21.700000762939453
2012-01-30,5087.2998046875,5166.14990234375,5076.7001953125,5163.5498046875,0,1731.0,98.77999877929688,49.38800048828125,23.459999084472656
2012-01-31,5199.25,5215.39990234375,5120.14990234375,5125.25,0,1737.800048828125,98.4800033569336,52.49300003051758,22.65999984741211
2012-02-01,5235.7001953125,5244.60009765625,5159.0,5198.14990234375,0,1747.0999755859375,97.61000061035156,49.5,22.88999938964844
2012-02-02,5269.89990234375,5289.9501953125,5225.75,5272.10009765625,0,1756.800048828125,96.36000061035156,49.0099983215332,23.690000534057617
2012-02-03,5325.85009765625,5334.85009765625,5255.5498046875,5276.10009765625,0,1737.9000244140625,97.83999633789062,49.0,24.09000015258789
2012-02-06,5361.64990234375,5390.0498046875,5327.25,5379.4501953125,0,1722.800048828125,96.91000366210938,48.65299987792969,24.6200008392334
2012-02-07,5335.14990234375,5413.35009765625,5322.9501953125,5412.9501953125,0,1746.4000244140625,98.41000366210938,49.053001403808594,24.90999984741211
2012-02-08,5368.14990234375,5396.89990234375,5325.2001953125,5343.7998046875,0,1729.300048828125,98.70999908447266,49.042999267578125,24.270000457763672
2012-02-09,5412.35009765625,5423.39990234375,5338.89990234375,5343.0498046875,0,1739.0,99.83999633789062,49.14799880981445,23.299999237060547
2012-02-10,5381.60009765625,5427.75,5341.0498046875,5399.7998046875,0,1723.300048828125,98.66999816894533,49.48799896240234,23.82999992370605
2012-02-13,5390.2001953125,5421.0498046875,5351.39990234375,5382.10009765625,0,1723.0,100.91000366210938,49.35300064086914,23.709999084472656
2012-02-14,5416.0498046875,5428.0498046875,5377.9501953125,5380.7998046875,0,1715.9000244140625,100.73999786376952,49.1879997253418,22.709999084472656
2012-02-15,5531.9501953125,5542.10009765625,5460.60009765625,5460.60009765625,0,1726.300048828125,101.8000030517578,49.358001708984375,22.100000381469727
2012-02-16,5521.9501953125,5531.39990234375,5483.75,5513.75,0,1726.800048828125,102.30999755859376,49.28300094604492,23.32999992370605
2012-02-17,5564.2998046875,5606.7001953125,5545.2001953125,5574.2001953125,0,1724.5,103.23999786376952,49.28300094604492,24.18000030517578
2012-02-21,5607.14990234375,5621.5,5561.75,5561.89990234375,0,1757.0999755859375,105.83999633789062,49.14799880981445,26.25
2012-02-22,5505.35009765625,5629.9501953125,5491.35009765625,5609.75,0,1770.0,106.27999877929688,49.303001403808594,26.799999237060547
2012-02-23,5483.2998046875,5537.39990234375,5460.7998046875,5490.0498046875,0,1784.9000244140625,107.83000183105467,49.21799850463867,24.32999992370605
2012-02-24,5429.2998046875,5521.39990234375,5405.89990234375,5479.14990234375,0,1775.0999755859375,109.7699966430664,49.09299850463867,24.81999969482422
2012-02-27,5281.2001953125,5449.7998046875,5268.14990234375,5448.10009765625,0,1773.5999755859375,108.55999755859376,49.007999420166016,27.3799991607666
2012-02-28,5375.5,5391.10009765625,5306.4501953125,5310.5,0,1787.0,106.5500030517578,49.17300033569336,25.850000381469727
2012-02-29,5385.2001953125,5458.7998046875,5352.25,5424.9501953125,0,1709.9000244140625,107.06999969482422,49.06800079345703,26.93000030517578
2012-03-01,5339.75,5372.4501953125,5297.5,5366.0,0,1721.0999755859375,108.83999633789062,49.00299835205078,27.670000076293945
2012-03-02,5359.35009765625,5392.5498046875,5315.0498046875,5369.4501953125,0,1708.800048828125,106.6999969482422,49.198001861572266,27.84000015258789
2012-03-05,5280.35009765625,5344.5,5265.7001953125,5342.5498046875,0,1703.0,106.72000122070312,49.51800155639648,28.920000076293945
2012-03-06,5222.39990234375,5382.0498046875,5206.39990234375,5266.0,0,1671.4000244140625,104.6999969482422,49.83300018310547,27.34000015258789
2012-03-07,5220.4501953125,5243.85009765625,5171.4501953125,5207.0498046875,0,1683.300048828125,106.16000366210938,50.358001708984375,26.32999992370605
2012-03-09,5333.5498046875,5342.2998046875,5291.60009765625,5294.10009765625,0,1710.9000244140625,107.4000015258789,50.073001861572266,25.46999931335449
2012-03-12,5359.5498046875,5421.89990234375,5327.2998046875,5420.10009765625,0,1699.199951171875,106.33999633789062,49.75299835205078,26.270000457763672
2012-03-13,5429.5,5438.64990234375,5390.7998046875,5391.0498046875,0,1693.699951171875,106.70999908447266,49.96799850463867,24.75
2012-03-14,5463.89990234375,5499.39990234375,5437.7998046875,5490.5498046875,0,1642.5,105.43000030517578,49.83000183105469,24.71999931335449
2012-03-15,5380.5,5462.5,5362.2998046875,5462.5,0,1659.0999755859375,105.11000061035156,49.90800094604492,25.420000076293945
2012-03-16,5317.89990234375,5445.64990234375,5305.0,5380.35009765625,0,1655.5,107.05999755859376,50.37799835205078,23.1299991607666
2012-03-19,5257.0498046875,5340.7001953125,5238.5498046875,5337.35009765625,0,1666.9000244140625,108.08999633789062,50.132999420166016,22.96999931335449
2012-03-20,5274.85009765625,5297.35009765625,5233.25,5257.14990234375,0,1646.699951171875,105.61000061035156,50.22800064086914,21.940000534057617
2012-03-21,5364.9501953125,5372.35009765625,5256.0,5267.2001953125,0,1650.0,107.2699966430664,50.38800048828125,21.0
2012-03-22,5228.4501953125,5385.9501953125,5205.64990234375,5361.10009765625,0,1642.300048828125,105.3499984741211,50.62799835205078,24.770000457763672
2012-03-23,5278.2001953125,5312.0,5220.0,5255.64990234375,0,1662.300048828125,106.87000274658205,51.119998931884766,23.34000015258789
2012-03-26,5184.25,5274.9501953125,5174.89990234375,5274.35009765625,0,1685.5,107.02999877929688,51.167999267578125,26.739999771118164
2012-03-27,5243.14990234375,5277.9501953125,5184.64990234375,5242.9501953125,0,1684.800048828125,107.33000183105467,51.02299880981445,25.049999237060547
2012-03-28,5194.75,5236.5498046875,5169.60009765625,5231.7001953125,0,1657.9000244140625,105.41000366210938,50.678001403808594,24.8700008392334
2012-03-29,5178.85009765625,5194.2998046875,5135.9501953125,5145.9501953125,0,1652.199951171875,102.77999877929688,50.77299880981445,24.32999992370605
2012-03-30,5295.5498046875,5307.10009765625,5203.64990234375,5206.60009765625,0,1669.300048828125,103.0199966430664,51.3380012512207,22.3799991607666
2012-04-02,5317.89990234375,5331.5498046875,5278.7998046875,5296.35009765625,0,1677.5,105.2300033569336,50.86800003051758,20.8799991607666
2012-04-03,5358.5,5378.75,5344.4501953125,5353.2001953125,0,1670.0,104.01000213623048,50.86800003051758,20.01000022888184
2012-04-04,5322.89990234375,5338.39990234375,5305.2998046875,5328.64990234375,0,1612.300048828125,101.47000122070312,50.25,20.6299991607666
2012-04-09,5234.39990234375,5287.89990234375,5228.0,5282.5,0,1642.5,102.45999908447266,51.03300094604492,22.32999992370605
2012-04-10,5243.60009765625,5255.7998046875,5211.85009765625,5254.10009765625,0,1659.5,101.0199966430664,51.04999923706055,21.920000076293945
2012-04-11,5226.85009765625,5263.64990234375,5190.7998046875,5209.4501953125,0,1659.0,102.6999969482422,51.47299957275391,22.290000915527344
2012-04-12,5276.85009765625,5290.60009765625,5246.75,5246.75,0,1679.5,103.63999938964844,51.45800018310547,21.780000686645508
2012-04-13,5207.4501953125,5306.75,5185.39990234375,5255.7001953125,0,1659.0999755859375,102.83000183105467,51.22800064086914,22.75
2012-04-16,5226.2001953125,5233.5,5183.5,5190.60009765625,0,1648.699951171875,102.93000030517578,51.542999267578125,22.229999542236328
2012-04-17,5289.7001953125,5298.2001953125,5208.35009765625,5266.60009765625,0,1650.300048828125,104.1999969482422,51.667999267578125,20.309999465942383
2012-04-18,5300.0,5342.0,5293.4501953125,5320.7001953125,0,1638.800048828125,102.66999816894533,51.46799850463867,20.030000686645508
2012-04-19,5332.39990234375,5342.4501953125,5291.2998046875,5320.60009765625,0,1640.5999755859375,102.2699966430664,51.78799819946289,19.350000381469727
2012-04-20,5290.85009765625,5336.14990234375,5245.4501953125,5313.9501953125,0,1642.0999755859375,103.0500030517578,52.13800048828125,20.09000015258789
2012-04-23,5200.60009765625,5310.5498046875,5187.14990234375,5277.39990234375,0,1631.9000244140625,103.11000061035156,52.06800079345703,21.56999969482422
2012-04-24,5222.64990234375,5232.35009765625,5180.35009765625,5215.89990234375,0,1643.0,103.5500030517578,52.49800109863281,19.25
2012-04-25,5202.0,5236.10009765625,5160.64990234375,5222.2001953125,0,1641.4000244140625,104.12000274658205,52.67300033569336,18.940000534057617
2012-04-26,5189.0,5215.60009765625,5179.0498046875,5214.75,0,1659.5999755859375,104.5500030517578,52.53799819946289,18.739999771118164
2012-04-27,5190.60009765625,5223.0498046875,5154.2998046875,5189.0,0,1664.0,104.93000030517578,52.40299987792969,17.889999389648438
2012-04-30,5248.14990234375,5262.14990234375,5201.4501953125,5201.4501953125,0,1663.4000244140625,104.87000274658205,52.53799819946289,17.81999969482422
2012-05-02,5239.14990234375,5279.60009765625,5226.4501953125,5254.2998046875,0,1653.4000244140625,105.22000122070312,52.52999877929688,18.540000915527344
2012-05-03,5188.39990234375,5217.2998046875,5180.64990234375,5211.2001953125,0,1634.199951171875,102.54000091552734,52.95800018310547,19.25
2012-05-04,5086.85009765625,5177.2001953125,5070.60009765625,5166.64990234375,0,1644.699951171875,98.48999786376952,53.40800094604492,21.1200008392334
2012-05-07,5114.14990234375,5124.75,4988.0,5017.7998046875,0,1638.5999755859375,97.94000244140624,53.46799850463867,20.21999931335449
2012-05-08,4999.9501953125,5119.9501953125,4983.60009765625,5114.7001953125,0,1604.0,97.01000213623048,52.90299987792969,22.15999984741211
2012-05-09,4974.7998046875,5016.25,4956.4501953125,4967.89990234375,0,1593.699951171875,96.80999755859376,53.11800003051758,23.040000915527344
2012-05-10,4965.7001953125,5039.2998046875,4950.2998046875,4984.14990234375,0,1595.0999755859375,97.08000183105467,53.81800079345703,22.71999931335449
2012-05-11,4928.89990234375,4976.25,4906.14990234375,4938.85009765625,0,1583.5999755859375,96.12999725341795,53.25299835205078,22.479999542236328
2012-05-14,4907.7998046875,4957.2001953125,4874.5,4934.35009765625,0,1560.5999755859375,94.77999877929688,53.62799835205078,23.26000022888184
2012-05-15,4942.7998046875,4955.2001953125,4868.5498046875,4869.85009765625,0,1556.800048828125,93.9800033569336,53.95800018310547,22.280000686645508
2012-05-16,4858.25,4882.25,4837.0498046875,4875.2998046875,0,1536.199951171875,92.80999755859376,53.78799819946289,23.709999084472656
2012-05-17,4870.2001953125,4922.25,4850.2001953125,4878.60009765625,0,1574.5,92.55999755859376,54.48799896240234,23.59000015258789
2012-05-18,4891.4501953125,4908.5,4788.9501953125,4796.39990234375,0,1591.5999755859375,91.4800033569336,54.46799850463867,23.549999237060547
2012-05-22,4860.5,4956.35009765625,4849.89990234375,4954.7001953125,0,1576.300048828125,91.66000366210938,55.02799987792969,24.38999938964844
2012-05-23,4835.64990234375,4853.75,4803.9501953125,4843.0,0,1548.0999755859375,89.9000015258789,55.38800048828125,27.1299991607666
2012-05-24,4921.39990234375,4931.89990234375,4830.14990234375,4863.39990234375,0,1557.300048828125,90.66000366210938,55.99300003051758,25.489999771118164
2012-05-25,4920.39990234375,4935.7998046875,4889.35009765625,4905.9501953125,0,1568.800048828125,90.86000061035156,55.560001373291016,25.13999938964844
2012-05-28,4985.64990234375,4994.9501953125,4931.2998046875,4931.7001953125,0,1568.800048828125,90.86000061035156,55.36800003051758,23.68000030517578
2012-05-29,4990.10009765625,5020.14990234375,4982.14990234375,5005.35009765625,0,1548.5999755859375,90.76000213623048,55.36800003051758,24.030000686645508
2012-05-30,4950.75,4982.25,4944.89990234375,4964.25,0,1563.4000244140625,87.81999969482422,55.667999267578125,25.299999237060547
2012-05-31,4924.25,4924.25,4894.4501953125,4896.10009765625,0,1562.5999755859375,86.52999877929688,56.22800064086914,25.25
2012-06-01,4841.60009765625,4925.0,4831.75,4910.85009765625,0,1620.5,83.2300033569336,56.07799911499024,26.770000457763672
2012-06-04,4848.14990234375,4858.2998046875,4770.35009765625,4797.2998046875,0,1612.199951171875,83.9800033569336,55.53799819946289,25.600000381469727
2012-06-05,4863.2998046875,4898.9501953125,4847.7001953125,4869.4501953125,0,1615.199951171875,84.29000091552734,55.64799880981445,26.26000022888184
2012-06-06,4997.10009765625,5010.4501953125,4886.14990234375,4886.64990234375,0,1632.800048828125,85.0199966430664,55.63800048828125,24.899999618530277
2012-06-07,5049.64990234375,5059.64990234375,5007.75,5035.35009765625,0,1586.5999755859375,84.81999969482422,55.358001708984375,23.63999938964844
2012-06-08,5068.35009765625,5084.4501953125,4994.7998046875,5044.25,0,1590.0999755859375,84.0999984741211,54.9379997253418,23.46999931335449
2012-06-11,5054.10009765625,5124.4501953125,5040.7001953125,5096.7001953125,0,1595.5,82.69999694824219,55.417999267578125,25.020000457763672
2012-06-12,5115.89990234375,5128.89990234375,5015.14990234375,5015.5,0,1612.699951171875,83.31999969482422,55.65800094604492,24.200000762939453
2012-06-13,5121.4501953125,5144.89990234375,5095.4501953125,5117.5498046875,0,1618.0999755859375,82.62000274658203,55.79800033569336,24.36000061035156
2012-06-14,5054.75,5130.0,5047.60009765625,5105.10009765625,0,1618.4000244140625,83.91000366210938,55.678001403808594,25.709999084472656
2012-06-15,5139.0498046875,5146.2001953125,5069.14990234375,5069.5498046875,0,1627.0,84.02999877929688,55.79800033569336,25.540000915527344
2012-06-18,5064.25,5190.2001953125,5041.7001953125,5174.0,0,1625.699951171875,83.2699966430664,55.38800048828125,22.600000381469727
2012-06-19,5103.85009765625,5113.60009765625,5048.10009765625,5050.7998046875,0,1622.199951171875,84.02999877929688,55.90299987792969,21.43000030517578
2012-06-20,5120.5498046875,5141.7001953125,5100.7001953125,5114.5498046875,0,1614.800048828125,81.80000305175781,55.948001861572266,21.030000686645508
2012-06-21,5165.0,5170.39990234375,5093.4501953125,5097.35009765625,0,1564.5,78.19999694824219,56.14799880981445,19.940000534057617
2012-06-22,5146.0498046875,5159.7998046875,5094.0,5101.75,0,1566.0,79.76000213623047,56.29800033569336,20.57999992370605
2012-06-25,5114.64990234375,5194.60009765625,5105.64990234375,5158.5,0,1587.5,79.20999908447266,57.11800003051758,21.56999969482422
2012-06-26,5120.7998046875,5134.5498046875,5095.5,5107.4501953125,0,1574.0,79.36000061035156,57.007999420166016,20.229999542236328
2012-06-27,5141.89990234375,5160.10009765625,5129.25,5149.4501953125,0,1577.5,80.20999908447266,57.007999420166016,20.3700008392334
2012-06-28,5149.14990234375,5159.0498046875,5125.2998046875,5148.9501953125,0,1549.699951171875,77.69000244140625,56.84999847412109,20.6200008392334
2012-06-29,5278.89990234375,5286.25,5189.0,5191.25,0,1603.5,84.95999908447266,56.79800033569336,19.07999992370605
2012-07-02,5278.60009765625,5302.14990234375,5263.35009765625,5283.85009765625,0,1597.199951171875,83.75,55.50299835205078,19.01000022888184
2012-07-03,5287.9501953125,5317.0,5265.9501953125,5298.85009765625,0,1621.300048828125,87.66000366210938,55.428001403808594,18.559999465942383
2012-07-04,5302.5498046875,5317.64990234375,5273.2998046875,5310.39990234375,0,1621.300048828125,87.66000366210938,54.358001708984375,18.270000457763672
2012-07-05,5327.2998046875,5333.64990234375,5288.85009765625,5297.0498046875,0,1608.9000244140625,87.22000122070312,54.47800064086914,18.350000381469727
2012-07-06,5316.9501953125,5327.2001953125,5287.75,5324.7001953125,0,1578.4000244140625,84.44999694824219,54.9379997253418,18.040000915527344
2012-07-09,5275.14990234375,5300.60009765625,5257.75,5283.7001953125,0,1588.5999755859375,85.98999786376953,55.40299987792969,18.71999931335449
2012-07-10,5345.35009765625,5348.5498046875,5284.5498046875,5286.60009765625,0,1579.300048828125,83.91000366210938,55.84299850463867,17.829999923706055
2012-07-11,5306.2998046875,5336.4501953125,5300.25,5315.25,0,1575.199951171875,85.80999755859375,55.38800048828125,18.38999938964844
2012-07-12,5235.25,5261.75,5217.7001953125,5240.0,0,1564.9000244140625,86.08000183105469,55.61800003051758,18.709999084472656
2012-07-13,5227.25,5267.14990234375,5216.85009765625,5242.75,0,1591.5999755859375,87.0999984741211,55.928001403808594,18.26000022888184
2012-07-16,5197.25,5246.85009765625,5190.4501953125,5232.35009765625,0,1591.199951171875,88.43000030517578,55.13800048828125,18.770000457763672
2012-07-17,5192.85009765625,5236.7001953125,5181.7001953125,5228.0498046875,0,1589.0999755859375,89.22000122070312,55.04800033569336,17.780000686645508
2012-07-18,5216.2998046875,5222.85009765625,5169.0498046875,5199.10009765625,0,1570.4000244140625,89.87000274658203,55.09799957275391,17.440000534057617
2012-07-19,5242.7001953125,5257.75,5233.14990234375,5249.85009765625,0,1580.0999755859375,92.66000366210938,55.3129997253418,16.3799991607666
2012-07-20,5205.10009765625,5238.7001953125,5197.5,5233.5498046875,0,1582.5,91.44000244140624,55.11800003051758,16.889999389648438
2012-07-23,5117.9501953125,5164.2001953125,5108.10009765625,5163.25,0,1577.0999755859375,88.13999938964844,55.31800079345703,18.65999984741211
2012-07-24,5128.2001953125,5144.0,5103.25,5128.7998046875,0,1576.0,88.5,55.9630012512207,16.969999313354492
2012-07-25,5109.60009765625,5121.60009765625,5076.60009765625,5118.39990234375,0,1608.0,88.97000122070312,56.108001708984375,16.75
2012-07-26,5043.0,5126.2998046875,5032.39990234375,5126.2998046875,0,1615.0,89.38999938964844,56.15800094604492,16.3700008392334
2012-07-27,5099.85009765625,5149.9501953125,5077.5,5124.2998046875,0,1617.9000244140625,90.12999725341795,55.51800155639648,16.440000534057617
2012-07-30,5199.7998046875,5206.60009765625,5129.75,5129.75,0,1619.699951171875,89.77999877929688,55.24800109863281,16.600000381469727
2012-07-31,5229.0,5234.5498046875,5154.0498046875,5214.85009765625,0,1610.5,88.05999755859375,55.42300033569336,16.010000228881836
2012-08-01,5240.5,5246.35009765625,5212.64990234375,5220.7001953125,0,1603.699951171875,88.91000366210938,55.64799880981445,16.450000762939453
2012-08-02,5227.75,5236.89990234375,5209.9501953125,5233.10009765625,0,1587.4000244140625,87.12999725341797,55.46799850463867,16.770000457763672
2012-08-03,5215.7001953125,5220.2001953125,5164.64990234375,5195.60009765625,0,1606.0,91.4000015258789,55.8380012512207,16.1200008392334
2012-08-06,5282.5498046875,5293.2001953125,5260.85009765625,5260.85009765625,0,1612.9000244140625,92.1999969482422,55.74800109863281,16.219999313354492
2012-08-07,5336.7001953125,5350.10009765625,5281.64990234375,5295.39990234375,0,1609.699951171875,93.66999816894533,55.51800155639648,16.209999084472656
2012-08-08,5338.0,5377.60009765625,5331.0498046875,5345.25,0,1612.9000244140625,93.3499984741211,55.0629997253418,16.3700008392334
2012-08-09,5322.9501953125,5368.2001953125,5312.10009765625,5348.2998046875,0,1617.0999755859375,93.36000061035156,55.417999267578125,16.329999923706055
2012-08-10,5320.39990234375,5330.10009765625,5294.10009765625,5308.2001953125,0,1619.699951171875,92.87000274658205,55.26800155639648,16.06999969482422
2012-08-13,5347.89990234375,5352.4501953125,5309.0498046875,5316.35009765625,0,1609.5999755859375,92.7300033569336,55.27799987792969,16.010000228881836
2012-08-14,5380.35009765625,5387.0498046875,5328.7998046875,5343.25,0,1599.4000244140625,93.43000030517578,55.3380012512207,15.640000343322754
2012-08-16,5362.9501953125,5390.64990234375,5356.64990234375,5385.9501953125,0,1616.0999755859375,95.5999984741211,55.64799880981445,15.6899995803833
2012-08-17,5366.2998046875,5399.9501953125,5341.7001953125,5368.60009765625,0,1616.300048828125,96.01000213623048,55.61800003051758,15.729999542236328
2012-08-21,5421.0,5425.14990234375,5368.7001953125,5368.7001953125,0,1639.9000244140625,96.68000030517578,55.49800109863281,16.299999237060547
2012-08-22,5412.85009765625,5433.35009765625,5394.7998046875,5395.75,0,1637.4000244140625,97.26000213623048,55.36299896240234,16.0
2012-08-23,5415.35009765625,5448.60009765625,5393.85009765625,5426.14990234375,0,1669.5999755859375,96.2699966430664,55.49300003051758,16.1200008392334
2012-08-24,5386.7001953125,5399.64990234375,5371.0,5392.60009765625,0,1669.800048828125,96.1500015258789,55.257999420166016,16.15999984741211
2012-08-27,5350.25,5399.14990234375,5346.64990234375,5387.85009765625,0,1672.4000244140625,95.47000122070312,55.49800109863281,16.469999313354492
2012-08-29,5287.7998046875,5345.5,5282.7001953125,5343.85009765625,0,1659.800048828125,95.48999786376952,55.66299819946289,16.739999771118164
2012-08-30,5315.0498046875,5342.7998046875,5255.0498046875,5268.60009765625,0,1653.5,94.62000274658205,55.62300109863281,16.670000076293945
2012-08-31,5258.5,5303.25,5238.89990234375,5298.2001953125,0,1684.5999755859375,96.47000122070312,55.62799835205078,17.299999237060547
2012-09-03,5253.75,5295.7998046875,5243.14990234375,5276.5,0,1684.5999755859375,96.47000122070312,55.51800155639648,17.280000686645508
2012-09-04,5274.0,5278.35009765625,5233.2001953125,5249.14990234375,0,1692.9000244140625,95.3000030517578,55.52799987792969,16.59000015258789
2012-09-05,5225.7001953125,5259.5,5215.7001953125,5243.89990234375,0,1690.800048828125,95.36000061035156,55.64799880981445,17.010000228881836
2012-09-06,5238.39990234375,5260.60009765625,5217.64990234375,5217.64990234375,0,1702.5999755859375,95.52999877929688,55.90299987792969,16.979999542236328
2012-09-07,5342.10009765625,5347.14990234375,5309.2001953125,5309.4501953125,0,1737.5,96.41999816894533,55.65800094604492,15.260000228881836
2012-09-10,5363.4501953125,5375.4501953125,5349.10009765625,5361.89990234375,0,1728.699951171875,96.54000091552734,55.358001708984375,15.270000457763672
2012-09-11,5390.0,5393.35009765625,5332.10009765625,5336.10009765625,0,1731.800048828125,97.16999816894533,55.4379997253418,15.380000114440918
2012-09-12,5431.0,5435.5498046875,5393.9501953125,5404.4501953125,0,1730.5999755859375,97.01000213623048,55.3380012512207,15.039999961853027
2012-09-13,5435.35009765625,5447.4501953125,5421.85009765625,5435.2001953125,0,1769.0999755859375,98.30999755859376,55.20800018310547,15.670000076293944
2012-09-14,5577.64990234375,5586.64990234375,5526.9501953125,5528.35009765625,0,1769.800048828125,99.0,55.417999267578125,15.380000114440918
2012-09-17,5610.0,5652.2001953125,5585.14990234375,5631.75,0,1767.699951171875,96.62000274658205,54.29800033569336,17.780000686645508
2012-09-18,5600.0498046875,5620.5498046875,5586.4501953125,5602.39990234375,0,1768.4000244140625,95.29000091552734,54.007999420166016,17.829999923706055
2012-09-20,5554.25,5581.35009765625,5534.89990234375,5536.9501953125,0,1767.699951171875,91.87000274658205,54.01800155639648,18.6200008392334
2012-09-21,5691.14990234375,5720.0,5575.4501953125,5577.0,0,1775.5,92.88999938964844,54.257999420166016,18.93000030517578
2012-09-24,5669.60009765625,5709.85009765625,5662.75,5691.9501953125,0,1762.0999755859375,91.93000030517578,53.358001708984375,18.82999992370605
2012-09-25,5673.89990234375,5702.7001953125,5652.4501953125,5674.89990234375,0,1763.800048828125,91.37000274658205,53.46799850463867,17.110000610351562
2012-09-26,5663.4501953125,5672.7998046875,5638.64990234375,5653.39990234375,0,1750.5999755859375,89.9800033569336,53.358001708984375,16.969999313354492
2012-09-27,5649.5,5693.7001953125,5639.7001953125,5673.75,0,1777.5999755859375,91.8499984741211,53.507999420166016,16.90999984741211
2012-09-28,5703.2998046875,5735.14990234375,5683.4501953125,5684.7998046875,0,1771.0999755859375,92.19000244140624,53.007999420166016,16.15999984741211
2012-10-01,5718.7998046875,5722.9501953125,5694.0,5704.75,0,1780.5,92.4800033569336,52.84799957275391,16.34000015258789
2012-10-03,5731.25,5743.25,5715.7998046875,5727.7001953125,0,1777.300048828125,88.13999938964844,52.39799880981445,16.5
2012-10-04,5787.60009765625,5807.25,5751.35009765625,5751.5498046875,0,1794.0999755859375,91.70999908447266,52.15299987792969,16.440000534057617
2012-10-05,5746.9501953125,5815.35009765625,4888.2001953125,5815.0,0,1778.5999755859375,89.87999725341797,51.73799896240234,16.780000686645508
2012-10-08,5676.0,5751.85009765625,5666.2001953125,5751.85009765625,0,1773.5,89.33000183105469,51.90800094604492,17.170000076293945
2012-10-09,5704.60009765625,5728.64990234375,5677.89990234375,5708.14990234375,0,1763.0,92.38999938964844,52.63800048828125,16.799999237060547
2012-10-10,5652.14990234375,5686.5,5647.0498046875,5671.14990234375,0,1763.199951171875,91.25,52.71799850463867,16.829999923706055
2012-10-11,5708.0498046875,5721.10009765625,5636.9501953125,5663.5,0,1768.800048828125,92.06999969482422,53.042999267578125,16.489999771118164
2012-10-12,5676.0498046875,5725.0,5659.35009765625,5681.7001953125,0,1758.0,91.86000061035156,52.667999267578125,16.489999771118164
2012-10-15,5687.25,5693.7001953125,5651.0498046875,5674.25,0,1736.0,91.8499984741211,52.803001403808594,15.899999618530272
2012-10-16,5648.0,5714.0,5635.60009765625,5705.60009765625,0,1744.699951171875,92.08999633789062,53.01300048828125,15.56999969482422
2012-10-17,5660.25,5684.35009765625,5633.89990234375,5681.10009765625,0,1751.5,92.12000274658205,52.86800003051758,15.170000076293944
2012-10-18,5718.7001953125,5722.5,5650.5498046875,5675.2998046875,0,1743.300048828125,92.0999984741211,52.86800003051758,14.760000228881836
2012-10-19,5684.25,5711.7001953125,5660.0,5703.2998046875,0,1722.800048828125,90.05000305175781,53.40800094604492,14.539999961853027
2012-10-22,5717.14990234375,5721.5498046875,5658.0498046875,5667.60009765625,0,1725.0999755859375,88.7300033569336,53.8380012512207,13.039999961853027
2012-10-23,5691.39990234375,5720.7998046875,5681.4501953125,5715.64990234375,0,1708.300048828125,86.66999816894531,53.46799850463867,13.710000038146973
2012-10-25,5705.2998046875,5718.75,5685.7001953125,5688.7998046875,0,1712.0,86.05000305175781,53.733001708984375,13.520000457763672
2012-10-29,5665.60009765625,5698.2998046875,5645.10009765625,5665.2001953125,0,1712.0,86.05000305175781,53.54800033569336,15.119999885559082
2012-10-30,5597.89990234375,5689.89990234375,5589.89990234375,5656.35009765625,0,1712.0,86.05000305175781,54.07799911499024,15.170000076293944
2012-10-31,5619.7001953125,5624.39990234375,5583.0498046875,5596.75,0,1717.5,86.23999786376953,53.95800018310547,14.399999618530272
2012-11-01,5645.0498046875,5649.75,5601.9501953125,5609.85009765625,0,1714.0999755859375,87.08999633789062,53.87799835205078,14.079999923706056
2012-11-02,5697.7001953125,5711.2998046875,5682.5498046875,5696.35009765625,0,1674.0999755859375,84.86000061035156,53.65299987792969,13.65999984741211
2012-11-05,5704.2001953125,5709.2001953125,5679.5,5693.0498046875,0,1682.199951171875,85.6500015258789,53.80799865722656,14.630000114440918
2012-11-06,5724.39990234375,5730.7998046875,5693.64990234375,5694.10009765625,0,1714.0999755859375,88.70999908447266,54.5880012512207,15.210000038146973
2012-11-07,5760.10009765625,5777.2998046875,5711.39990234375,5718.60009765625,0,1713.199951171875,84.44000244140625,54.417999267578125,14.510000228881836
2012-11-08,5738.75,5744.5,5693.9501953125,5709.0,0,1725.4000244140625,85.08999633789062,54.198001861572266,14.220000267028809
2012-11-09,5686.25,5751.7001953125,5677.75,5731.10009765625,0,1730.300048828125,86.06999969482422,54.358001708984375,14.369999885559082
2012-11-12,5683.7001953125,5718.89990234375,5665.75,5688.4501953125,0,1730.300048828125,85.56999969482422,54.5880012512207,14.859999656677246
2012-11-15,5631.0,5651.64990234375,5603.5498046875,5650.35009765625,0,1713.300048828125,85.44999694824219,54.803001403808594,15.529999732971191
2012-11-16,5574.0498046875,5650.14990234375,5559.7998046875,5624.7998046875,0,1714.300048828125,86.66999816894531,54.698001861572266,16.219999313354492
2012-11-19,5571.39990234375,5592.75,5549.25,5577.2998046875,0,1734.0,89.27999877929688,55.15800094604492,16.68000030517578
2012-11-20,5571.5498046875,5613.7001953125,5548.35009765625,5604.7998046875,0,1723.199951171875,86.75,55.05799865722656,15.8100004196167
2012-11-21,5614.7998046875,5620.2001953125,5561.39990234375,5582.5,0,1727.9000244140625,87.37999725341797,55.09799957275391,15.460000038146973
2012-11-22,5627.75,5643.35009765625,5608.0,5628.60009765625,0,1727.9000244140625,87.37999725341797,55.108001708984375,14.90999984741211
2012-11-23,5626.60009765625,5637.75,5593.5498046875,5635.4501953125,0,1751.300048828125,88.27999877929688,55.20800018310547,14.68000030517578
2012-11-26,5635.89990234375,5649.2001953125,5623.4501953125,5648.64990234375,0,1749.5,87.73999786376953,55.44300079345703,14.670000076293944
2012-11-27,5727.4501953125,5733.2001953125,5658.0,5658.5,0,1742.199951171875,87.18000030517578,55.63600158691406,13.960000038146973
2012-11-29,5825.0,5833.5,5736.10009765625,5736.7001953125,0,1727.199951171875,88.06999969482422,55.70299911499024,15.369999885559082
2012-11-30,5879.85009765625,5885.25,5827.85009765625,5836.0,0,1710.9000244140625,88.91000366210938,54.8380012512207,15.149999618530272
2012-12-03,5870.9501953125,5899.14990234375,5854.60009765625,5878.25,0,1719.5999755859375,89.08999633789062,54.257999420166016,15.619999885559082
2012-12-04,5889.25,5894.9501953125,5859.0,5866.7998046875,0,1694.4000244140625,88.5,54.76800155639648,15.90999984741211
2012-12-05,5900.5,5917.7998046875,5891.35009765625,5906.60009765625,0,1692.4000244140625,87.87999725341797,54.67300033569336,16.6200008392334
2012-12-06,5930.89990234375,5942.5498046875,5838.89990234375,5926.2998046875,0,1700.300048828125,86.26000213623047,54.53799819946289,15.239999771118164
2012-12-07,5907.39990234375,5949.85009765625,5888.64990234375,5934.0,0,1704.0,85.93000030517578,54.132999420166016,14.960000038146973
2012-12-10,5908.89990234375,5919.9501953125,5888.10009765625,5916.0498046875,0,1713.0,85.55999755859375,54.3380012512207,14.510000228881836
2012-12-11,5898.7998046875,5965.14990234375,5865.4501953125,5923.7998046875,0,1708.199951171875,85.79000091552734,54.48799896240234,14.670000076293944
2012-12-12,5888.0,5924.60009765625,5874.25,5917.7998046875,0,1716.5999755859375,86.7699966430664,54.257999420166016,14.510000228881836
2012-12-13,5851.5,5907.4501953125,5841.35009765625,5900.35009765625,0,1695.5999755859375,85.88999938964844,54.31800079345703,14.710000038146973
2012-12-14,5879.60009765625,5886.10009765625,5839.14990234375,5846.89990234375,0,1695.800048828125,86.7300033569336,54.45800018310547,14.229999542236328
2012-12-17,5857.89990234375,5886.0498046875,5850.14990234375,5860.5,0,1697.0,87.19999694824219,54.4379997253418,14.920000076293944
2012-12-18,5896.7998046875,5905.7998046875,5823.14990234375,5873.60009765625,0,1669.5,87.93000030517578,54.84799957275391,14.4399995803833
2012-12-19,5929.60009765625,5939.39990234375,5910.7998046875,5917.2998046875,0,1666.5,89.51000213623047,54.84799957275391,14.470000267028809
2012-12-20,5916.39990234375,5937.60009765625,5881.4501953125,5934.4501953125,0,1644.9000244140625,90.12999725341795,54.54800033569336,14.31999969482422
2012-12-21,5847.7001953125,5888.0,5841.64990234375,5888.0,0,1659.0999755859375,88.66000366210938,54.84799957275391,14.630000114440918
2012-12-24,5855.75,5871.89990234375,5844.7001953125,5869.0,0,1658.5999755859375,88.61000061035156,55.05799865722656,14.489999771118164
2012-12-26,5905.60009765625,5917.2998046875,5859.5498046875,5864.9501953125,0,1659.800048828125,90.9800033569336,55.007999420166016,14.100000381469728
2012-12-27,5870.10009765625,5930.7998046875,5864.7001953125,5930.2001953125,0,1662.5999755859375,90.87000274658205,54.8380012512207,13.739999771118164
2012-12-28,5908.35009765625,5915.75,5879.5,5887.14990234375,0,1654.9000244140625,90.8000030517578,54.94200134277344,13.630000114440918
2012-12-31,5905.10009765625,5919.0,5897.14990234375,5901.2001953125,0,1674.800048828125,91.81999969482422,54.75299835205078,14.949999809265137
2013-01-02,5993.25,6006.0498046875,5982.0,5982.60009765625,0,1687.9000244140625,93.12000274658205,54.678001403808594,13.710000038146973
2013-01-03,6009.5,6017.0,5986.5498046875,6015.7998046875,0,1673.699951171875,92.91999816894533,54.34799957275391,13.470000267028809
2013-01-04,6016.14990234375,6020.75,5981.5498046875,6011.9501953125,0,1648.0999755859375,93.08999633789062,54.49800109863281,13.369999885559082
2013-01-07,5988.39990234375,6042.14990234375,5977.14990234375,6042.14990234375,0,1645.5,93.19000244140624,54.880001068115234,13.920000076293944
2013-01-08,6001.7001953125,6007.0498046875,5964.39990234375,5983.4501953125,0,1661.5,93.1500015258789,55.21799850463867,13.270000457763672
2013-01-09,5971.5,6020.10009765625,5958.4501953125,6006.2001953125,0,1654.800048828125,93.0999984741211,54.98799896240234,13.31999969482422
2013-01-10,5968.64990234375,6005.14990234375,5947.2998046875,5998.7998046875,0,1677.300048828125,93.81999969482422,54.74800109863281,13.270000457763672
2013-01-11,5951.2998046875,6018.85009765625,5940.60009765625,6012.39990234375,0,1660.0,93.55999755859376,54.55799865722656,13.229999542236328
2013-01-14,6024.0498046875,6036.89990234375,5962.14990234375,5967.2001953125,0,1668.9000244140625,94.13999938964844,54.86800003051758,13.699999809265137
2013-01-15,6056.60009765625,6068.5,6018.60009765625,6037.85009765625,0,1683.4000244140625,93.27999877929688,54.49300003051758,13.579999923706056
2013-01-16,6001.85009765625,6055.9501953125,5992.0498046875,6049.0,0,1682.699951171875,94.23999786376952,54.61299896240234,13.989999771118164
2013-01-17,6039.2001953125,6053.2001953125,5988.10009765625,6001.25,0,1690.4000244140625,95.48999786376952,54.6879997253418,14.010000228881836
2013-01-18,6064.39990234375,6083.39990234375,6048.2998046875,6059.85009765625,0,1686.5999755859375,95.55999755859376,54.34799957275391,13.890000343322754
2013-01-21,6082.2998046875,6094.35009765625,6065.10009765625,6085.75,130900,1686.5999755859375,95.55999755859376,53.73799896240234,13.65999984741211
2013-01-22,6048.5,6101.2998046875,6040.5,6080.14990234375,129000,1692.800048828125,96.23999786376952,53.76800155639648,13.890000343322754
2013-01-23,6054.2998046875,6069.7998046875,6021.14990234375,6052.85009765625,137000,1686.300048828125,95.2300033569336,53.80799865722656,13.670000076293944
2013-01-24,6019.35009765625,6065.2998046875,6007.85009765625,6046.2001953125,185200,1669.5,95.9499969482422,53.667999267578125,14.460000038146973
2013-01-25,6074.64990234375,6080.5498046875,6014.4501953125,6024.5,147600,1656.4000244140625,95.87999725341795,53.678001403808594,14.770000457763672
2013-01-28,6074.7998046875,6088.39990234375,6061.39990234375,6082.10009765625,113100,1652.4000244140625,96.44000244140624,53.792999267578125,15.170000076293944
2013-01-29,6049.89990234375,6111.7998046875,6042.4501953125,6064.7001953125,157600,1660.699951171875,97.56999969482422,53.90800094604492,14.470000267028809
2013-01-30,6055.75,6071.9501953125,6044.14990234375,6065.0,124200,1679.9000244140625,97.94000244140624,53.757999420166016,14.380000114440918
2013-01-31,6034.75,6058.0498046875,6025.14990234375,6045.64990234375,168500,1660.5999755859375,97.48999786376952,53.303001403808594,14.130000114440918
2013-02-01,5998.89990234375,6052.9501953125,5983.2001953125,6040.9501953125,159300,1669.4000244140625,97.7699966430664,53.2130012512207,13.760000228881836
2013-02-04,5987.25,6038.5,5981.25,6025.2001953125,141700,1675.300048828125,96.16999816894533,53.16299819946289,14.34000015258789
2013-02-05,5956.89990234375,5970.35009765625,5946.89990234375,5948.2001953125,136200,1672.4000244140625,96.63999938964844,53.28300094604492,14.609999656677246
2013-02-06,5959.2001953125,5990.89990234375,5953.14990234375,5988.0498046875,157800,1677.699951171875,96.62000274658205,53.132999420166016,14.260000228881836
2013-02-07,5938.7998046875,5978.5,5927.60009765625,5936.4501953125,157600,1670.4000244140625,95.83000183105467,53.15299987792969,14.890000343322754
2013-02-08,5903.5,5953.7001953125,5883.64990234375,5929.10009765625,192600,1666.0,95.72000122070312,53.21799850463867,15.15999984741211
2013-02-11,5897.85009765625,5924.14990234375,5879.10009765625,5920.0498046875,122000,1648.199951171875,97.02999877929688,53.5880012512207,15.649999618530272
2013-02-12,5922.5,5927.64990234375,5886.4501953125,5894.35009765625,142800,1648.699951171875,97.51000213623048,53.95800018310547,15.3100004196167
2013-02-13,5932.9501953125,5969.5,5922.9501953125,5943.14990234375,142600,1644.199951171875,97.01000213623048,53.84799957275391,15.140000343322754
2013-02-14,5896.9501953125,5940.2001953125,5884.5498046875,5933.2001953125,143800,1634.699951171875,97.30999755859376,53.81800079345703,15.09000015258789
2013-02-15,5887.39990234375,5899.9501953125,5853.89990234375,5869.9501953125,125100,1608.800048828125,95.86000061035156,53.917999267578125,15.239999771118164
2013-02-18,5898.2001953125,5911.0,5878.4501953125,5888.64990234375,114300,1608.800048828125,95.86000061035156,54.31800079345703,16.290000915527344
2013-02-19,5939.7001953125,5947.5498046875,5883.14990234375,5900.2001953125,101000,1603.5999755859375,96.66000366210938,54.178001403808594,15.8100004196167
2013-02-20,5943.0498046875,5971.0,5937.5498046875,5966.2998046875,135400,1577.5999755859375,94.45999908447266,54.16299819946289,15.600000381469728
2013-02-21,5852.25,5921.14990234375,5844.39990234375,5909.64990234375,159400,1578.199951171875,92.83999633789062,54.06800079345703,16.940000534057617
2013-02-22,5850.2998046875,5873.7998046875,5835.7998046875,5837.9501953125,157000,1572.4000244140625,93.12999725341795,54.46799850463867,16.790000915527344
2013-02-25,5854.75,5878.39990234375,5825.0,5870.5498046875,125100,1586.199951171875,93.11000061035156,54.27299880981445,16.729999542236328
2013-02-26,5761.35009765625,5838.85009765625,5748.60009765625,5838.2998046875,157400,1615.199951171875,92.62999725341795,53.86299896240234,17.360000610351562
2013-02-27,5796.89990234375,5818.2001953125,5749.7001953125,5784.89990234375,175200,1595.199951171875,92.76000213623048,54.0880012512207,16.229999542236328
2013-02-28,5693.0498046875,5849.89990234375,5671.89990234375,5834.35009765625,334900,1577.699951171875,92.0500030517578,53.858001708984375,14.859999656677246
2013-03-01,5719.7001953125,5739.4501953125,5679.89990234375,5702.4501953125,174500,1571.9000244140625,90.68000030517578,54.36299896240234,14.0600004196167
2013-03-04,5698.5,5712.0,5663.60009765625,5704.7001953125,144900,1572.0999755859375,90.12000274658205,54.89799880981445,13.670000076293944
2013-03-05,5784.25,5790.10009765625,5722.39990234375,5722.4501953125,154400,1574.5999755859375,90.81999969482422,54.858001708984375,13.390000343322754
2013-03-06,5818.60009765625,5828.7001953125,5795.0498046875,5816.39990234375,156900,1574.5999755859375,90.43000030517578,54.917999267578125,13.399999618530272
2013-03-07,5863.2998046875,5878.0,5801.2998046875,5801.2998046875,134700,1574.800048828125,91.55999755859376,54.7130012512207,13.06999969482422
2013-03-08,5945.7001953125,5952.85009765625,5883.0,5883.64990234375,150800,1576.5999755859375,91.9499969482422,54.55799865722656,13.34000015258789
2013-03-11,5942.35009765625,5971.2001953125,5930.35009765625,5946.10009765625,125400,1577.800048828125,92.05999755859376,54.34299850463867,14.25
2013-03-12,5914.10009765625,5952.0,5893.64990234375,5944.60009765625,115900,1591.5,92.54000091552734,54.40800094604492,15.130000114440918
2013-03-13,5851.2001953125,5893.85009765625,5842.25,5884.7998046875,116700,1588.300048828125,92.5199966430664,54.141998291015625,16.200000762939453
2013-03-14,5908.9501953125,5920.14990234375,5791.75,5845.9501953125,149000,1590.5999755859375,93.02999877929688,54.36299896240234,14.65999984741211
2013-03-15,5872.60009765625,5945.64990234375,5861.0,5914.89990234375,152200,1592.5,93.4499969482422,54.35300064086914,15.15999984741211
2013-03-18,5835.25,5850.2001953125,5814.35009765625,5816.75,102700,1604.5999755859375,93.73999786376952,54.02299880981445,15.850000381469728
2013-03-19,5745.9501953125,5863.60009765625,5724.2998046875,5859.5,182300,1611.300048828125,92.16000366210938,54.073001861572266,16.709999084472656
2013-03-20,5694.39990234375,5745.2998046875,5682.2998046875,5740.5498046875,187600,1607.5,92.95999908447266,54.36800003051758,16.65999984741211
2013-03-21,5658.75,5757.75,5647.9501953125,5705.89990234375,179200,1613.800048828125,92.4499969482422,54.34999847412109,16.510000228881836
2013-03-22,5651.35009765625,5691.4501953125,5631.7998046875,5659.7998046875,165300,1606.199951171875,93.70999908447266,54.27799987792969,15.539999961853027
2013-03-25,5633.85009765625,5718.39990234375,5624.39990234375,5707.2998046875,150400,1604.5999755859375,94.80999755859376,54.34299850463867,16.360000610351562
2013-03-26,5641.60009765625,5655.2998046875,5612.0498046875,5613.75,126500,1595.800048828125,96.33999633789062,54.167999267578125,15.800000190734863
2013-03-28,5682.5498046875,5692.9501953125,5604.85009765625,5647.75,209700,1594.800048828125,97.2300033569336,54.38800048828125,15.220000267028809
2013-04-01,5704.39990234375,5720.9501953125,5675.89990234375,5697.35009765625,97800,1600.0,97.06999969482422,54.27799987792969,14.850000381469728
2013-04-02,5748.10009765625,5754.60009765625,5687.14990234375,5701.7001953125,106400,1575.0999755859375,97.19000244140624,54.25,14.100000381469728
2013-04-03,5672.89990234375,5744.9501953125,5650.10009765625,5740.2001953125,140700,1552.800048828125,94.4499969482422,54.42300033569336,14.869999885559082
2013-04-04,5574.75,5644.4501953125,5565.64990234375,5640.64990234375,134600,1551.800048828125,93.26000213623048,54.428001403808594,15.850000381469728
2013-04-05,5553.25,5577.2998046875,5534.7001953125,5568.10009765625,137500,1575.4000244140625,92.6999969482422,54.882999420166016,16.15999984741211
2013-04-08,5542.9501953125,5569.2001953125,5537.0498046875,5550.5,97000,1572.0,93.36000061035156,54.803001403808594,16.770000457763672
2013-04-09,5495.10009765625,5603.0498046875,5487.0,5568.75,138200,1586.199951171875,94.1999969482422,54.55799865722656,16.81999969482422
2013-04-10,5558.7001953125,5569.25,5477.2001953125,5536.25,128600,1558.300048828125,94.63999938964844,54.57799911499024,16.489999771118164
2013-04-11,5594.0,5610.64990234375,5542.85009765625,5601.64990234375,146800,1564.300048828125,93.51000213623048,54.51300048828125,16.969999313354492
2013-04-12,5528.5498046875,5544.5,5494.89990234375,5520.7001953125,127300,1501.0,91.29000091552734,54.29800033569336,16.450000762939453
2013-04-15,5568.39990234375,5592.85009765625,5500.2998046875,5508.5,142900,1360.5999755859375,88.70999908447266,54.51300048828125,16.610000610351562
2013-04-16,5688.9501953125,5699.25,5555.85009765625,5562.4501953125,142700,1386.800048828125,88.72000122070312,54.542999267578125,16.25
2013-04-17,5688.7001953125,5732.14990234375,5669.0,5708.64990234375,154600,1382.199951171875,86.68000030517578,54.14799880981445,16.360000610351562
2013-04-18,5783.10009765625,5794.35009765625,5681.85009765625,5682.7001953125,149900,1392.0,87.7300033569336,54.20800018310547,15.359999656677246
2013-04-22,5834.39990234375,5844.85009765625,5789.7998046875,5789.85009765625,135100,1421.0,88.76000213623047,53.93299865722656,16.219999313354492
2013-04-23,5836.89990234375,5844.2998046875,5791.5498046875,5843.10009765625,132200,1408.5999755859375,89.18000030517578,54.13800048828125,15.06999969482422
2013-04-25,5916.2998046875,5924.60009765625,5853.2998046875,5856.10009765625,199600,1461.800048828125,93.63999938964844,54.27299880981445,14.199999809265137
2013-04-26,5871.4501953125,5907.0498046875,5860.5,5899.75,141300,1453.5999755859375,93.0,54.21799850463867,13.880000114440918
2013-04-29,5904.10009765625,5918.64990234375,5868.7998046875,5877.60009765625,118900,1467.4000244140625,94.5,54.37300109863281,14.329999923706056
2013-04-30,5930.2001953125,5962.2998046875,5867.7998046875,5932.60009765625,153200,1472.199951171875,93.45999908447266,54.22800064086914,15.100000381469728
2013-05-02,5999.35009765625,6019.4501953125,5910.9501953125,5911.39990234375,162400,1467.699951171875,93.98999786376952,53.65800094604492,16.280000686645508
2013-05-03,5944.0,6000.2998046875,5930.14990234375,5993.5,145800,1464.300048828125,95.61000061035156,53.80799865722656,15.550000190734863
2013-05-06,5971.0498046875,5976.5,5928.4501953125,5944.89990234375,110200,1468.0999755859375,96.16000366210938,53.77999877929688,15.84000015258789
2013-05-07,6043.5498046875,6050.5,5982.9501953125,5983.4501953125,136400,1449.0,95.62000274658205,54.17300033569336,16.5
2013-05-08,6069.2998046875,6083.5498046875,6024.9501953125,6064.14990234375,122300,1473.9000244140625,96.62000274658205,54.12799835205078,16.760000228881836
2013-05-09,6050.14990234375,6084.7001953125,6040.4501953125,6078.35009765625,110000,1468.800048828125,96.38999938964844,54.15800094604492,16.600000381469727
2013-05-10,6094.75,6105.2998046875,6045.60009765625,6046.25,111400,1436.800048828125,96.04000091552734,54.24800109863281,16.860000610351562
2013-05-13,5980.4501953125,6104.9501953125,5972.89990234375,6098.2001953125,107900,1434.5,95.16999816894533,54.803001403808594,17.510000228881836
2013-05-14,5995.39990234375,6026.2001953125,5970.0498046875,5989.7001953125,119300,1424.699951171875,94.20999908447266,54.82799911499024,17.170000076293945
2013-05-15,6146.75,6157.10009765625,6018.85009765625,6018.85009765625,153900,1396.5,94.3000030517578,54.79800033569336,18.1299991607666
2013-05-16,6169.89990234375,6187.2998046875,6128.25,6128.25,158600,1387.0999755859375,95.16000366210938,54.77799987792969,17.739999771118164
2013-05-17,6187.2998046875,6199.9501953125,6146.14990234375,6172.9501953125,147300,1364.9000244140625,96.0199966430664,54.77799987792969,17.56999969482422
2013-05-20,6156.89990234375,6229.4501953125,6146.0498046875,6198.0,122300,1384.300048828125,96.70999908447266,54.88800048828125,17.709999084472656
2013-05-21,6114.10009765625,6180.25,6102.35009765625,6152.35009765625,130600,1377.800048828125,96.16000366210938,55.108001708984375,17.8799991607666
2013-05-22,6094.5,6147.60009765625,6074.4501953125,6127.0498046875,133800,1367.5999755859375,94.27999877929688,55.40800094604492,17.719999313354492
2013-05-23,5967.0498046875,6081.4501953125,5955.7001953125,6050.39990234375,198900,1392.0,94.25,55.65299987792969,18.729999542236328
2013-05-24,5983.5498046875,6015.2998046875,5936.7998046875,6010.7001953125,161600,1386.800048828125,94.1500015258789,55.70800018310547,17.700000762939453
2013-05-27,6083.14990234375,6099.89990234375,5975.5498046875,5989.39990234375,115100,1386.800048828125,94.1500015258789,55.8129997253418,17.030000686645508
2013-05-28,6111.25,6127.64990234375,6055.39990234375,6086.35009765625,139700,1379.0999755859375,95.01000213623048,55.56499862670898,17.1200008392334
2013-05-29,6104.2998046875,6125.0498046875,6069.7998046875,6120.4501953125,120200,1391.300048828125,93.12999725341795,56.108001708984375,17.860000610351562
2013-05-30,6124.0498046875,6133.75,6072.14990234375,6072.14990234375,194100,1411.5,93.61000061035156,56.29800033569336,16.040000915527344
2013-05-31,5985.9501953125,6106.25,5975.5498046875,6098.7001953125,175300,1392.5999755859375,91.97000122070312,56.37799835205078,16.989999771118164
2013-06-03,5939.2998046875,6011.0,5916.35009765625,5997.35009765625,112100,1411.699951171875,93.4499969482422,56.573001861572266,17.290000915527344
2013-06-04,5919.4501953125,5981.60009765625,5910.25,5941.10009765625,114500,1397.0999755859375,93.30999755859376,56.667999267578125,17.260000228881836
2013-06-05,5923.85009765625,5935.2001953125,5883.7001953125,5908.2998046875,110200,1398.4000244140625,93.73999786376952,56.4379997253418,16.780000686645508
2013-06-06,5921.39990234375,5956.5498046875,5869.5,5895.0,114200,1415.699951171875,94.76000213623048,56.72299957275391,17.350000381469727
2013-06-07,5881.0,5972.7001953125,5871.2998046875,5900.0498046875,118300,1383.0,96.02999877929688,56.8380012512207,17.350000381469727
2013-06-10,5878.0,5931.64990234375,5857.39990234375,5907.89990234375,100100,1386.199951171875,95.7699966430664,56.8380012512207,18.11000061035156
2013-06-11,5788.7998046875,5868.0498046875,5780.35009765625,5848.75,180900,1377.0,95.37999725341795,56.8380012512207,19.489999771118164
2013-06-12,5760.2001953125,5792.89990234375,5738.60009765625,5771.75,140400,1391.800048828125,95.87999725341795,56.8380012512207,18.850000381469727
2013-06-13,5699.10009765625,5729.85009765625,5683.10009765625,5709.35009765625,142000,1377.5999755859375,96.69000244140624,57.82799911499024,19.440000534057617
2013-06-14,5808.39990234375,5819.39990234375,5739.39990234375,5748.9501953125,124400,1387.300048828125,97.8499984741211,57.99800109863281,18.350000381469727
2013-06-17,5850.0498046875,5854.89990234375,5770.25,5820.39990234375,107200,1382.800048828125,97.7699966430664,57.49800109863281,18.18000030517578
2013-06-18,5813.60009765625,5863.39990234375,5804.2998046875,5841.89990234375,117500,1366.5999755859375,98.44000244140624,58.10300064086914,18.290000915527344
2013-06-19,5822.25,5828.39990234375,5777.89990234375,5805.75,115500,1373.5999755859375,98.23999786376952,58.8380012512207,18.459999084472656
2013-06-20,5655.89990234375,5755.0,5645.64990234375,5754.14990234375,198400,1285.9000244140625,95.4000015258789,58.7130012512207,19.190000534057617
2013-06-21,5667.64990234375,5686.14990234375,5616.85009765625,5639.89990234375,182400,1291.5999755859375,93.69000244140624,59.56800079345703,19.030000686645508
2013-06-24,5590.25,5640.0,5566.25,5638.0498046875,193500,1276.800048828125,95.18000030517578,59.26800155639648,21.01000022888184
2013-06-25,5609.10009765625,5666.25,5570.25,5606.9501953125,196600,1274.800048828125,95.31999969482422,59.80799865722656,21.13999938964844
2013-06-26,5588.7001953125,5635.25,5579.35009765625,5627.9501953125,160100,1229.5999755859375,95.5,59.65800094604492,21.06999969482422
2013-06-27,5682.35009765625,5699.35009765625,5630.9501953125,5647.9501953125,239000,1211.4000244140625,97.0500030517578,60.7130012512207,18.850000381469727
2013-06-28,5842.2001953125,5852.9501953125,5749.5,5749.5,214400,1223.800048828125,96.55999755859376,60.1879997253418,17.950000762939453
2013-07-01,5898.85009765625,5904.35009765625,5822.2001953125,5834.10009765625,144800,1255.9000244140625,97.98999786376952,59.5260009765625,18.09000015258789
2013-07-02,5857.5498046875,5898.7998046875,5852.2998046875,5885.5,145700,1243.5999755859375,99.5999984741211,59.37799835205078,18.209999084472656
2013-07-03,5770.89990234375,5815.0,5760.39990234375,5811.9501953125,160500,1252.0999755859375,101.23999786376952,59.54800033569336,18.90999984741211
2013-07-04,5836.9501953125,5848.2001953125,5786.0498046875,5794.75,151900,1252.0999755859375,101.23999786376952,60.21900177001953,18.57999992370605
2013-07-05,5867.89990234375,5900.4501953125,5858.4501953125,5889.9501953125,123600,1212.9000244140625,103.22000122070312,60.17499923706055,18.670000076293945
2013-07-08,5811.5498046875,5833.85009765625,5775.5498046875,5833.14990234375,127600,1234.9000244140625,103.13999938964844,60.22299957275391,19.34000015258789
2013-07-09,5859.0,5864.9501953125,5834.60009765625,5834.60009765625,110400,1245.9000244140625,103.52999877929688,60.6879997253418,19.31999969482422
2013-07-10,5816.7001953125,5879.35009765625,5802.85009765625,5869.89990234375,117500,1247.4000244140625,106.5199966430664,60.095001220703125,19.979999542236328
2013-07-11,5935.10009765625,5948.85009765625,5887.9501953125,5894.5,120200,1280.0999755859375,104.91000366210938,59.88800048828125,18.88999938964844
2013-07-12,6009.0,6019.0,5951.14990234375,6000.5,127700,1277.800048828125,105.9499969482422,59.82699966430664,18.690000534057617
2013-07-15,6030.7998046875,6038.2001953125,5980.9501953125,5991.2001953125,116300,1283.800048828125,106.31999969482422,59.88399887084961,18.790000915527344
2013-07-16,5955.25,5966.0498046875,5910.9501953125,5930.7998046875,151200,1290.800048828125,106.0,59.80799865722656,18.989999771118164
2013-07-17,5973.2998046875,5989.7998046875,5926.75,5972.25,191500,1277.9000244140625,106.4800033569336,59.292999267578125,19.36000061035156
2013-07-18,6038.0498046875,6051.10009765625,5974.5498046875,5984.7001953125,171700,1284.5999755859375,108.04000091552734,59.323001861572266,18.270000457763672
2013-07-19,6029.2001953125,6066.85009765625,6020.25,6057.2001953125,163300,1293.300048828125,108.0500030517578,59.73799896240234,18.1299991607666
2013-07-22,6031.7998046875,6064.14990234375,6004.25,6009.75,115200,1336.4000244140625,106.91000366210938,59.33300018310547,17.6299991607666
2013-07-23,6077.7998046875,6093.35009765625,6061.2998046875,6064.2998046875,126500,1335.0999755859375,107.2300033569336,59.71799850463867,16.719999313354492
2013-07-24,5990.5,6047.25,5962.60009765625,6032.2001953125,151900,1319.699951171875,105.38999938964844,59.757999420166016,16.90999984741211
2013-07-25,5907.5,5990.64990234375,5896.39990234375,5970.39990234375,237100,1329.0,105.48999786376952,59.12699890136719,16.719999313354492
2013-07-26,5886.2001953125,5944.5,5869.5,5937.9501953125,174500,1321.699951171875,104.6999969482422,58.95800018310547,16.780000686645508
2013-07-29,5831.64990234375,5886.0,5825.7998046875,5869.9501953125,173400,1328.4000244140625,104.5500030517578,59.060001373291016,18.25
2013-07-30,5755.0498046875,5861.2998046875,5747.60009765625,5836.0498046875,181500,1324.0,103.08000183105467,59.4119987487793,18.1200008392334
2013-07-31,5742.0,5752.10009765625,5675.75,5738.35009765625,235500,1312.4000244140625,105.02999877929688,60.80799865722656,18.770000457763672
2013-08-01,5727.85009765625,5808.5,5676.85009765625,5776.89990234375,216800,1311.0,107.88999938964844,60.630001068115234,19.809999465942383
2013-08-02,5677.89990234375,5761.85009765625,5649.0,5750.0498046875,222500,1310.5999755859375,106.94000244140624,60.43299865722656,20.88999938964844
2013-08-05,5685.39990234375,5721.0,5661.5,5682.39990234375,197200,1302.5999755859375,106.55999755859376,61.09799957275391,20.799999237060547
2013-08-06,5542.25,5664.89990234375,5521.7998046875,5664.89990234375,216200,1283.199951171875,105.3000030517578,60.87699890136719,22.729999542236328
2013-08-07,5519.10009765625,5561.4501953125,5486.85009765625,5549.2998046875,245000,1286.0999755859375,104.37000274658205,60.78300094604492,22.040000915527344
2013-08-08,5565.64990234375,5577.60009765625,5510.0498046875,5510.0498046875,204900,1310.699951171875,103.4000015258789,61.20299911499024,21.190000534057617
2013-08-12,5612.39990234375,5644.10009765625,5557.10009765625,5606.7001953125,195700,1334.699951171875,106.11000061035156,60.672000885009766,21.280000686645508
2013-08-13,5699.2998046875,5704.75,5578.89990234375,5600.25,223000,1321.199951171875,106.83000183105467,61.369998931884766,19.26000022888184
2013-08-14,5742.2998046875,5754.5498046875,5690.2001953125,5715.39990234375,223700,1334.0,106.8499984741211,61.45000076293945,18.700000762939453
2013-08-16,5507.85009765625,5716.60009765625,5496.0498046875,5705.4501953125,248100,1371.699951171875,107.45999908447266,61.2599983215332,23.63999938964844
2013-08-19,5414.75,5499.64990234375,5360.64990234375,5497.5498046875,219700,1366.199951171875,107.0999984741211,62.4900016784668,25.59000015258789
2013-08-20,5401.4501953125,5417.7998046875,5306.35009765625,5353.4501953125,261100,1373.0999755859375,104.97000122070312,63.84999847412109,27.229999542236328
2013-08-21,5302.5498046875,5504.10009765625,5268.4501953125,5494.4501953125,255000,1370.5999755859375,103.8499984741211,63.36000061035156,28.09000015258789
2013-08-22,5408.4501953125,5418.9501953125,5254.0498046875,5282.7998046875,284500,1371.199951171875,105.02999877929688,64.69000244140625,29.059999465942383
2013-08-23,5471.75,5478.7998046875,5377.7998046875,5428.75,251500,1395.699951171875,106.41999816894533,64.41000366210938,25.75
2013-08-26,5476.5,5528.7001953125,5454.4501953125,5499.39990234375,242000,1393.0,105.91999816894533,64.06999969482422,26.3799991607666
2013-08-27,5287.4501953125,5427.39990234375,5274.25,5426.5,306000,1420.5999755859375,109.01000213623048,64.29299926757812,29.420000076293945
2013-08-28,5285.0,5317.7001953125,5118.85009765625,5233.4501953125,336000,1419.0,110.0999984741211,66.86000061035156,32.380001068115234
2013-08-29,5409.0498046875,5428.89990234375,5303.0,5316.5,326500,1412.9000244140625,108.8000030517578,67.3499984741211,29.40999984741211
2013-08-30,5471.7998046875,5493.2998046875,5360.2001953125,5407.4501953125,336400,1396.0999755859375,107.6500015258789,67.38999938964844,27.809999465942383
2013-09-02,5550.75,5564.89990234375,5478.85009765625,5480.25,214200,1396.0999755859375,107.6500015258789,66.58999633789062,27.549999237060547
2013-09-03,5341.4501953125,5580.9501953125,5323.75,5574.7001953125,250300,1412.0,108.54000091552734,66.51000213623047,32.4900016784668
2013-09-04,5448.10009765625,5460.25,5318.89990234375,5358.64990234375,237200,1389.9000244140625,107.2300033569336,68.61000061035156,31.11000061035156
2013-09-05,5592.9501953125,5625.75,5552.7001953125,5553.75,274900,1373.0999755859375,108.37000274658205,66.2699966430664,28.530000686645508
2013-09-06,5680.39990234375,5688.60009765625,5566.14990234375,5617.4501953125,253000,1386.699951171875,110.52999877929688,66.00800323486328,28.649999618530277
2013-09-10,5896.75,5904.85009765625,5738.2001953125,5738.5,275200,1364.0999755859375,107.38999938964844,64.05999755859375,29.440000534057617
2013-09-11,5913.14990234375,5924.35009765625,5832.7001953125,5887.25,265000,1363.9000244140625,107.55999755859376,63.619998931884766,29.75
2013-09-12,5850.7001953125,5932.0,5815.7998046875,5931.14990234375,273000,1330.4000244140625,108.5999984741211,63.15999984741211,29.709999084472656
2013-09-13,5850.60009765625,5884.2998046875,5822.89990234375,5828.0,190800,1308.4000244140625,108.20999908447266,63.619998931884766,28.290000915527344
2013-09-16,5840.5498046875,5957.25,5798.14990234375,5930.2998046875,219500,1317.9000244140625,106.58999633789062,63.290000915527344,28.81999969482422
2013-09-17,5850.2001953125,5857.7998046875,5804.89990234375,5824.2001953125,157900,1309.5,105.41999816894533,63.290000915527344,27.93000030517578
2013-09-18,5899.4501953125,5916.89990234375,5840.2001953125,5872.75,153600,1307.800048828125,108.06999969482422,63.18000030517578,27.690000534057617
2013-09-19,6115.5498046875,6142.5,6040.14990234375,6044.14990234375,287200,1369.4000244140625,106.38999938964844,63.58000183105469,24.5
2013-09-20,6012.10009765625,6130.9501953125,5932.85009765625,6104.5498046875,318600,1332.5,104.68000030517578,62.18999862670898,24.729999542236328
2013-09-23,5889.75,5989.39990234375,5871.39990234375,5945.7998046875,188300,1326.9000244140625,103.58999633789062,62.720001220703125,27.020000457763672
2013-09-24,5892.4501953125,5938.39990234375,5854.5498046875,5855.0,187600,1316.0,103.12999725341795,62.68000030517578,26.71999931335449
2013-09-25,5873.85009765625,5910.5498046875,5811.10009765625,5901.5498046875,200200,1335.9000244140625,102.66000366210938,62.720001220703125,25.68000030517578
2013-09-26,5882.25,5917.64990234375,5864.10009765625,5872.7998046875,220600,1323.5999755859375,103.02999877929688,62.43000030517578,24.0
2013-09-27,5833.2001953125,5909.2001953125,5819.2998046875,5905.5498046875,163100,1338.4000244140625,102.87000274658205,61.72999954223633,24.059999465942383
2013-09-30,5735.2998046875,5810.2001953125,5718.5,5801.0498046875,155700,1326.5,102.33000183105467,62.90999984741211,26.649999618530277
2013-10-01,5780.0498046875,5786.4501953125,5700.9501953125,5756.10009765625,159200,1286.0,102.04000091552734,62.58000183105469,25.770000457763672
2013-10-03,5909.7001953125,5917.60009765625,5802.7001953125,5819.10009765625,199800,1317.4000244140625,103.30999755859376,62.06999969482422,25.170000076293945
2013-10-04,5907.2998046875,5950.4501953125,5885.0,5891.2998046875,191500,1309.699951171875,103.83999633789062,61.959999084472656,26.1299991607666
2013-10-07,5906.14990234375,5912.0,5825.85009765625,5889.0498046875,156400,1324.800048828125,103.02999877929688,61.380001068115234,26.82999992370605
2013-10-08,5928.39990234375,5981.7001953125,5913.0,5975.0,158500,1324.199951171875,103.48999786376952,61.380001068115234,26.549999237060547
2013-10-09,6007.4501953125,6015.5,5877.10009765625,5893.25,192000,1306.9000244140625,101.61000061035156,62.02999877929688,25.8700008392334
2013-10-10,6020.9501953125,6033.9501953125,5979.7998046875,6001.0498046875,159600,1296.5999755859375,103.01000213623048,61.810001373291016,25.8799991607666
2013-10-11,6096.2001953125,6107.60009765625,6046.39990234375,6104.85009765625,180800,1268.0,102.0199966430664,61.61000061035156,23.59000015258789
2013-10-14,6112.7001953125,6124.10009765625,6082.89990234375,6093.0,142200,1276.4000244140625,102.41000366210938,60.9900016784668,22.850000381469727
2013-10-15,6089.0498046875,6156.2998046875,6056.5498046875,6147.5498046875,218300,1273.0,101.20999908447266,61.380001068115234,23.239999771118164
2013-10-17,6045.85009765625,6110.75,6032.5498046875,6098.5,230600,1322.699951171875,100.66999816894533,61.45000076293945,21.059999465942383
2013-10-18,6189.35009765625,6201.4501953125,6070.89990234375,6070.89990234375,250300,1314.4000244140625,100.80999755859376,61.09999847412109,20.1200008392334
2013-10-21,6204.9501953125,6218.9501953125,6163.2998046875,6202.0,197000,1315.699951171875,99.22000122070312,61.2400016784668,20.18000030517578
2013-10-22,6202.7998046875,6220.10009765625,6181.7998046875,6192.2998046875,161900,1342.5,97.8000030517578,60.619998931884766,19.959999084472656
2013-10-23,6178.35009765625,6217.9501953125,6116.60009765625,6209.5498046875,188300,1333.9000244140625,96.86000061035156,61.18999862670898,20.350000381469727
2013-10-24,6164.35009765625,6252.4501953125,6142.9501953125,6162.7998046875,148900,1350.199951171875,97.11000061035156,61.52000045776367,20.63999938964844
2013-10-25,6144.89990234375,6174.75,6125.9501953125,6154.0,144500,1352.4000244140625,97.8499984741211,61.45000076293945,20.420000076293945
2013-10-28,6101.10009765625,6168.75,6094.10009765625,6155.10009765625,146300,1352.0,98.68000030517578,61.43999862670898,21.290000915527344
2013-10-29,6220.89990234375,6228.0498046875,6079.2001953125,6107.5498046875,197300,1345.199951171875,98.1999969482422,61.5099983215332,19.76000022888184
2013-10-30,6251.7001953125,6269.2001953125,6222.60009765625,6230.7998046875,177600,1349.0,96.7699966430664,61.45000076293945,19.530000686645508
2013-10-31,6299.14990234375,6309.0498046875,6235.89990234375,6237.14990234375,239600,1323.5999755859375,96.37999725341795,61.31999969482422,18.38999938964844
2013-11-01,6307.2001953125,6332.60009765625,6286.9501953125,6289.75,191600,1313.0999755859375,94.61000061035156,62.220001220703125,18.63999938964844
2013-11-05,6253.14990234375,6304.75,6244.2998046875,6282.14990234375,181100,1308.0,93.37000274658205,61.97999954223633,19.940000534057617
2013-11-06,6215.14990234375,6269.7001953125,6208.7001953125,6260.5498046875,157100,1317.699951171875,94.8000030517578,62.15999984741211,20.25
2013-11-07,6187.25,6288.9501953125,6180.7998046875,6228.89990234375,168800,1308.4000244140625,94.1999969482422,62.470001220703125,19.8700008392334
2013-11-08,6140.75,6185.14990234375,6120.9501953125,6170.14990234375,150100,1284.5,94.5999984741211,62.84999847412109,19.63999938964844
2013-11-11,6078.7998046875,6141.64990234375,6067.75,6110.39990234375,146100,1281.0,95.13999938964844,63.34000015258789,19.979999542236328
2013-11-12,6018.0498046875,6108.7001953125,6011.75,6087.25,153800,1271.0999755859375,93.04000091552734,63.47999954223633,20.86000061035156
2013-11-13,5989.60009765625,6042.25,5972.4501953125,5998.85009765625,162500,1268.300048828125,93.87999725341795,63.959999084472656,20.450000762939453
2013-11-14,6056.14990234375,6101.64990234375,6036.64990234375,6037.0,154900,1286.199951171875,93.76000213623048,63.369998931884766,19.26000022888184
2013-11-18,6189.0,6196.7998046875,6110.39990234375,6111.0498046875,164000,1272.199951171875,93.02999877929688,62.709999084472656,18.81999969482422
2013-11-19,6203.35009765625,6212.39990234375,6180.2001953125,6197.25,161500,1273.4000244140625,93.33999633789062,62.20000076293945,19.299999237060547
2013-11-20,6122.89990234375,6204.35009765625,6106.9501953125,6186.85009765625,155800,1257.9000244140625,93.33000183105467,62.11000061035156,20.82999992370605
2013-11-21,5999.0498046875,6097.35009765625,5985.39990234375,6096.5,137200,1243.5,95.44000244140624,62.7599983215332,21.13999938964844
2013-11-22,5995.4501953125,6049.60009765625,5972.7998046875,6027.35009765625,134800,1244.0,94.83999633789062,62.9900016784668,20.040000915527344
2013-11-25,6115.35009765625,6123.5,6035.9501953125,6035.9501953125,127200,1241.0999755859375,94.08999633789062,62.2400016784668,21.049999237060547
2013-11-26,6059.10009765625,6112.7001953125,6047.75,6099.25,150700,1241.4000244140625,93.68000030517578,62.50299835205078,21.59000015258789
2013-11-27,6057.10009765625,6074.0,6030.2998046875,6062.7001953125,124900,1237.800048828125,92.3000030517578,62.459999084472656,21.13999938964844
2013-11-28,6091.85009765625,6112.9501953125,6068.2998046875,6092.0,195300,1237.800048828125,92.3000030517578,62.540000915527344,20.709999084472656
2013-11-29,6176.10009765625,6182.5,6103.7998046875,6103.89990234375,190700,1250.5999755859375,92.72000122070312,62.41299819946289,21.3799991607666
2013-12-02,6217.85009765625,6228.7001953125,6171.14990234375,6171.14990234375,145900,1222.300048828125,93.81999969482422,62.459999084472656,23.36000061035156
2013-12-03,6201.85009765625,6225.39990234375,6191.39990234375,6204.25,156900,1221.699951171875,96.04000091552734,62.31800079345703,24.71999931335449
2013-12-04,6160.9501953125,6209.14990234375,6149.89990234375,6187.9501953125,186200,1248.199951171875,97.1999969482422,62.36299896240234,23.709999084472656
2013-12-05,6241.10009765625,6300.5498046875,6232.0,6262.4501953125,186100,1233.199951171875,97.37999725341795,61.70000076293945,21.68000030517578
2013-12-06,6259.89990234375,6275.35009765625,6230.75,6234.39990234375,158500,1230.300048828125,97.6500015258789,61.58000183105469,22.209999084472656
2013-12-09,6363.89990234375,6415.25,6345.0,6415.0,198300,1235.300048828125,97.33999633789062,61.150001525878906,19.15999984741211
2013-12-10,6332.85009765625,6362.25,6307.5498046875,6354.7001953125,242400,1262.4000244140625,98.51000213623048,60.869998931884766,17.979999542236328
2013-12-11,6307.89990234375,6326.60009765625,6280.25,6307.2001953125,148200,1258.5,97.44000244140624,60.97999954223633,17.540000915527344
2013-12-12,6237.0498046875,6286.85009765625,6230.5498046875,6276.75,148500,1226.0,97.5,61.59000015258789,17.739999771118164
2013-12-13,6168.39990234375,6208.60009765625,6161.39990234375,6201.2998046875,169700,1235.699951171875,96.5999984741211,62.15999984741211,17.84000015258789
2013-12-16,6154.7001953125,6183.25,6146.0498046875,6168.35009765625,146500,1245.5,97.4800033569336,62.1879997253418,18.36000061035156
2013-12-17,6139.0498046875,6190.5498046875,6133.0,6178.2001953125,154200,1231.199951171875,97.22000122070312,61.77999877929688,18.32999992370605
2013-12-18,6217.14990234375,6236.0,6129.9501953125,6129.9501953125,243300,1236.0999755859375,97.8000030517578,61.709999084472656,17.540000915527344
2013-12-19,6166.64990234375,6263.75,6150.7001953125,6253.89990234375,437000,1195.0,98.7699966430664,62.02999877929688,16.579999923706055
2013-12-20,6274.25,6284.5,6170.35009765625,6179.9501953125,172000,1205.0999755859375,99.31999969482422,62.459999084472656,16.020000457763672
2013-12-23,6284.5,6317.5,6266.9501953125,6267.2001953125,131200,1198.4000244140625,98.91000366210938,62.02000045776367,16.260000228881836
2013-12-24,6268.39990234375,6301.5,6262.0,6296.4501953125,107600,1205.0999755859375,99.22000122070312,61.84000015258789,15.579999923706056
2013-12-26,6278.89990234375,6302.75,6259.4501953125,6270.10009765625,182300,1214.0999755859375,99.5500030517578,61.790000915527344,14.880000114440918
2013-12-27,6313.7998046875,6324.89990234375,6289.39990234375,6292.7998046875,96900,1216.0999755859375,100.31999969482422,61.88999938964844,14.65999984741211
2013-12-30,6291.10009765625,6344.0498046875,6273.14990234375,6336.39990234375,101300,1203.0999755859375,99.29000091552734,61.66999816894531,15.079999923706056
2013-12-31,6304.0,6317.2998046875,6287.2998046875,6307.35009765625,103400,1201.9000244140625,98.41999816894533,61.77999877929688,15.119999885559082
2014-01-02,6221.14990234375,6358.2998046875,6211.2998046875,6301.25,158100,1225.0,95.44000244140624,61.84000015258789,16.549999237060547
2014-01-03,6211.14990234375,6221.7001953125,6171.25,6194.5498046875,139000,1238.4000244140625,93.95999908447266,62.060001373291016,15.869999885559082
2014-01-06,6191.4501953125,6224.7001953125,6170.25,6220.85009765625,118300,1237.800048828125,93.43000030517578,62.22999954223633,16.5
2014-01-07,6162.25,6221.5,6144.75,6203.89990234375,138600,1229.4000244140625,93.66999816894533,62.310001373291016,16.31999969482422
2014-01-08,6174.60009765625,6192.10009765625,6160.35009765625,6178.0498046875,146900,1225.300048828125,92.33000183105467,62.08000183105469,16.31999969482422
2014-01-09,6168.35009765625,6188.0498046875,6148.25,6181.7001953125,150100,1229.300048828125,91.66000366210938,62.119998931884766,16.18000030517578
2014-01-10,6171.4501953125,6239.10009765625,6139.60009765625,6178.85009765625,159900,1246.699951171875,92.72000122070312,61.77999877929688,15.579999923706056
2014-01-13,6272.75,6288.2001953125,6189.5498046875,6189.5498046875,135000,1250.9000244140625,91.8000030517578,61.43999862670898,15.949999809265137
2014-01-14,6241.85009765625,6280.35009765625,6234.14990234375,6260.25,110200,1245.199951171875,92.58999633789062,61.470001220703125,15.739999771118164
2014-01-15,6320.89990234375,6325.2001953125,6265.2998046875,6265.9501953125,145900,1238.0999755859375,94.16999816894533,61.470001220703125,15.420000076293944
2014-01-16,6318.89990234375,6346.5,6299.85009765625,6341.35009765625,153400,1240.0,93.95999908447266,61.540000915527344,15.539999961853027
2014-01-17,6261.64990234375,6327.10009765625,6246.35009765625,6306.25,167700,1251.699951171875,94.37000274658205,61.41999816894531,15.40999984741211
2014-01-20,6303.9501953125,6307.4501953125,6243.35009765625,6261.75,122100,1251.699951171875,94.37000274658205,61.54999923706055,15.350000381469728
2014-01-21,6313.7998046875,6330.2998046875,6297.89990234375,6320.14990234375,141700,1242.300048828125,94.98999786376952,61.61800003051758,15.550000190734863
2014-01-22,6338.9501953125,6349.9501953125,6287.4501953125,6309.0498046875,137500,1239.0,96.7300033569336,61.970001220703125,15.850000381469728
2014-01-23,6345.64990234375,6355.60009765625,6316.39990234375,6325.9501953125,120100,1262.5999755859375,97.31999969482422,61.869998931884766,15.579999923706056
2014-01-24,6266.75,6331.4501953125,6263.89990234375,6301.64990234375,160300,1264.5,96.63999938964844,62.130001068115234,15.829999923706056
2014-01-27,6135.85009765625,6188.5498046875,6130.25,6186.2998046875,190400,1263.5999755859375,95.72000122070312,62.72999954223633,18.670000076293945
2014-01-28,6126.25,6163.60009765625,6085.9501953125,6131.85009765625,184100,1251.0,97.41000366210938,63.380001068115234,17.719999313354492
2014-01-29,6120.25,6170.4501953125,6109.7998046875,6161.0,146700,1262.199951171875,97.36000061035156,62.380001068115234,18.040000915527344
2014-01-30,6073.7001953125,6082.85009765625,6027.25,6067.0,208100,1242.199951171875,98.2300033569336,62.46799850463867,17.25
2014-01-31,6089.5,6097.85009765625,6067.35009765625,6082.75,146700,1240.0999755859375,97.48999786376952,62.310001373291016,16.81999969482422
2014-02-03,6001.7998046875,6074.85009765625,5994.4501953125,6058.7998046875,134900,1260.4000244140625,96.43000030517578,62.5,18.270000457763672
2014-02-04,6000.89990234375,6017.7998046875,5933.2998046875,5947.60009765625,183300,1251.699951171875,97.19000244140624,62.869998931884766,18.690000534057617
2014-02-05,6022.39990234375,6028.0498046875,5962.0498046875,6004.25,166600,1257.300048828125,97.37999725341795,62.130001068115234,18.93000030517578
2014-02-06,6036.2998046875,6048.35009765625,5965.39990234375,6028.35009765625,185500,1257.5999755859375,97.83999633789062,62.22999954223633,18.940000534057617
2014-02-07,6063.2001953125,6079.9501953125,6030.89990234375,6077.64990234375,181900,1263.300048828125,99.87999725341795,62.22999954223633,18.549999237060547
2014-02-10,6053.4501953125,6083.0498046875,6046.39990234375,6072.7998046875,133100,1274.800048828125,100.05999755859376,62.09000015258789,19.049999237060547
2014-02-11,6062.7001953125,6081.85009765625,6053.25,6072.4501953125,150500,1290.0999755859375,99.94000244140624,62.448001861572266,18.6299991607666
2014-02-12,6084.0,6106.60009765625,6077.39990234375,6085.35009765625,138500,1295.300048828125,100.37000274658205,62.02999877929688,17.43000030517578
2014-02-13,6001.10009765625,6094.39990234375,5991.10009765625,6087.5498046875,153700,1300.4000244140625,100.3499984741211,61.68000030517578,17.799999237060547
2014-02-14,6048.35009765625,6056.39990234375,5984.60009765625,6023.75,140200,1319.0,100.3000030517578,62.150001525878906,16.65999984741211
2014-02-18,6127.10009765625,6141.7001953125,6066.7998046875,6071.2998046875,126600,1324.699951171875,102.43000030517578,61.790000915527344,15.40999984741211
2014-02-19,6152.75,6160.35009765625,6125.75,6132.0498046875,95200,1320.5999755859375,103.30999755859376,62.209999084472656,15.06999969482422
2014-02-20,6091.4501953125,6129.10009765625,6086.4501953125,6127.14990234375,132100,1317.0999755859375,102.91999816894533,62.2599983215332,15.15999984741211
2014-02-21,6155.4501953125,6159.64990234375,6108.0,6108.2998046875,112600,1323.9000244140625,102.1999969482422,62.130001068115234,14.039999961853027
2014-02-24,6186.10009765625,6191.85009765625,6130.7998046875,6140.9501953125,144900,1338.300048828125,102.81999969482422,62.0099983215332,14.359999656677246
2014-02-25,6200.0498046875,6216.85009765625,6176.60009765625,6205.7001953125,146300,1343.0,101.83000183105467,62.06800079345703,13.949999809265137
2014-02-26,6238.7998046875,6245.9501953125,6202.10009765625,6202.4501953125,181700,1328.199951171875,102.58999633789062,61.97800064086914,13.960000038146973
2014-02-28,6276.9501953125,6282.7001953125,6228.10009765625,6228.4501953125,180600,1321.4000244140625,102.58999633789062,62.02000045776367,14.18000030517578
2014-03-03,6221.4501953125,6277.75,6212.25,6264.35009765625,144600,1350.0999755859375,104.91999816894533,61.81999969482422,15.279999732971191
2014-03-04,6297.9501953125,6302.14990234375,6215.7001953125,6216.75,166800,1337.800048828125,103.33000183105467,62.16999816894531,14.390000343322754
2014-03-05,6328.64990234375,6336.25,6287.7998046875,6328.4501953125,160300,1340.199951171875,101.4499969482422,61.59999847412109,13.84000015258789
2014-03-06,6401.14990234375,6406.60009765625,6339.7001953125,6344.75,180700,1351.699951171875,101.55999755859376,61.74800109863281,14.479999542236328
2014-03-07,6526.64990234375,6537.7998046875,6413.5498046875,6413.9501953125,284900,1338.0999755859375,102.58000183105467,60.79999923706055,16.719999313354492
2014-03-10,6537.25,6562.2001953125,6487.35009765625,6491.7001953125,242100,1341.4000244140625,101.12000274658205,61.22999954223633,17.780000686645508
2014-03-11,6511.89990234375,6562.85009765625,6494.25,6537.35009765625,239000,1346.5,100.02999877929688,60.810001373291016,17.329999923706055
2014-03-12,6516.89990234375,6546.14990234375,6487.2998046875,6497.5,175000,1370.300048828125,97.98999786376952,61.040000915527344,17.040000915527344
2014-03-13,6493.10009765625,6561.4501953125,6476.64990234375,6491.75,167900,1372.199951171875,98.1999969482422,60.77000045776367,16.81999969482422
2014-03-14,6504.2001953125,6518.4501953125,6432.7001953125,6447.25,177300,1379.0,98.88999938964844,61.459999084472656,16.450000762939453
2014-03-18,6516.64990234375,6574.9501953125,6497.64990234375,6532.4501953125,179300,1359.0,99.6999969482422,61.040000915527344,17.1299991607666
2014-03-19,6524.0498046875,6541.2001953125,6506.0,6530.0,172500,1341.4000244140625,100.37000274658205,61.108001708984375,16.8799991607666
2014-03-20,6483.10009765625,6523.64990234375,6473.25,6508.35009765625,142000,1330.5,99.43000030517578,60.95000076293945,16.90999984741211
2014-03-21,6493.2001953125,6522.89990234375,6485.7001953125,6515.2001953125,189900,1336.0,99.45999908447266,61.33300018310547,16.18000030517578
2014-03-24,6583.5,6591.5,6510.5,6510.5,158400,1311.199951171875,99.5999984741211,61.02000045776367,16.540000915527344
2014-03-25,6589.75,6595.5498046875,6544.85009765625,6550.10009765625,168100,1311.4000244140625,99.19000244140624,60.59000015258789,16.920000076293945
2014-03-26,6601.39990234375,6627.4501953125,6580.60009765625,6615.64990234375,186600,1303.4000244140625,100.26000213623048,60.220001220703125,17.770000457763672
2014-03-27,6641.75,6673.9501953125,6599.5,6613.10009765625,312400,1294.699951171875,101.27999877929688,60.15999984741211,18.3700008392334
2014-03-28,6695.89990234375,6702.60009765625,6643.7998046875,6673.0498046875,184800,1293.800048828125,101.66999816894533,60.23799896240234,18.6299991607666
2014-03-31,6704.2001953125,6730.0498046875,6662.39990234375,6723.14990234375,220600,1283.4000244140625,101.58000183105467,59.84000015258789,21.6200008392334
2014-04-01,6721.0498046875,6732.25,6675.4501953125,6729.5,177800,1279.5999755859375,99.73999786376952,59.9900016784668,20.690000534057617
2014-04-02,6752.5498046875,6763.5,6723.60009765625,6757.60009765625,173300,1290.5,99.62000274658205,59.77999877929688,21.209999084472656
2014-04-03,6736.10009765625,6776.75,6696.89990234375,6772.0498046875,197500,1284.4000244140625,100.29000091552734,59.89799880981445,22.11000061035156
2014-04-04,6694.35009765625,6741.85009765625,6685.14990234375,6741.85009765625,155100,1303.199951171875,101.13999938964844,60.38999938964844,22.690000534057617
2014-04-07,6695.0498046875,6725.14990234375,6650.39990234375,6694.25,133900,1298.0,100.44000244140624,59.66999816894531,24.950000762939453
2014-04-09,6796.2001953125,6808.7001953125,6705.10009765625,6722.0,169800,1305.5,103.5999984741211,60.09000015258789,26.90999984741211
2014-04-10,6796.39990234375,6819.0498046875,6777.2998046875,6803.0498046875,191100,1320.0999755859375,103.4000015258789,59.959999084472656,28.71999931335449
2014-04-11,6776.2998046875,6789.35009765625,6743.14990234375,6758.35009765625,140700,1318.699951171875,103.73999786376952,60.29999923706055,29.190000534057617
2014-04-15,6733.10009765625,6813.39990234375,6711.75,6792.7001953125,123200,1300.0,103.75,60.34000015258789,31.8799991607666
2014-04-16,6675.2998046875,6748.64990234375,6665.14990234375,6727.25,119800,1303.0999755859375,103.76000213623048,60.29999923706055,31.15999984741211
2014-04-17,6779.39990234375,6783.0498046875,6684.39990234375,6695.4501953125,131500,1293.4000244140625,104.3000030517578,60.25,30.850000381469727
2014-04-21,6817.64990234375,6825.4501953125,6786.89990234375,6789.25,111800,1288.0,104.37000274658205,60.150001525878906,34.38999938964844
2014-04-22,6815.35009765625,6838.0,6806.25,6822.89990234375,114700,1280.5999755859375,102.12999725341795,60.47999954223633,33.349998474121094
2014-04-23,6840.7998046875,6861.60009765625,6820.75,6823.25,183000,1284.199951171875,101.44000244140624,60.757999420166016,31.1299991607666
2014-04-25,6782.75,6869.85009765625,6772.85009765625,6855.7998046875,154300,1300.699951171875,100.5999984741211,61.119998931884766,30.68000030517578
2014-04-28,6761.25,6786.25,6750.2998046875,6778.5498046875,118200,1298.9000244140625,100.83999633789062,60.63800048828125,31.38999938964844
2014-04-29,6715.25,6779.7001953125,6708.64990234375,6769.0,115500,1296.0,101.27999877929688,60.64300155639648,31.049999237060547
2014-04-30,6696.39990234375,6780.14990234375,6656.7998046875,6724.9501953125,161100,1295.5999755859375,99.73999786376952,60.417999267578125,30.59000015258789
2014-05-02,6694.7998046875,6737.64990234375,6689.5,6709.9501953125,114300,1302.5999755859375,99.76000213623048,60.13999938964844,33.060001373291016
2014-05-05,6699.35009765625,6741.0498046875,6680.4501953125,6681.64990234375,105000,1309.0,99.4800033569336,60.02000045776367,34.189998626708984
2014-05-06,6715.2998046875,6743.4501953125,6701.89990234375,6719.25,88300,1308.300048828125,99.5,60.11000061035156,33.27000045776367
2014-05-07,6652.5498046875,6718.75,6642.89990234375,6708.60009765625,114100,1288.5999755859375,100.7699966430664,59.97800064086914,33.61000061035156
2014-05-08,6659.85009765625,6688.39990234375,6638.5498046875,6669.89990234375,101600,1287.4000244140625,100.26000213623048,59.88999938964844,34.29999923706055
2014-05-09,6858.7998046875,6871.35009765625,6652.14990234375,6654.14990234375,166400,1287.300048828125,99.98999786376952,59.93000030517578,37.709999084472656
2014-05-12,7014.25,7020.0498046875,6862.89990234375,6863.39990234375,157700,1295.5999755859375,100.58999633789062,59.84999847412109,37.09999847412109
2014-05-13,7108.75,7172.35009765625,7067.14990234375,7080.0,232200,1294.5999755859375,101.6999969482422,59.41999816894531,32.04999923706055
2014-05-14,7108.75,7142.25,7080.89990234375,7112.0,177200,1305.699951171875,102.37000274658205,59.310001373291016,32.41999816894531
2014-05-15,7123.14990234375,7152.5498046875,7082.5498046875,7111.2998046875,186800,1293.5,101.5,59.400001525878906,36.77000045776367
2014-05-16,7203.0,7563.5,7130.64990234375,7270.2001953125,393200,1293.300048828125,102.0199966430664,59.33000183105469,24.290000915527344
2014-05-19,7263.5498046875,7291.10009765625,7193.5498046875,7276.85009765625,316200,1293.699951171875,102.61000061035156,58.560001373291016,20.6299991607666
2014-05-20,7275.5,7353.64990234375,7247.7001953125,7309.9501953125,255300,1294.5,102.44000244140624,58.36800003051758,19.229999542236328
2014-05-21,7252.89990234375,7287.14990234375,7206.7001953125,7274.85009765625,203100,1288.0,104.06999969482422,58.58300018310547,17.90999984741211
2014-05-22,7276.39990234375,7319.5498046875,7258.14990234375,7289.9501953125,240900,1294.9000244140625,103.73999786376952,58.6879997253418,17.84000015258789
2014-05-23,7367.10009765625,7381.0,7293.89990234375,7306.5,259600,1291.5999755859375,104.3499984741211,58.27799987792969,17.700000762939453
2014-05-26,7359.0498046875,7504.0,7269.0498046875,7428.75,273200,1291.5999755859375,104.3499984741211,58.41999816894531,19.84000015258789
2014-05-27,7318.0,7372.9501953125,7274.75,7363.10009765625,168600,1265.4000244140625,104.11000061035156,58.650001525878906,19.100000381469727
2014-05-28,7329.64990234375,7344.75,7302.60009765625,7324.9501953125,175600,1259.300048828125,102.72000122070312,59.03799819946289,17.559999465942383
2014-05-29,7235.64990234375,7325.39990234375,7224.39990234375,7316.60009765625,241100,1256.300048828125,103.58000183105467,58.83000183105469,16.690000534057617
2014-05-30,7229.9501953125,7272.5,7118.4501953125,7254.85009765625,312200,1245.5999755859375,102.70999908447266,58.900001525878906,16.34000015258789
2014-06-02,7362.5,7368.60009765625,7239.5,7264.0498046875,169900,1243.699951171875,102.47000122070312,59.1879997253418,16.5
2014-06-03,7415.85009765625,7424.9501953125,7342.14990234375,7375.35009765625,234700,1244.300048828125,102.66000366210938,59.15999984741211,15.800000190734863
2014-06-04,7402.25,7433.2998046875,7391.35009765625,7417.5498046875,204600,1244.0,102.63999938964844,59.29999923706055,15.56999969482422
2014-06-05,7474.10009765625,7484.7001953125,7360.5,7399.75,250700,1253.0,102.4800033569336,59.2599983215332,15.449999809265137
2014-06-06,7583.39990234375,7592.7001953125,7497.64990234375,7521.5,248400,1252.0999755859375,102.66000366210938,59.16299819946289,15.979999542236328
2014-06-09,7654.60009765625,7673.7001953125,7580.25,7621.64990234375,231900,1253.5,104.41000366210938,59.167999267578125,17.100000381469727
2014-06-10,7656.39990234375,7683.2001953125,7579.2998046875,7679.0498046875,188700,1259.800048828125,104.3499984741211,59.198001861572266,16.65999984741211
2014-06-11,7626.85009765625,7700.0498046875,7589.0498046875,7672.39990234375,186200,1260.800048828125,104.4000015258789,59.119998931884766,17.059999465942383
2014-06-12,7649.89990234375,7658.0,7593.7998046875,7641.2998046875,148200,1273.5999755859375,106.52999877929688,59.33300018310547,16.899999618530273
2014-06-13,7542.10009765625,7678.5,7525.35009765625,7668.2001953125,174500,1273.699951171875,106.91000366210938,59.28799819946289,17.760000228881836
2014-06-16,7533.5498046875,7548.60009765625,7487.5498046875,7534.7998046875,155400,1274.9000244140625,106.9000015258789,59.70299911499024,17.979999542236328
2014-06-17,7631.7001953125,7637.60009765625,7509.25,7525.0498046875,158000,1271.699951171875,106.36000061035156,60.09000015258789,17.700000762939453
2014-06-18,7558.2001953125,7663.0,7515.5,7636.0498046875,165100,1272.4000244140625,105.97000122070312,60.323001861572266,18.57999992370605
2014-06-19,7540.7001953125,7606.4501953125,7502.5498046875,7580.0498046875,148900,1313.699951171875,106.43000030517578,59.810001373291016,18.739999771118164
2014-06-20,7511.4501953125,7560.5498046875,7497.2998046875,7543.2998046875,124100,1316.199951171875,107.26000213623048,60.15999984741211,18.850000381469727
2014-06-23,7493.35009765625,7534.7998046875,7441.60009765625,7514.0,127400,1318.0,106.16999816894533,60.167999267578125,18.959999084472656
2014-06-24,7580.2001953125,7593.35009765625,7515.2001953125,7515.2001953125,137000,1320.9000244140625,106.02999877929688,60.15299987792969,19.190000534057617
2014-06-25,7569.25,7589.25,7557.0498046875,7588.5498046875,115000,1322.199951171875,106.5,60.18999862670898,18.309999465942383
2014-06-26,7493.2001953125,7570.2001953125,7481.2998046875,7554.10009765625,171700,1316.0999755859375,105.83999633789062,59.95000076293945,17.700000762939453
2014-06-27,7508.7998046875,7538.75,7482.2998046875,7514.2001953125,126700,1319.0,105.73999786376952,60.08000183105469,17.6299991607666
2014-06-30,7611.35009765625,7623.64990234375,7531.60009765625,7534.0498046875,152300,1321.800048828125,105.37000274658205,60.03799819946289,17.8700008392334
2014-07-01,7634.7001953125,7649.5,7618.14990234375,7629.0,139400,1326.4000244140625,105.33999633789062,59.970001220703125,17.65999984741211
2014-07-02,7725.14990234375,7732.39990234375,7677.2998046875,7683.0498046875,136300,1330.699951171875,104.4800033569336,60.02799987792969,17.56999969482422
2014-07-03,7714.7998046875,7754.64990234375,7706.7998046875,7734.35009765625,133800,1320.4000244140625,104.05999755859376,59.43999862670898,17.809999465942383
2014-07-04,7751.60009765625,7758.0,7661.2998046875,7718.10009765625,113100,1320.4000244140625,104.05999755859376,59.61000061035156,18.15999984741211
2014-07-07,7787.14990234375,7792.0,7755.10009765625,7780.39990234375,173900,1316.5,103.52999877929688,59.71799850463867,19.40999984741211
2014-07-08,7623.2001953125,7808.85009765625,7595.89990234375,7804.0498046875,180600,1316.0,103.4000015258789,59.948001861572266,19.18000030517578
2014-07-09,7585.0,7650.10009765625,7551.64990234375,7637.9501953125,168300,1323.800048828125,102.29000091552734,59.74800109863281,18.190000534057617
2014-07-10,7567.75,7731.0498046875,7479.0498046875,7589.5,258400,1338.699951171875,102.93000030517578,59.757999420166016,15.970000267028809
2014-07-11,7459.60009765625,7625.85009765625,7447.2001953125,7584.10009765625,187600,1337.0,100.83000183105467,60.1879997253418,15.720000267028809
2014-07-14,7454.14990234375,7478.4501953125,7422.14990234375,7469.0,135200,1306.300048828125,100.91000366210938,60.0880012512207,15.5600004196167
2014-07-15,7526.64990234375,7534.89990234375,7459.14990234375,7491.2998046875,122100,1296.9000244140625,99.95999908447266,60.060001373291016,14.770000457763672
2014-07-16,7624.39990234375,7640.10009765625,7532.4501953125,7564.14990234375,168000,1299.5999755859375,101.1999969482422,60.16999816894531,14.729999542236328
2014-07-17,7640.4501953125,7655.64990234375,7612.7001953125,7612.7001953125,141600,1316.699951171875,103.19000244140624,60.08000183105469,14.970000267028809
2014-07-18,7663.89990234375,7685.0,7595.5,7630.25,134600,1309.199951171875,103.12999725341795,60.59999847412109,15.100000381469728
2014-07-21,7684.2001953125,7722.10009765625,7674.0,7701.64990234375,105400,1313.699951171875,104.58999633789062,60.27799987792969,14.899999618530272
2014-07-22,7767.85009765625,7773.85009765625,7704.7998046875,7708.2001953125,120100,1306.0999755859375,104.41999816894533,60.25,14.640000343322754
2014-07-23,7795.75,7809.2001953125,7752.89990234375,7794.89990234375,122100,1304.5,103.12000274658205,60.09799957275391,14.6899995803833
2014-07-24,7830.60009765625,7835.64990234375,7771.64990234375,7796.25,117600,1290.5999755859375,102.06999969482422,59.86000061035156,14.720000267028809
2014-07-25,7790.4501953125,7840.9501953125,7748.60009765625,7828.2001953125,153900,1303.0999755859375,102.08999633789062,60.060001373291016,14.220000267028809
2014-07-28,7748.7001953125,7799.89990234375,7722.64990234375,7792.89990234375,116500,1303.300048828125,101.66999816894533,60.053001403808594,14.31999969482422
2014-07-30,7791.39990234375,7798.7001953125,7707.60009765625,7746.2001953125,178100,1294.9000244140625,100.2699966430664,60.040000915527344,13.890000343322754
2014-07-31,7721.2998046875,7791.85009765625,7711.14990234375,7784.64990234375,208900,1281.300048828125,98.16999816894533,60.25,13.81999969482422
2014-08-01,7602.60009765625,7716.7001953125,7593.89990234375,7662.5,181100,1293.5999755859375,97.87999725341795,60.77000045776367,15.220000267028809
2014-08-04,7683.64990234375,7694.7998046875,7622.0498046875,7639.5498046875,137000,1287.699951171875,98.29000091552734,61.20800018310547,14.81999969482422
2014-08-05,7746.5498046875,7752.4501953125,7638.0498046875,7706.64990234375,128200,1284.0,97.37999725341795,60.900001525878906,13.949999809265137
2014-08-06,7672.0498046875,7740.9501953125,7658.9501953125,7726.14990234375,116400,1306.699951171875,96.91999816894533,60.84299850463867,14.300000190734863
2014-08-07,7649.25,7708.9501953125,7630.39990234375,7651.14990234375,116800,1310.800048828125,97.33999633789062,61.18999862670898,14.140000343322754
2014-08-08,7568.5498046875,7592.4501953125,7540.10009765625,7588.7001953125,118400,1308.9000244140625,97.6500015258789,61.23799896240234,14.619999885559082
2014-08-11,7625.9501953125,7635.5498046875,7598.60009765625,7619.85009765625,107000,1308.5,98.08000183105467,61.13800048828125,14.0
2014-08-12,7727.0498046875,7735.75,7654.7998046875,7688.7998046875,120600,1308.800048828125,97.37000274658205,61.119998931884766,13.470000267028809
2014-08-13,7739.5498046875,7757.10009765625,7695.7001953125,7717.2998046875,154100,1312.800048828125,97.58999633789062,61.220001220703125,13.760000228881836
2014-08-14,7791.7001953125,7796.7001953125,7739.10009765625,7756.14990234375,127300,1313.9000244140625,95.58000183105467,61.02000045776367,13.220000267028809
2014-08-18,7874.25,7880.5,7779.2001953125,7785.25,126700,1297.699951171875,96.41000366210938,60.77299880981445,13.5
2014-08-19,7897.5,7918.5498046875,7881.14990234375,7901.0,140600,1295.0999755859375,94.4800033569336,60.81999969482422,13.90999984741211
2014-08-20,7875.2998046875,7922.7001953125,7864.0498046875,7915.7998046875,117300,1293.4000244140625,96.06999969482422,60.7400016784668,13.65999984741211
2014-08-21,7891.10009765625,7919.64990234375,7855.9501953125,7875.35009765625,115200,1273.699951171875,93.95999908447266,60.608001708984375,13.729999542236328
2014-08-22,7913.2001953125,7929.0498046875,7900.0498046875,7904.5498046875,104100,1278.5999755859375,93.6500015258789,60.43999862670898,13.619999885559082
2014-08-25,7906.2998046875,7968.25,7897.9501953125,7931.75,118500,1277.300048828125,93.3499984741211,60.4630012512207,13.789999961853027
2014-08-26,7904.75,7915.4501953125,7862.4501953125,7874.5,142800,1283.800048828125,93.86000061035156,60.5099983215332,13.899999618530272
2014-08-27,7936.0498046875,7946.85009765625,7916.5498046875,7933.89990234375,120000,1281.9000244140625,93.87999725341795,60.428001403808594,13.0600004196167
2014-08-28,7954.35009765625,7967.7998046875,7939.2001953125,7942.25,189700,1288.699951171875,94.5500030517578,60.448001861572266,13.06999969482422
2014-09-01,8027.7001953125,8035.0,7984.0,7990.35009765625,139300,1288.699951171875,94.5500030517578,60.51300048828125,13.529999732971191
2014-09-02,8083.0498046875,8101.9501953125,8036.5498046875,8038.60009765625,134900,1263.699951171875,92.87999725341795,60.52299880981445,13.449999809265137
2014-09-03,8114.60009765625,8141.89990234375,8092.25,8110.85009765625,150700,1268.9000244140625,95.54000091552734,60.678001403808594,13.390000343322754
2014-09-04,8095.9501953125,8114.7998046875,8060.89990234375,8114.2001953125,141300,1265.0999755859375,94.4499969482422,60.38999938964844,13.079999923706056
2014-09-05,8086.85009765625,8122.7001953125,8049.85009765625,8099.89990234375,126000,1265.800048828125,93.29000091552734,60.369998931884766,12.9399995803833
2014-09-08,8173.89990234375,8180.2001953125,8126.14990234375,8132.9501953125,120700,1252.699951171875,92.66000366210938,60.38800048828125,12.789999961853027
2014-09-09,8152.9501953125,8174.5498046875,8126.5,8161.89990234375,104700,1246.800048828125,92.75,60.380001068115234,12.760000228881836
2014-09-10,8094.10009765625,8135.75,8082.10009765625,8135.5498046875,107100,1243.5,91.66999816894533,60.790000915527344,12.93000030517578
2014-09-11,8085.7001953125,8127.9501953125,8057.2998046875,8115.14990234375,122800,1237.4000244140625,92.83000183105467,60.79999923706055,12.520000457763672
2014-09-12,8105.5,8114.2998046875,8071.60009765625,8087.0498046875,111400,1229.9000244140625,92.2699966430664,60.810001373291016,12.369999885559082
2014-09-15,8042.0,8077.2998046875,8030.0,8070.35009765625,96500,1233.5999755859375,92.91999816894533,60.64799880981445,13.260000228881836
2014-09-16,7932.89990234375,8044.89990234375,7925.14990234375,8036.60009765625,128000,1235.199951171875,94.87999725341795,60.970001220703125,13.279999732971191
2014-09-17,7975.5,7990.64990234375,7936.9501953125,7971.5,123700,1234.4000244140625,94.41999816894533,61.053001403808594,12.949999809265137
2014-09-18,8114.75,8120.85009765625,7939.7001953125,7950.64990234375,116900,1225.699951171875,93.06999969482422,60.90800094604492,12.329999923706056
2014-09-19,8121.4501953125,8160.89990234375,8105.35009765625,8129.39990234375,161300,1215.300048828125,92.41000366210938,60.68999862670898,11.890000343322754
2014-09-22,8146.2998046875,8159.89990234375,8064.7998046875,8084.4501953125,105500,1216.800048828125,91.5199966430664,60.85300064086914,11.56999969482422
2014-09-23,8017.5498046875,8159.75,8008.10009765625,8144.39990234375,140800,1221.0,91.55999755859376,61.0,12.40999984741211
2014-09-24,8002.39990234375,8042.0498046875,7950.0498046875,8015.5498046875,182200,1218.5999755859375,92.8000030517578,60.97999954223633,12.539999961853027
2014-09-25,7911.85009765625,8019.2998046875,7877.35009765625,8003.2998046875,231900,1221.199951171875,92.52999877929688,60.810001373291016,13.300000190734863
2014-09-26,7968.85009765625,7993.2998046875,7841.7998046875,7885.85009765625,147800,1214.0999755859375,93.54000091552734,61.4900016784668,12.93000030517578
2014-09-29,7958.89990234375,7991.75,7934.7001953125,7978.4501953125,97300,1217.5,94.56999969482422,61.13800048828125,13.390000343322754
2014-09-30,7964.7998046875,8030.89990234375,7923.85009765625,7948.7998046875,141100,1210.5,91.16000366210938,61.553001403808594,13.149999618530272
2014-10-01,7945.5498046875,7977.5,7936.7001953125,7960.5,113000,1214.5999755859375,90.7300033569336,61.81999969482422,13.0
2014-10-07,7852.39990234375,7943.0498046875,7842.7001953125,7897.39990234375,148200,1211.699951171875,88.8499984741211,61.209999084472656,14.460000038146973
2014-10-08,7842.7001953125,7869.89990234375,7815.75,7828.75,135900,1205.300048828125,87.30999755859375,61.27000045776367,14.109999656677246
2014-10-09,7960.5498046875,7972.35009765625,7886.5,7886.5,123800,1224.5999755859375,85.7699966430664,60.880001068115234,13.15999984741211
2014-10-10,7859.9501953125,7924.0498046875,7848.4501953125,7911.0,142900,1221.0,85.81999969482422,61.02000045776367,14.329999923706056
2014-10-13,7884.25,7901.14990234375,7796.0,7831.0,118800,1229.300048828125,85.73999786376953,61.27799987792969,14.5
2014-10-14,7864.0,7928.0,7825.4501953125,7923.25,225500,1233.5999755859375,81.83999633789062,61.00299835205078,14.59000015258789
2014-10-16,7748.2001953125,7893.89990234375,7729.64990234375,7837.2998046875,213500,1240.5,82.69999694824219,61.37300109863281,16.43000030517578
2014-10-17,7779.7001953125,7819.2001953125,7723.85009765625,7733.75,177600,1238.300048828125,82.75,61.72299957275391,16.399999618530273
2014-10-20,7879.39990234375,7905.9501953125,7856.9501953125,7896.9501953125,176200,1244.0,82.70999908447266,61.358001708984375,14.1899995803833
2014-10-21,7927.75,7936.60009765625,7874.35009765625,7906.14990234375,163400,1251.0,82.80999755859375,61.22800064086914,13.329999923706056
2014-10-22,7995.89990234375,8005.0,7974.5498046875,7997.7998046875,151100,1244.800048828125,80.5199966430664,61.14300155639648,13.029999732971191
2014-10-27,7991.7001953125,8064.39990234375,7985.64990234375,8064.35009765625,132800,1229.0999755859375,81.0,61.16299819946289,13.520000457763672
2014-10-28,8027.60009765625,8037.7998046875,7995.0498046875,8002.39990234375,124100,1229.199951171875,81.41999816894531,61.29800033569336,13.31999969482422
2014-10-29,8090.4501953125,8097.9501953125,8052.25,8077.0498046875,148300,1224.300048828125,82.19999694824219,61.180999755859375,13.010000228881836
2014-10-30,8169.2001953125,8181.5498046875,8085.2001953125,8085.2001953125,205700,1198.0999755859375,81.12000274658203,61.28300094604492,13.270000457763672
2014-10-31,8322.2001953125,8330.75,8198.0498046875,8200.7998046875,176200,1171.0999755859375,80.54000091552734,61.43299865722656,13.300000190734863
2014-11-03,8324.150390625,8350.599609375,8297.650390625,8348.150390625,141100,1169.4000244140625,78.77999877929688,61.39799880981445,13.739999771118164
2014-11-05,8338.2998046875,8365.5498046875,8323.5,8351.25,161600,1145.4000244140625,78.68000030517578,61.28799819946289,13.760000228881836
2014-11-07,8337.0,8360.349609375,8290.25,8331.849609375,153400,1169.5999755859375,78.6500015258789,61.49300003051758,14.109999656677246
2014-11-10,8344.25,8383.0498046875,8304.4501953125,8337.7998046875,130700,1159.5999755859375,77.4000015258789,61.51300048828125,13.93000030517578
2014-11-11,8362.650390625,8378.7001953125,8321.849609375,8354.099609375,122000,1162.800048828125,77.94000244140625,61.52999877929688,14.800000190734863
2014-11-12,8383.2998046875,8415.0498046875,8370.5,8378.900390625,125200,1158.9000244140625,77.18000030517578,61.4900016784668,14.4399995803833
2014-11-13,8357.849609375,8408.0,8320.349609375,8405.25,127400,1161.0999755859375,74.20999908447266,61.36800003051758,13.800000190734863
2014-11-14,8389.900390625,8400.650390625,8346.7998046875,8360.7001953125,146800,1185.0,75.81999969482422,61.59299850463867,13.970000267028809
2014-11-17,8430.75,8438.099609375,8349.099609375,8378.400390625,113900,1183.0,75.63999938964844,61.70800018310547,14.40999984741211
2014-11-18,8425.900390625,8454.5,8407.25,8441.25,134700,1196.699951171875,74.61000061035156,61.823001861572266,14.06999969482422
2014-11-19,8382.2998046875,8455.650390625,8360.5,8440.650390625,125400,1193.5999755859375,74.58000183105469,61.71799850463867,14.350000381469728
2014-11-20,8401.900390625,8410.849609375,8353.150390625,8406.5,122800,1190.699951171875,75.58000183105469,61.9379997253418,14.170000076293944
2014-11-21,8477.349609375,8489.7998046875,8398.599609375,8408.2001953125,137000,1197.5,76.51000213623047,61.92300033569336,13.850000381469728
2014-11-24,8530.150390625,8534.650390625,8490.7998046875,8490.9501953125,140700,1195.5,75.77999877929688,61.7599983215332,13.020000457763672
2014-11-25,8463.099609375,8535.349609375,8429.4501953125,8530.7998046875,271900,1197.0999755859375,74.08999633789062,61.85300064086914,13.529999732971191
2014-11-26,8475.75,8500.2998046875,8438.650390625,8450.2998046875,151900,1196.5999755859375,73.69000244140625,61.84000015258789,12.989999771118164
2014-11-27,8494.2001953125,8506.75,8456.349609375,8477.7998046875,194300,1196.5999755859375,73.69000244140625,61.78799819946289,12.739999771118164
2014-11-28,8588.25,8617.0,8516.25,8516.7998046875,197200,1175.199951171875,66.1500015258789,61.85300064086914,12.899999618530272
2014-12-01,8555.900390625,8623.0,8545.150390625,8605.099609375,152000,1218.0,69.0,62.20299911499024,13.199999809265137
2014-12-02,8524.7001953125,8560.2001953125,8504.650390625,8535.4501953125,137400,1199.199951171875,66.87999725341797,61.948001861572266,12.399999618530272
2014-12-03,8537.650390625,8546.9501953125,8508.349609375,8528.7001953125,153200,1208.5,67.37999725341797,61.78799819946289,12.369999885559082
2014-12-04,8564.400390625,8626.9501953125,8526.400390625,8582.400390625,143500,1207.5,66.80999755859375,61.85599899291992,12.449999809265137
2014-12-05,8538.2998046875,8588.349609375,8523.900390625,8584.25,143300,1190.0999755859375,65.83999633789062,61.78300094604492,11.949999809265137
2014-12-08,8438.25,8546.349609375,8432.25,8538.650390625,163800,1194.699951171875,63.04999923706055,61.9109992980957,12.210000038146973
2014-12-09,8340.7001953125,8444.5,8330.5,8439.2998046875,146300,1231.5,63.81999969482422,61.81800079345703,12.5
2014-12-10,8355.650390625,8376.7998046875,8317.0,8318.0498046875,136700,1228.9000244140625,60.93999862670898,61.87300109863281,12.239999771118164
2014-12-11,8292.900390625,8348.2998046875,8272.400390625,8338.849609375,133900,1225.0999755859375,59.95000076293945,62.00299835205078,12.770000457763672
2014-12-12,8224.099609375,8321.900390625,8216.2998046875,8302.0,138100,1222.0,57.810001373291016,62.47299957275391,13.75
2014-12-15,8219.599609375,8242.400390625,8152.5,8160.75,137100,1207.199951171875,55.90999984741211,62.51800155639648,14.020000457763672
2014-12-16,8067.60009765625,8189.35009765625,8052.60009765625,8172.60009765625,197300,1193.9000244140625,55.93000030517578,63.167999267578125,16.309999465942383
2014-12-17,8029.7998046875,8082.0,7961.35009765625,8041.2001953125,216200,1194.300048828125,56.470001220703125,63.65299987792969,16.93000030517578
2014-12-18,8159.2998046875,8174.2998046875,8084.89990234375,8138.89990234375,162100,1194.699951171875,54.11000061035156,63.51800155639648,14.600000381469728
2014-12-19,8225.2001953125,8263.4501953125,8208.599609375,8230.4501953125,174800,1195.9000244140625,56.52000045776367,62.983001708984375,14.510000228881836
2014-12-22,8324.0,8330.9501953125,8228.2001953125,8255.0,139200,1179.699951171875,55.2599983215332,63.2400016784668,14.210000038146973
2014-12-23,8267.0,8364.75,8252.849609375,8324.599609375,132200,1177.9000244140625,57.119998931884766,63.22299957275391,15.300000190734863
2014-12-24,8174.10009765625,8286.400390625,8155.25,8272.0498046875,221900,1173.5,55.84000015258789,63.43299865722656,15.06999969482422
2014-12-26,8200.7001953125,8234.5498046875,8147.9501953125,8204.7998046875,75500,1195.300048828125,54.72999954223633,63.51300048828125,14.649999618530272
2014-12-29,8246.2998046875,8279.150390625,8214.7001953125,8214.7001953125,82100,1181.699951171875,53.61000061035156,63.59000015258789,14.579999923706056
2014-12-30,8248.25,8268.25,8220.5498046875,8260.2998046875,77700,1200.199951171875,54.119998931884766,63.66299819946289,14.859999656677246
2014-12-31,8282.7001953125,8291.0,8243.75,8243.900390625,84500,1183.9000244140625,53.27000045776367,63.37799835205078,15.119999885559082
2015-01-02,8395.4501953125,8410.599609375,8288.7001953125,8288.7001953125,101900,1186.0,52.68999862670898,63.02799987792969,13.800000190734863
2015-01-05,8378.400390625,8445.599609375,8363.900390625,8407.9501953125,118200,1203.9000244140625,50.040000915527344,63.27799987792969,14.149999618530272
2015-01-06,8127.35009765625,8327.849609375,8111.35009765625,8325.2998046875,172800,1219.300048828125,47.93000030517578,63.3380012512207,17.420000076293945
2015-01-07,8102.10009765625,8151.2001953125,8065.4501953125,8118.64990234375,164100,1210.5999755859375,48.650001525878906,63.56800079345703,18.13999938964844
2015-01-08,8234.599609375,8243.5,8167.2998046875,8191.39990234375,143800,1208.4000244140625,48.790000915527344,63.27299880981445,16.469999313354492
2015-01-09,8284.5,8303.2998046875,8190.7998046875,8285.4501953125,148000,1216.0,48.36000061035156,62.667999267578125,15.960000038146973
2015-01-12,8323.0,8332.599609375,8245.599609375,8291.349609375,103200,1232.699951171875,46.06999969482422,62.34799957275391,16.110000610351562
2015-01-13,8299.400390625,8356.650390625,8267.900390625,8346.150390625,129600,1234.300048828125,45.88999938964844,62.06800079345703,16.479999542236328
2015-01-14,8277.5498046875,8326.4501953125,8236.650390625,8307.25,146100,1234.4000244140625,48.47999954223633,61.97299957275391,17.25
2015-01-15,8494.150390625,8527.099609375,8380.5498046875,8424.5,232100,1264.699951171875,46.25,62.0880012512207,16.15999984741211
2015-01-16,8513.7998046875,8530.75,8452.25,8504.0498046875,176000,1276.9000244140625,48.68999862670898,62.05799865722656,17.270000457763672
2015-01-19,8550.7001953125,8570.9501953125,8531.5,8550.0498046875,125400,1276.9000244140625,48.68999862670898,61.86299896240234,17.649999618530273
2015-01-20,8695.599609375,8707.900390625,8574.5,8575.099609375,158700,1294.199951171875,46.38999938964844,61.63800048828125,17.270000457763672
2015-01-21,8729.5,8741.849609375,8689.599609375,8719.650390625,185900,1293.699951171875,47.77999877929688,61.64799880981445,17.709999084472656
2015-01-22,8761.400390625,8774.150390625,8727.0,8745.849609375,175500,1300.699951171875,46.310001373291016,61.553001403808594,18.56999969482422
2015-01-23,8835.599609375,8866.400390625,8795.400390625,8827.9501953125,191200,1292.5999755859375,45.59000015258789,61.59799957275391,17.889999389648438
2015-01-27,8910.5,8925.0498046875,8825.4501953125,8871.349609375,192000,1291.699951171875,46.22999954223633,61.47299957275391,18.09000015258789
2015-01-28,8914.2998046875,8985.0498046875,8874.0498046875,8902.75,185100,1285.9000244140625,44.45000076293945,61.40299987792969,19.770000457763672
2015-01-29,8952.349609375,8966.650390625,8861.25,8901.5,256300,1254.5999755859375,44.52999877929688,61.35100173950195,19.43000030517578
2015-01-30,8808.900390625,8996.599609375,8775.099609375,8996.599609375,267300,1278.5,48.2400016784668,61.79600143432617,20.170000076293945
2015-02-02,8797.400390625,8840.7998046875,8751.099609375,8802.5,210100,1276.199951171875,49.56999969482422,62.01300048828125,20.40999984741211
2015-02-03,8756.5498046875,8837.2998046875,8726.650390625,8823.150390625,208700,1259.699951171875,53.04999923706055,61.72800064086914,19.809999465942383
2015-02-04,8723.7001953125,8792.849609375,8704.400390625,8789.150390625,195300,1263.800048828125,48.45000076293945,61.61399841308594,20.049999237060547
2015-02-05,8711.7001953125,8838.4501953125,8683.650390625,8733.099609375,173600,1262.0,50.47999954223633,61.86000061035156,20.6200008392334
2015-02-06,8661.0498046875,8726.2001953125,8645.5498046875,8696.849609375,171300,1233.9000244140625,51.68999862670898,61.733001708984375,20.690000534057617
2015-02-09,8526.349609375,8605.5498046875,8516.349609375,8584.400390625,146800,1240.800048828125,52.86000061035156,61.9630012512207,22.020000457763672
2015-02-10,8565.5498046875,8646.25,8470.5,8478.099609375,196200,1231.5999755859375,50.02000045776367,62.130001068115234,21.190000534057617
2015-02-11,8627.400390625,8651.9501953125,8593.650390625,8603.2998046875,161600,1219.0,48.84000015258789,62.34199905395508,20.5
2015-02-12,8711.5498046875,8732.5498046875,8599.25,8676.9501953125,158800,1220.0999755859375,51.209999084472656,62.38199996948242,20.15999984741211
2015-02-13,8805.5,8822.099609375,8729.650390625,8741.5,221900,1226.5,52.77999877929688,62.16999816894531,20.100000381469727
2015-02-16,8809.349609375,8870.099609375,8793.400390625,8831.400390625,136400,1226.5,52.77999877929688,62.06900024414063,20.82999992370605
2015-02-18,8869.099609375,8894.2998046875,8808.900390625,8811.5498046875,147600,1199.699951171875,52.13999938964844,62.11199951171875,20.90999984741211
2015-02-19,8895.2998046875,8913.4501953125,8794.4501953125,8883.0498046875,213300,1207.0999755859375,51.15999984741211,62.07400131225586,20.399999618530277
2015-02-20,8833.599609375,8899.9501953125,8816.2998046875,8895.5,197600,1204.4000244140625,50.34000015258789,62.165000915527344,21.270000457763672
2015-02-23,8754.9501953125,8869.0,8736.099609375,8856.849609375,139600,1200.300048828125,49.45000076293945,62.10100173950195,21.6299991607666
2015-02-24,8762.099609375,8800.5,8726.75,8772.900390625,149800,1196.9000244140625,49.27999877929688,62.17100143432617,21.549999237060547
2015-02-25,8767.25,8840.650390625,8751.400390625,8801.900390625,135200,1201.0,50.9900016784668,62.233001708984375,20.780000686645508
2015-02-26,8683.849609375,8786.0498046875,8669.4501953125,8779.0,217500,1209.5999755859375,48.16999816894531,61.87699890136719,20.57999992370605
2015-02-27,8844.599609375,8856.9501953125,8717.4501953125,8729.5,249500,1212.5999755859375,49.7599983215332,61.75400161743164,19.56999969482422
2015-03-02,8956.75,8972.349609375,8885.4501953125,8953.849609375,218100,1207.699951171875,49.59000015258789,61.6510009765625,15.850000381469728
2015-03-03,8996.25,9008.400390625,8925.5498046875,8962.849609375,177800,1204.0,50.52000045776367,61.9010009765625,15.489999771118164
2015-03-04,8922.650390625,9119.2001953125,8893.9501953125,9109.150390625,248400,1200.5999755859375,51.52999877929688,61.8129997253418,15.199999809265137
2015-03-05,8937.75,8957.5498046875,8849.349609375,8929.400390625,160100,1195.9000244140625,50.7599983215332,62.30500030517578,14.4399995803833
2015-03-09,8756.75,8891.2998046875,8740.4501953125,8891.150390625,155500,1166.4000244140625,50.0,62.45299911499024,15.8100004196167
2015-03-10,8712.0498046875,8778.0,8677.349609375,8769.75,163800,1160.0999755859375,48.290000915527344,62.67300033569336,15.529999732971191
2015-03-11,8699.9501953125,8755.599609375,8682.349609375,8728.75,172800,1150.699951171875,48.16999816894531,62.7130012512207,15.130000114440918
2015-03-12,8776.0,8787.2001953125,8732.900390625,8740.650390625,173900,1152.0999755859375,47.04999923706055,62.755001068115234,14.75
2015-03-13,8647.75,8849.75,8631.75,8844.0498046875,179200,1152.5999755859375,44.84000015258789,62.53499984741211,14.970000267028809
2015-03-16,8633.150390625,8663.5498046875,8612.0,8656.75,163300,1153.300048828125,43.880001068115234,63.07600021362305,15.18000030517578
2015-03-17,8723.2998046875,8742.5498046875,8630.7998046875,8689.099609375,177000,1148.300048828125,43.459999084472656,62.78900146484375,15.130000114440918
2015-03-18,8685.900390625,8747.25,8664.0,8742.900390625,156400,1151.4000244140625,44.65999984741211,62.61600112915039,15.510000228881836
2015-03-19,8634.650390625,8788.2001953125,8614.650390625,8749.4501953125,163500,1169.0999755859375,43.959999084472656,62.69300079345703,15.199999809265137
2015-03-20,8570.900390625,8627.900390625,8553.0,8627.900390625,174600,1184.800048828125,45.720001220703125,62.483001708984375,14.260000228881836
2015-03-23,8550.900390625,8608.349609375,8540.5498046875,8591.5498046875,150700,1188.0,47.45000076293945,62.40299987792969,14.270000457763672
2015-03-24,8542.9501953125,8627.75,8535.849609375,8537.0498046875,156700,1191.699951171875,47.5099983215332,62.22299957275391,13.670000076293944
2015-03-25,8530.7998046875,8573.75,8516.5498046875,8568.900390625,161000,1197.300048828125,49.209999084472656,62.27799987792969,13.140000343322754
2015-03-26,8342.150390625,8499.4501953125,8325.349609375,8474.9501953125,280100,1205.0999755859375,51.43000030517578,62.46200180053711,15.15999984741211
2015-03-27,8341.400390625,8413.2001953125,8269.150390625,8396.0,193000,1199.800048828125,48.869998931884766,62.82899856567383,14.5
2015-03-30,8492.2998046875,8492.2998046875,8380.75,8390.9501953125,134700,1184.800048828125,48.68000030517578,62.51499938964844,14.260000228881836
2015-03-31,8491.0,8550.4501953125,8454.150390625,8527.599609375,167200,1183.0999755859375,47.59999847412109,62.50899887084961,14.489999771118164
2015-04-01,8586.25,8603.400390625,8464.75,8483.7001953125,125500,1208.0999755859375,50.09000015258789,62.305999755859375,13.670000076293944
2015-04-06,8659.900390625,8667.5498046875,8573.75,8615.7998046875,146900,1218.5999755859375,52.13999938964844,62.060001373291016,14.56999969482422
2015-04-07,8660.2998046875,8693.599609375,8586.849609375,8684.4501953125,148700,1210.5999755859375,53.97999954223633,62.060001373291016,14.25
2015-04-08,8714.400390625,8730.5,8679.7998046875,8698.9501953125,148200,1203.0999755859375,50.41999816894531,62.30899810791016,14.350000381469728
2015-04-09,8778.2998046875,8785.5,8682.4501953125,8756.2001953125,152700,1193.5999755859375,50.790000915527344,62.18199920654297,14.420000076293944
2015-04-10,8780.349609375,8787.400390625,8733.599609375,8774.349609375,139000,1204.5999755859375,51.63999938964844,62.31399917602539,14.260000228881836
2015-04-13,8834.0,8841.650390625,8762.099609375,8801.75,121600,1199.300048828125,51.90999984741211,62.26900100708008,14.489999771118164
2015-04-16,8706.7001953125,8760.0,8645.650390625,8757.0498046875,142900,1198.0,56.709999084472656,62.38999938964844,14.949999809265137
2015-04-17,8606.0,8699.849609375,8596.7001953125,8698.0498046875,150400,1202.9000244140625,55.7400016784668,62.32600021362305,15.039999961853027
2015-04-20,8448.099609375,8619.9501953125,8422.75,8618.7998046875,148900,1193.5,56.380001068115234,62.542999267578125,16.299999237060547
2015-04-21,8377.75,8469.349609375,8352.7001953125,8416.099609375,407800,1202.9000244140625,55.2599983215332,63.14500045776367,17.030000686645508
2015-04-22,8429.7001953125,8449.9501953125,8284.7001953125,8400.400390625,171800,1186.9000244140625,56.15999984741211,62.87799835205078,17.209999084472656
2015-04-23,8398.2998046875,8504.9501953125,8361.849609375,8478.2001953125,156000,1194.4000244140625,57.7400016784668,62.935001373291016,18.5
2015-04-24,8305.25,8413.2998046875,8273.349609375,8405.7001953125,173600,1175.199951171875,57.150001525878906,63.2869987487793,19.11000061035156
2015-04-27,8213.7998046875,8334.4501953125,8202.349609375,8330.5498046875,171500,1203.300048828125,56.9900016784668,63.65499877929688,18.739999771118164
2015-04-28,8285.599609375,8308.0,8185.14990234375,8215.5498046875,174600,1214.0,57.060001373291016,63.13999938964844,17.40999984741211
2015-04-29,8239.75,8308.2001953125,8219.2001953125,8274.7998046875,160400,1209.800048828125,58.58000183105469,63.03300094604492,17.239999771118164
2015-04-30,8181.5,8229.400390625,8144.75,8224.5,267700,1182.4000244140625,59.630001068115234,63.44200134277344,17.229999542236328
2015-05-04,8331.9501953125,8346.0,8220.4501953125,8230.0498046875,131700,1186.800048828125,58.93000030517578,63.52299880981445,17.309999465942383
2015-05-05,8324.7998046875,8355.650390625,8280.599609375,8338.400390625,155500,1193.199951171875,60.400001525878906,63.59299850463867,17.360000610351562
2015-05-06,8097.0,8331.9501953125,8083.0,8316.599609375,209600,1190.300048828125,60.93000030517578,63.34400177001953,19.670000076293945
2015-05-07,8057.2998046875,8122.60009765625,7997.14990234375,8077.0,161600,1182.4000244140625,58.93999862670898,63.65999984741211,19.649999618530277
2015-05-08,8191.5,8224.9501953125,8123.4501953125,8131.5,183100,1189.0999755859375,59.38999938964844,64.08200073242188,19.11000061035156
2015-05-11,8325.25,8332.75,8224.650390625,8243.2001953125,192000,1183.199951171875,59.25,63.70399856567383,18.6299991607666
2015-05-12,8126.9501953125,8326.650390625,8115.2998046875,8326.150390625,173400,1192.5999755859375,60.75,64.0199966430664,20.549999237060547
2015-05-13,8235.4501953125,8254.9501953125,8089.7998046875,8181.5498046875,169800,1218.4000244140625,60.5,64.21099853515625,20.690000534057617
2015-05-14,8224.2001953125,8236.25,8137.2998046875,8232.4501953125,134800,1225.4000244140625,59.880001068115234,64.04399871826172,20.700000762939453
2015-05-15,8262.349609375,8279.2001953125,8212.2001953125,8240.2998046875,129800,1225.5,59.68999862670898,63.40800094604492,19.81999969482422
2015-05-18,8373.650390625,8384.599609375,8271.9501953125,8284.9501953125,148700,1227.800048828125,59.43000030517578,63.43299865722656,17.899999618530273
2015-05-19,8365.650390625,8427.7998046875,8335.0,8356.2001953125,140300,1206.9000244140625,57.2599983215332,63.729000091552734,18.270000457763672
2015-05-20,8423.25,8440.349609375,8391.4501953125,8392.650390625,123600,1208.9000244140625,58.97999954223633,63.78499984741211,17.719999313354492
2015-05-21,8421.0,8446.349609375,8382.5,8434.5,143800,1204.4000244140625,60.720001220703125,63.625,17.40999984741211
2015-05-22,8458.9501953125,8489.5498046875,8420.599609375,8432.5,187300,1204.300048828125,59.720001220703125,63.6259994506836,16.950000762939453
2015-05-25,8370.25,8441.9501953125,8364.150390625,8438.150390625,121300,1204.300048828125,59.720001220703125,63.483001708984375,16.93000030517578
2015-05-26,8339.349609375,8378.900390625,8320.0498046875,8377.099609375,116800,1187.199951171875,58.02999877929688,63.57099914550781,17.06999969482422
2015-05-27,8334.599609375,8342.849609375,8277.9501953125,8302.75,165500,1185.9000244140625,57.5099983215332,63.97600173950195,17.280000686645508
2015-05-28,8319.0,8364.5,8270.150390625,8345.7001953125,232300,1188.0999755859375,57.68000030517578,63.874000549316406,17.1299991607666
2015-05-29,8433.650390625,8443.900390625,8305.7001953125,8327.099609375,363900,1189.4000244140625,60.29999923706055,63.82500076293945,16.65999984741211
2015-06-01,8433.400390625,8467.150390625,8405.400390625,8417.25,122200,1188.300048828125,60.20000076293945,63.73600006103516,16.90999984741211
2015-06-02,8236.4501953125,8445.349609375,8226.0498046875,8442.7998046875,146800,1194.0999755859375,61.2599983215332,63.61000061035156,16.81999969482422
2015-06-03,8135.10009765625,8236.7001953125,8094.14990234375,8232.4501953125,171400,1184.699951171875,59.63999938964844,63.6619987487793,17.510000228881836
2015-06-04,8130.64990234375,8160.0498046875,8056.75,8155.14990234375,154700,1174.9000244140625,58.0,64.05899810791016,18.1200008392334
2015-06-05,8114.7001953125,8191.0,8100.14990234375,8119.14990234375,162100,1167.800048828125,59.130001068115234,64.0009994506836,18.09000015258789
2015-06-08,8044.14990234375,8131.0,8030.5498046875,8124.35009765625,135900,1173.199951171875,58.13999938964844,63.762001037597656,18.88999938964844
2015-06-09,8022.39990234375,8057.14990234375,8005.14990234375,8026.5,136000,1177.300048828125,60.13999938964844,63.97600173950195,18.010000228881836
2015-06-10,8124.4501953125,8152.25,8023.7998046875,8024.14990234375,136800,1186.0999755859375,61.43000030517578,64.03800201416016,17.079999923706055
2015-06-11,7965.35009765625,8163.0498046875,7958.25,8157.2998046875,166200,1179.9000244140625,60.77000045776367,63.79899978637695,17.809999465942383
2015-06-12,7982.89990234375,7995.60009765625,7940.2998046875,7959.85009765625,136600,1178.800048828125,59.959999084472656,63.999000549316406,17.479999542236328
2015-06-15,8013.89990234375,8057.7001953125,7944.85009765625,7986.60009765625,133000,1185.300048828125,59.52000045776367,64.09200286865234,17.520000457763672
2015-06-16,8047.2998046875,8061.85009765625,7952.35009765625,8004.2001953125,124000,1180.5,59.970001220703125,64.052001953125,17.170000076293945
2015-06-17,8091.5498046875,8136.85009765625,8048.9501953125,8084.2001953125,152500,1176.4000244140625,59.91999816894531,64.18199920654297,16.729999542236328
2015-06-18,8174.60009765625,8186.89990234375,8101.7998046875,8113.7001953125,144800,1201.5,60.45000076293945,64.00299835205078,16.020000457763672
2015-06-19,8224.9501953125,8250.7998046875,8195.650390625,8201.150390625,147100,1201.5,59.61000061035156,63.64500045776367,15.09000015258789
2015-06-22,8353.099609375,8369.4501953125,8257.400390625,8259.2998046875,122700,1183.699951171875,59.68000030517578,63.492000579833984,15.489999771118164
2015-06-23,8381.5498046875,8398.4501953125,8334.9501953125,8377.4501953125,131700,1176.199951171875,61.0099983215332,63.50699996948242,15.039999961853027
2015-06-24,8360.849609375,8421.349609375,8338.900390625,8399.400390625,130100,1172.5999755859375,60.27000045776367,63.59999847412109,15.920000076293944
2015-06-25,8398.0,8423.150390625,8329.5,8336.25,201200,1171.5,59.70000076293945,63.5620002746582,15.93000030517578
2015-06-26,8381.099609375,8408.5498046875,8339.7001953125,8393.9501953125,110600,1172.9000244140625,59.630001068115234,63.51100158691406,15.760000228881836
2015-06-29,8318.400390625,8329.4501953125,8195.650390625,8247.0498046875,132000,1178.5,58.33000183105469,63.44400024414063,17.299999237060547
2015-06-30,8368.5,8378.0,8298.9501953125,8316.349609375,158500,1171.5,59.470001220703125,63.7239990234375,16.93000030517578
2015-07-01,8453.0498046875,8481.599609375,8370.150390625,8376.25,131800,1169.0,56.959999084472656,63.59000015258789,15.850000381469728
2015-07-02,8444.900390625,8479.25,8433.2001953125,8471.9501953125,112000,1163.0,56.93000030517578,63.57400131225586,15.5600004196167
2015-07-03,8484.900390625,8497.75,8424.150390625,8440.099609375,88400,1163.0,56.93000030517578,63.369998931884766,16.309999465942383
2015-07-06,8522.150390625,8533.150390625,8386.150390625,8386.150390625,101500,1172.9000244140625,52.52999877929688,63.40399932861328,16.020000457763672
2015-07-07,8510.7998046875,8561.349609375,8483.849609375,8525.5,122200,1152.4000244140625,52.33000183105469,63.3650016784668,16.309999465942383
2015-07-08,8363.0498046875,8457.5,8341.400390625,8439.2001953125,188100,1163.300048828125,51.650001525878906,63.51800155639648,17.790000915527344
2015-07-09,8328.5498046875,8400.2998046875,8323.0,8364.849609375,131300,1159.0,52.77999877929688,63.5620002746582,17.440000534057617
2015-07-10,8360.5498046875,8377.099609375,8315.400390625,8365.7001953125,154100,1157.699951171875,52.7400016784668,63.36399841308594,17.06999969482422
2015-07-13,8459.650390625,8471.650390625,8355.400390625,8397.25,117800,1155.199951171875,52.20000076293945,63.35200119018555,16.270000457763672
2015-07-14,8454.099609375,8480.25,8424.099609375,8470.599609375,101700,1153.300048828125,53.040000915527344,63.51399993896485,16.010000228881836
2015-07-15,8523.7998046875,8531.400390625,8462.9501953125,8463.400390625,105500,1147.199951171875,51.40999984741211,63.32400131225586,15.56999969482422
2015-07-16,8608.0498046875,8616.099609375,8542.900390625,8546.150390625,116000,1143.800048828125,50.90999984741211,63.52399826049805,14.779999732971191
2015-07-17,8609.849609375,8642.9501953125,8593.150390625,8623.650390625,105000,1131.800048828125,50.88999938964844,63.48199844360352,14.800000190734863
2015-07-20,8603.4501953125,8624.099609375,8559.0,8623.900390625,90600,1106.699951171875,50.150001525878906,63.48400115966797,14.960000038146973
2015-07-21,8529.4501953125,8646.75,8517.900390625,8601.5,164100,1103.4000244140625,50.36000061035156,63.625,15.100000381469728
2015-07-22,8633.5,8643.900390625,8498.650390625,8512.25,136800,1091.4000244140625,49.18999862670898,63.58300018310547,15.130000114440918
2015-07-23,8589.7998046875,8654.75,8573.7998046875,8643.9501953125,132900,1094.0,48.45000076293945,63.66400146484375,15.520000457763672
2015-07-24,8521.5498046875,8589.150390625,8513.5,8588.150390625,127400,1085.5999755859375,48.13999938964844,63.84799957275391,15.460000038146973
2015-07-27,8361.0,8492.2001953125,8351.5498046875,8492.099609375,136600,1096.5,47.38999938964844,64.0999984741211,16.3700008392334
2015-07-28,8337.0,8397.400390625,8321.75,8371.099609375,174600,1096.300048828125,47.97999954223633,64.21700286865234,15.920000076293944
2015-07-29,8375.0498046875,8381.5,8338.4501953125,8365.599609375,141000,1092.699951171875,48.790000915527344,63.8390007019043,15.880000114440918
2015-07-30,8421.7998046875,8458.900390625,8408.2998046875,8417.0,215200,1088.4000244140625,48.52000045776367,63.882999420166016,15.329999923706056
2015-07-31,8532.849609375,8548.9501953125,8448.0,8456.099609375,203300,1094.9000244140625,47.119998931884766,64.11799621582031,14.56999969482422
2015-08-03,8543.0498046875,8563.9501953125,8508.099609375,8510.650390625,156700,1089.4000244140625,45.16999816894531,63.97999954223633,15.390000343322754
2015-08-04,8516.900390625,8565.150390625,8448.25,8564.099609375,187400,1090.699951171875,45.7400016784668,64.1240005493164,14.829999923706056
2015-08-05,8567.9501953125,8591.849609375,8545.849609375,8547.4501953125,132800,1085.699951171875,45.150001525878906,63.81900024414063,14.670000076293944
2015-08-06,8588.650390625,8606.2998046875,8551.5,8585.7998046875,134900,1090.199951171875,44.65999984741211,63.69599914550781,14.729999542236328
2015-08-07,8564.599609375,8595.9501953125,8552.7001953125,8580.7998046875,143700,1094.0999755859375,43.869998931884766,63.733001708984375,14.90999984741211
2015-08-10,8525.599609375,8621.5498046875,8497.7998046875,8577.0,123400,1104.199951171875,44.959999084472656,63.733001708984375,15.470000267028809
2015-08-11,8462.349609375,8556.25,8441.2998046875,8548.4501953125,154400,1107.5999755859375,43.08000183105469,63.8380012512207,15.890000343322754
2015-08-12,8349.4501953125,8446.9501953125,8337.9501953125,8445.7001953125,190000,1123.199951171875,43.29999923706055,64.32599639892578,17.450000762939453
2015-08-13,8355.849609375,8429.5,8339.75,8384.4501953125,189200,1115.699951171875,42.22999954223633,64.79900360107422,17.020000457763672
2015-08-14,8518.5498046875,8530.099609375,8381.2001953125,8402.349609375,155900,1112.9000244140625,42.5,65.26899719238281,16.020000457763672
2015-08-17,8477.2998046875,8530.599609375,8428.0498046875,8530.5,174700,1118.5999755859375,41.869998931884766,65.12200164794922,16.459999084472656
2015-08-18,8466.5498046875,8525.75,8433.599609375,8505.849609375,153300,1117.0999755859375,42.619998931884766,65.44300079345703,16.360000610351562
2015-08-19,8495.150390625,8520.4501953125,8425.9501953125,8468.0498046875,130500,1128.0999755859375,40.79999923706055,65.44599914550781,16.68000030517578
2015-08-20,8372.75,8501.349609375,8359.75,8471.0498046875,184100,1153.0,41.13999938964844,65.05400085449219,16.979999542236328
2015-08-21,8299.9501953125,8322.2001953125,8225.0498046875,8305.400390625,201300,1159.5999755859375,40.45000076293945,65.46099853515625,17.110000610351562
2015-08-24,7809.0,8060.0498046875,7769.39990234375,8055.9501953125,312400,1153.4000244140625,38.2400016784668,66.0260009765625,28.1299991607666
2015-08-25,7880.7001953125,7925.39990234375,7667.25,7895.39990234375,299100,1138.199951171875,39.310001373291016,66.80699920654297,26.850000381469727
2015-08-26,7791.85009765625,7930.0498046875,7777.10009765625,7865.25,216600,1124.5999755859375,38.59999847412109,66.28299713134766,25.520000457763672
2015-08-27,7948.9501953125,7963.60009765625,7862.2998046875,7921.60009765625,305000,1122.4000244140625,42.560001373291016,66.05599975585938,22.040000915527344
2015-08-28,8001.9501953125,8091.7998046875,7961.64990234375,8053.7001953125,195600,1133.0999755859375,45.220001220703125,66.05500030517578,23.32999992370605
2015-08-31,7971.2998046875,8043.60009765625,7947.9501953125,8009.25,198200,1131.5999755859375,49.20000076293945,66.14299774169922,24.600000381469727
2015-09-01,7785.85009765625,7929.10009765625,7746.5,7907.9501953125,184900,1138.699951171875,45.40999984741211,66.3499984741211,28.71999931335449
2015-09-02,7717.0,7862.5498046875,7699.25,7856.64990234375,215300,1132.5,46.25,66.4229965209961,26.649999618530277
2015-09-03,7823.0,7845.60009765625,7754.0498046875,7774.4501953125,155800,1123.699951171875,46.75,66.22599792480469,24.1200008392334
2015-09-04,7655.0498046875,7804.89990234375,7626.85009765625,7803.39990234375,193600,1120.5999755859375,46.04999923706055,66.16000366210938,26.420000076293945
2015-09-07,7558.7998046875,7705.0498046875,7545.89990234375,7685.85009765625,141400,1120.5999755859375,46.04999923706055,66.6780014038086,26.350000381469727
2015-09-08,7688.25,7720.89990234375,7539.5,7587.7001953125,172200,1120.4000244140625,45.93999862670898,66.8030014038086,24.56999969482422
2015-09-09,7818.60009765625,7846.0498046875,7764.5498046875,7805.85009765625,208400,1102.199951171875,44.150001525878906,66.40599822998047,24.299999237060547
2015-09-10,7788.10009765625,7819.85009765625,7678.5,7729.0498046875,160300,1109.5,45.91999816894531,66.59700012207031,24.75
2015-09-11,7789.2998046875,7864.85009765625,7759.89990234375,7833.7998046875,136400,1103.5,44.630001068115234,66.31900024414062,24.979999542236328
2015-09-14,7872.25,7879.9501953125,7761.85009765625,7811.10009765625,122800,1107.699951171875,44.0,66.23400115966797,24.31999969482422
2015-09-15,7829.10009765625,7880.0,7799.75,7867.35009765625,136500,1102.800048828125,44.59000015258789,66.31500244140625,23.739999771118164
2015-09-16,7899.14990234375,7913.89990234375,7853.2998046875,7886.85009765625,140000,1119.199951171875,47.150001525878906,66.43000030517578,22.0
2015-09-18,7981.89990234375,8055.0,7955.85009765625,7967.4501953125,241800,1138.0999755859375,44.68000030517578,66.12200164794922,18.290000915527344
2015-09-21,7977.10009765625,7987.89990234375,7908.35009765625,7911.5,121800,1133.0999755859375,46.68000030517578,65.86100006103516,18.18000030517578
2015-09-22,7812.0,8021.60009765625,7787.75,8014.7998046875,168400,1125.0,45.83000183105469,65.73899841308594,20.350000381469727
2015-09-23,7845.9501953125,7882.89990234375,7723.25,7737.35009765625,146700,1131.5999755859375,44.47999954223633,65.875,20.690000534057617
2015-09-24,7868.5,7894.5,7804.10009765625,7838.39990234375,202500,1153.800048828125,44.90999984741211,66.16200256347656,20.8799991607666
2015-09-28,7795.7001953125,7893.9501953125,7787.9501953125,7892.7998046875,136300,1132.0,44.43000030517578,66.16300201416016,21.670000076293945
2015-09-29,7843.2998046875,7926.5498046875,7691.2001953125,7725.7001953125,240700,1127.0999755859375,45.22999954223633,66.26000213623047,21.56999969482422
2015-09-30,7948.89990234375,7957.7001953125,7874.5,7924.25,210700,1115.5,45.09000015258789,65.91999816894531,19.6299991607666
2015-10-01,7950.89990234375,8008.25,7930.64990234375,7992.0498046875,156900,1114.199951171875,44.7400016784668,65.5270004272461,19.239999771118164
2015-10-05,8119.2998046875,8128.89990234375,8005.10009765625,8005.10009765625,183100,1138.0999755859375,46.2599983215332,65.35700225830078,19.1299991607666
2015-10-06,8152.89990234375,8180.9501953125,8096.5,8180.4501953125,178500,1146.800048828125,48.52999877929688,65.12300109863281,19.309999465942383
2015-10-07,8177.39990234375,8188.89990234375,8132.89990234375,8146.2001953125,193900,1149.0,47.810001373291016,65.18399810791016,19.34000015258789
2015-10-08,8129.35009765625,8196.75,8105.85009765625,8196.75,171700,1144.699951171875,49.43000030517578,64.93900299072266,19.559999465942383
2015-10-09,8189.7001953125,8232.2001953125,8139.64990234375,8186.35009765625,199700,1156.300048828125,49.630001068115234,64.99500274658203,18.93000030517578
2015-10-12,8143.60009765625,8244.5,8128.2001953125,8231.5,199100,1164.9000244140625,47.09999847412109,64.77200317382812,19.1200008392334
2015-10-13,8131.7001953125,8150.25,8088.60009765625,8121.9501953125,145900,1165.800048828125,46.65999984741211,64.78199768066406,18.020000457763672
2015-10-14,8107.89990234375,8139.2998046875,8096.35009765625,8102.39990234375,138900,1180.0999755859375,46.63999938964844,65.08499908447266,17.719999313354492
2015-10-15,8179.5,8190.5498046875,8129.7998046875,8134.35009765625,167200,1187.9000244140625,46.380001068115234,64.8489990234375,17.170000076293945
2015-10-16,8238.150390625,8246.400390625,8147.64990234375,8193.650390625,156400,1183.5999755859375,47.2599983215332,64.78399658203125,16.270000457763672
2015-10-19,8275.0498046875,8283.0498046875,8239.2001953125,8262.5498046875,124500,1173.300048828125,45.88999938964844,64.69499969482422,16.8799991607666
2015-10-20,8261.650390625,8294.0498046875,8229.2001953125,8280.2998046875,155100,1178.0,45.54999923706055,64.95099639892578,17.0
2015-10-21,8251.7001953125,8294.400390625,8217.150390625,8258.349609375,144800,1167.5999755859375,45.20000076293945,64.99400329589844,16.6200008392334
2015-10-23,8295.4501953125,8328.099609375,8280.75,8308.25,152000,1163.300048828125,44.59999847412109,65.05000305175781,16.190000534057617
2015-10-26,8260.5498046875,8336.2998046875,8252.0498046875,8333.650390625,133900,1167.0,43.97999954223633,64.88500213623047,17.229999542236328
2015-10-27,8232.900390625,8241.9501953125,8217.0498046875,8230.349609375,156700,1166.800048828125,43.20000076293945,64.9010009765625,16.540000915527344
2015-10-28,8171.2001953125,8209.099609375,8131.7998046875,8188.89990234375,188900,1177.0999755859375,45.93999862670898,65.06700134277344,17.040000915527344
2015-10-29,8111.75,8179.60009765625,8098.0,8175.4501953125,217500,1147.199951171875,46.060001373291016,64.94599914550781,17.579999923706055
2015-10-30,8065.7998046875,8146.10009765625,8044.39990234375,8123.5498046875,199500,1141.5,46.59000015258789,65.44400024414062,17.8799991607666
2015-11-02,8050.7998046875,8060.7001953125,7995.60009765625,8054.5498046875,136100,1135.800048828125,46.13999938964844,65.41500091552734,19.479999542236328
2015-11-03,8060.7001953125,8100.35009765625,8031.75,8086.35009765625,132500,1114.199951171875,47.900001525878906,65.54100036621094,19.559999465942383
2015-11-04,8040.2001953125,8116.10009765625,8027.2998046875,8104.89990234375,122100,1106.5,46.31999969482422,65.53099822998047,19.36000061035156
2015-11-05,7955.4501953125,8031.2001953125,7944.10009765625,8030.35009765625,132100,1104.4000244140625,45.20000076293945,65.58499908447266,19.290000915527344
2015-11-06,7954.2998046875,8002.64990234375,7926.14990234375,7956.5498046875,219500,1087.5999755859375,44.290000915527344,65.86000061035156,19.46999931335449
2015-11-09,7915.2001953125,7937.75,7771.7001953125,7788.25,211800,1087.9000244140625,43.869998931884766,66.13300323486328,17.040000915527344
2015-11-10,7783.35009765625,7885.10009765625,7772.85009765625,7877.60009765625,165200,1088.199951171875,44.209999084472656,66.46800231933594,16.829999923706055
2015-11-13,7762.25,7775.10009765625,7730.89990234375,7762.4501953125,160900,1080.800048828125,40.7400016784668,66.0479965209961,17.649999618530273
2015-11-16,7806.60009765625,7838.85009765625,7714.14990234375,7732.9501953125,149500,1083.699951171875,41.7400016784668,66.0510025024414,17.8799991607666
2015-11-17,7837.5498046875,7860.4501953125,7793.0,7848.75,145000,1068.699951171875,40.66999816894531,65.89700317382812,16.969999313354492
2015-11-18,7731.7998046875,7843.39990234375,7725.0498046875,7823.14990234375,143600,1068.800048828125,40.75,66.03700256347656,17.420000076293945
2015-11-19,7842.75,7854.89990234375,7765.4501953125,7788.5,132600,1078.0,40.540000915527344,66.07499694824219,15.84000015258789
2015-11-20,7856.5498046875,7906.9501953125,7817.7998046875,7841.89990234375,151900,1076.4000244140625,40.38999938964844,66.08499908447266,15.899999618530272
2015-11-23,7849.25,7877.5,7825.2001953125,7869.5,127000,1066.800048828125,41.75,66.05000305175781,17.079999923706055
2015-11-24,7831.60009765625,7870.35009765625,7812.64990234375,7837.0,130600,1074.300048828125,42.869998931884766,66.37100219726562,16.25
2015-11-26,7883.7998046875,7897.10009765625,7832.0,7837.14990234375,219800,1074.300048828125,42.869998931884766,66.38200378417969,16.690000534057617
2015-11-27,7942.7001953125,7959.2998046875,7879.4501953125,7910.60009765625,150300,1056.199951171875,41.709999084472656,66.55799865722656,16.729999542236328
2015-11-30,7935.25,7966.0,7922.7998046875,7936.25,216300,1065.800048828125,41.650001525878906,66.9000015258789,16.43000030517578
2015-12-01,7954.89990234375,7972.14990234375,7934.14990234375,7958.14990234375,138600,1063.800048828125,41.84999847412109,66.50800323486328,15.640000343322754
2015-12-02,7931.35009765625,7979.2998046875,7910.7998046875,7976.7001953125,126300,1054.199951171875,39.93999862670898,66.46099853515625,15.489999771118164
2015-12-03,7864.14990234375,7912.2998046875,7853.2998046875,7902.2998046875,125700,1061.699951171875,41.08000183105469,66.55699920654297,16.059999465942383
2015-12-04,7781.89990234375,7821.39990234375,7775.7001953125,7817.60009765625,152500,1084.5,39.970001220703125,66.8030014038086,16.09000015258789
2015-12-07,7765.39990234375,7825.39990234375,7746.0498046875,7816.5498046875,137600,1076.4000244140625,37.650001525878906,66.63600158691406,15.869999885559082
2015-12-08,7701.7001953125,7771.25,7685.4501953125,7738.5,135100,1076.300048828125,37.5099983215332,66.76799774169922,15.970000267028809
2015-12-09,7612.5,7702.85009765625,7606.89990234375,7695.5,140000,1077.5999755859375,37.15999984741211,66.83300018310547,16.729999542236328
2015-12-10,7683.2998046875,7691.9501953125,7610.0,7643.2998046875,140800,1073.0999755859375,36.7599983215332,66.88999938964844,16.290000915527344
2015-12-11,7610.4501953125,7703.0498046875,7575.2998046875,7699.60009765625,167800,1076.9000244140625,35.619998931884766,66.78600311279297,17.18000030517578
2015-12-14,7650.0498046875,7663.9501953125,7551.0498046875,7558.2001953125,148900,1064.699951171875,36.310001373291016,67.14099884033203,17.799999237060547
2015-12-15,7700.89990234375,7705.0,7625.10009765625,7659.14990234375,134300,1062.9000244140625,37.34999847412109,67.07099914550781,17.34000015258789
2015-12-16,7750.89990234375,7776.60009765625,7715.75,7725.25,154300,1078.0,35.52000045776367,66.90299987792969,16.729999542236328
2015-12-17,7844.35009765625,7852.89990234375,7737.5498046875,7783.0498046875,175900,1050.800048828125,34.95000076293945,66.4280014038086,14.220000267028809
2015-12-18,7761.9501953125,7836.14990234375,7753.35009765625,7828.89990234375,191400,1066.199951171875,34.72999954223633,66.45899963378906,14.489999771118164
2015-12-21,7834.4501953125,7840.75,7733.4501953125,7745.64990234375,126300,1081.9000244140625,34.7400016784668,66.24800109863281,14.229999542236328
2015-12-22,7786.10009765625,7846.2998046875,7776.85009765625,7829.39990234375,125700,1074.800048828125,36.13999938964844,66.26899719238281,14.479999542236328
2015-12-23,7865.9501953125,7871.4501953125,7826.10009765625,7830.4501953125,117900,1069.4000244140625,37.5,66.24299621582031,13.649999618530272
2015-12-24,7861.0498046875,7888.75,7835.5,7888.75,93500,1077.199951171875,38.09999847412109,66.15399932861328,13.75
2015-12-28,7925.14990234375,7937.2001953125,7863.0,7863.2001953125,122900,1070.5,36.810001373291016,65.94000244140625,14.399999618530272
2015-12-29,7928.9501953125,7942.14990234375,7902.75,7929.2001953125,113000,1077.5,37.869998931884766,66.13400268554688,14.239999771118164
2015-12-30,7896.25,7944.75,7889.85009765625,7938.60009765625,106800,1060.0999755859375,36.59999847412109,66.26000213623047,14.350000381469728
2015-12-31,7946.35009765625,7955.5498046875,7891.14990234375,7897.7998046875,150900,1060.300048828125,37.040000915527344,66.45500183105469,13.869999885559082
2016-01-04,7791.2998046875,7937.5498046875,7781.10009765625,7924.5498046875,134700,1075.0999755859375,36.7599983215332,66.19300079345703,16.84000015258789
2016-01-05,7784.64990234375,7831.2001953125,7763.25,7828.39990234375,145200,1078.4000244140625,35.970001220703125,66.60099792480469,16.700000762939453
2016-01-06,7741.0,7800.9501953125,7721.2001953125,7788.0498046875,147100,1091.9000244140625,33.970001220703125,66.52400207519531,16.549999237060547
2016-01-07,7568.2998046875,7674.9501953125,7556.60009765625,7673.35009765625,188900,1107.699951171875,33.27000045776367,66.7239990234375,18.959999084472656
2016-01-08,7601.35009765625,7634.10009765625,7581.0498046875,7611.64990234375,157400,1097.800048828125,33.15999984741211,66.9209976196289,17.799999237060547
2016-01-11,7563.85009765625,7605.10009765625,7494.35009765625,7527.4501953125,189000,1096.5,31.40999984741211,66.83999633789062,18.690000534057617
2016-01-12,7510.2998046875,7588.2998046875,7487.7998046875,7587.2001953125,163900,1085.5999755859375,30.440000534057617,66.79299926757812,18.709999084472656
2016-01-13,7562.39990234375,7590.9501953125,7425.7998046875,7557.89990234375,215200,1087.5,30.479999542236328,66.91999816894531,18.350000381469727
2016-01-14,7536.7998046875,7604.7998046875,7443.7998046875,7467.39990234375,200800,1073.9000244140625,31.200000762939453,66.93599700927734,18.61000061035156
2016-01-15,7437.7998046875,7566.5,7427.2998046875,7561.64990234375,197500,1091.5,29.420000076293945,67.30400085449219,19.420000076293945
2016-01-18,7351.0,7463.64990234375,7336.39990234375,7420.35009765625,233600,1091.5,29.420000076293945,67.76699829101562,20.229999542236328
2016-01-19,7435.10009765625,7462.75,7364.14990234375,7381.7998046875,188300,1089.9000244140625,28.459999084472656,67.71099853515625,18.43000030517578
2016-01-20,7309.2998046875,7470.89990234375,7241.5,7357.0,225600,1107.0999755859375,26.549999237060547,67.76699829101562,20.96999931335449
2016-01-21,7276.7998046875,7398.7001953125,7250.0,7376.64990234375,240700,1099.0999755859375,29.530000686645508,67.9489974975586,20.809999465942383
2016-01-22,7422.4501953125,7433.39990234375,7327.60009765625,7355.7001953125,229200,1097.199951171875,32.189998626708984,67.80799865722656,18.81999969482422
2016-01-25,7436.14990234375,7487.14990234375,7421.2001953125,7468.75,163200,1106.199951171875,30.34000015258789,67.54100036621094,18.270000457763672
2016-01-27,7437.75,7477.89990234375,7419.7001953125,7469.60009765625,187600,1116.0999755859375,32.29999923706055,67.7699966430664,19.059999465942383
2016-01-28,7424.64990234375,7468.85009765625,7409.60009765625,7426.5,274500,1115.5999755859375,33.220001220703125,68.19599914550781,17.899999618530273
2016-01-29,7563.5498046875,7575.64990234375,7402.7998046875,7413.35009765625,298700,1116.4000244140625,33.619998931884766,68.09300231933594,17.239999771118164
2016-02-01,7555.9501953125,7600.4501953125,7541.25,7589.5,200400,1127.9000244140625,31.6200008392334,67.87000274658203,17.889999389648438
2016-02-02,7455.5498046875,7576.2998046875,7428.0498046875,7566.64990234375,230200,1127.300048828125,29.8799991607666,67.88200378417969,18.040000915527344
2016-02-03,7361.7998046875,7419.39990234375,7350.2998046875,7392.4501953125,192000,1141.300048828125,32.279998779296875,67.98600006103516,18.59000015258789
2016-02-04,7404.0,7457.0498046875,7365.9501953125,7411.4501953125,222700,1157.5999755859375,31.71999931335449,67.927001953125,18.209999084472656
2016-02-05,7489.10009765625,7503.14990234375,7406.64990234375,7418.25,249800,1157.800048828125,30.88999938964844,67.56400299072266,18.11000061035156
2016-02-08,7387.25,7512.5498046875,7363.2001953125,7489.7001953125,171500,1197.9000244140625,29.690000534057617,67.802001953125,20.26000022888184
2016-02-09,7298.2001953125,7323.4501953125,7275.14990234375,7303.9501953125,212100,1198.699951171875,27.940000534057617,68.07599639892578,21.729999542236328
2016-02-10,7215.7001953125,7271.85009765625,7177.75,7264.2998046875,246900,1194.699951171875,27.450000762939453,67.9280014038086,22.46999931335449
2016-02-11,6976.35009765625,7208.64990234375,6959.9501953125,7203.60009765625,292300,1247.9000244140625,26.209999084472656,67.89299774169922,25.96999931335449
2016-02-12,6980.9501953125,7034.7998046875,6869.0,7023.64990234375,333900,1239.0999755859375,29.440000534057617,68.4739990234375,24.670000076293945
2016-02-15,7162.9501953125,7182.7998046875,7056.7998046875,7057.35009765625,354200,1239.0999755859375,29.440000534057617,68.11100006103516,22.3799991607666
2016-02-16,7048.25,7204.64990234375,7037.7001953125,7201.25,253800,1207.9000244140625,29.040000915527344,68.13700103759766,23.040000915527344
2016-02-17,7108.4501953125,7123.7001953125,6960.64990234375,7058.85009765625,260000,1211.0999755859375,30.65999984741211,68.50599670410156,21.82999992370605
2016-02-18,7191.75,7215.10009765625,7127.85009765625,7177.39990234375,246700,1226.0999755859375,30.770000457763672,68.35600280761719,21.489999771118164
2016-02-19,7210.75,7226.85009765625,7145.9501953125,7170.5498046875,192300,1230.4000244140625,29.63999938964844,68.56600189208984,20.920000076293945
2016-02-22,7234.5498046875,7252.39990234375,7200.7001953125,7208.85009765625,154400,1209.5,31.479999542236328,68.53800201416016,21.020000457763672
2016-02-23,7109.5498046875,7241.7001953125,7090.7001953125,7240.2998046875,194400,1222.300048828125,31.8700008392334,68.5739974975586,23.84000015258789
2016-02-24,7018.7001953125,7090.7998046875,7009.75,7075.0,199700,1238.699951171875,32.150001525878906,68.60299682617188,22.959999084472656
2016-02-25,6970.60009765625,7034.2001953125,6961.39990234375,7029.85009765625,283100,1238.199951171875,33.06999969482422,68.3759994506836,22.75
2016-02-26,7029.75,7052.89990234375,6985.10009765625,7039.2998046875,206700,1219.800048828125,32.779998779296875,68.7969970703125,21.8700008392334
2016-02-29,6987.0498046875,7094.60009765625,6825.7998046875,7050.4501953125,473400,1233.9000244140625,33.75,68.7300033569336,20.15999984741211
2016-03-01,7222.2998046875,7235.5,7035.10009765625,7038.25,275100,1230.300048828125,34.400001525878906,68.21800231933594,18.670000076293945
2016-03-02,7368.85009765625,7380.35009765625,7308.14990234375,7321.7001953125,338500,1241.0999755859375,34.65999984741211,67.74600219726562,18.989999771118164
2016-03-03,7475.60009765625,7483.9501953125,7406.0498046875,7429.5498046875,278600,1257.4000244140625,34.56999969482422,67.38800048828125,18.040000915527344
2016-03-04,7485.35009765625,7505.89990234375,7444.10009765625,7505.39990234375,281700,1269.9000244140625,35.91999816894531,67.14299774169922,17.8799991607666
2016-03-08,7485.2998046875,7527.14990234375,7442.14990234375,7486.39990234375,257000,1262.0999755859375,36.5,67.0459976196289,18.46999931335449
2016-03-09,7531.7998046875,7539.0,7424.2998046875,7436.10009765625,245100,1256.5999755859375,38.290000915527344,67.35700225830078,17.510000228881836
2016-03-10,7486.14990234375,7547.10009765625,7447.39990234375,7545.35009765625,224700,1272.0,37.84000015258789,67.1449966430664,17.899999618530273
2016-03-11,7510.2001953125,7543.9501953125,7460.60009765625,7484.85009765625,198700,1258.699951171875,38.5,67.30899810791016,17.100000381469727
2016-03-14,7538.75,7583.7001953125,7515.0498046875,7542.60009765625,166900,1244.4000244140625,37.18000030517578,66.91300201416016,17.100000381469727
2016-03-15,7460.60009765625,7545.2001953125,7452.7998046875,7535.85009765625,193700,1230.4000244140625,36.34000015258789,67.17400360107422,17.600000381469727
2016-03-16,7498.75,7508.0,7405.14990234375,7457.0498046875,195400,1229.300048828125,38.459999084472656,67.35900115966797,17.110000610351562
2016-03-17,7512.5498046875,7585.2998046875,7479.39990234375,7557.39990234375,239600,1264.5,40.20000076293945,66.83000183105469,16.84000015258789
2016-03-18,7604.35009765625,7613.60009765625,7517.89990234375,7534.64990234375,237400,1253.800048828125,39.43999862670898,66.61199951171875,16.3799991607666
2016-03-21,7704.25,7713.5498046875,7617.7001953125,7619.2001953125,196800,1243.800048828125,39.90999984741211,66.3759994506836,16.329999923706055
2016-03-22,7714.89990234375,7728.2001953125,7643.7998046875,7695.5498046875,208900,1248.199951171875,41.45000076293945,66.5199966430664,16.43000030517578
2016-03-23,7716.5,7726.85009765625,7670.60009765625,7717.4501953125,199600,1223.699951171875,39.790000915527344,66.76399993896484,16.350000381469727
2016-03-28,7615.10009765625,7749.39990234375,7587.7001953125,7741.0,242400,1219.9000244140625,39.38999938964844,66.90699768066406,17.489999771118164
2016-03-29,7597.0,7652.89990234375,7582.25,7606.5498046875,216800,1235.5999755859375,38.27999877929688,66.90699768066406,17.639999389648438
2016-03-30,7735.2001953125,7741.9501953125,7643.4501953125,7651.10009765625,232600,1226.9000244140625,38.31999969482422,66.36799621582031,16.809999465942383
2016-03-31,7738.39990234375,7777.60009765625,7702.0,7727.64990234375,380100,1234.199951171875,38.34000015258789,66.36799621582031,16.579999923706055
2016-04-01,7713.0498046875,7740.14990234375,7666.10009765625,7718.0498046875,183900,1222.199951171875,36.790000915527344,66.24800109863281,17.280000686645508
2016-04-04,7758.7998046875,7764.4501953125,7704.39990234375,7733.14990234375,155500,1218.0,35.70000076293945,66.35800170898438,17.450000762939453
2016-04-05,7603.2001953125,7736.2998046875,7588.64990234375,7736.2998046875,203800,1228.4000244140625,35.88999938964844,66.13300323486328,17.829999923706055
2016-04-06,7614.35009765625,7638.64990234375,7591.75,7636.0498046875,165600,1222.5,37.75,66.46800231933594,17.350000381469727
2016-04-07,7546.4501953125,7630.75,7535.85009765625,7630.39990234375,234400,1236.199951171875,37.2599983215332,66.53299713134766,16.93000030517578
2016-04-08,7555.2001953125,7569.35009765625,7526.7001953125,7542.35009765625,143400,1242.5,39.720001220703125,66.77899932861328,16.43000030517578
2016-04-11,7671.39990234375,7678.7998046875,7516.85009765625,7577.7998046875,179800,1256.699951171875,40.36000061035156,66.54399871826172,16.010000228881836
2016-04-12,7708.9501953125,7717.39990234375,7663.35009765625,7669.25,163400,1259.4000244140625,42.16999816894531,66.29000091552734,16.020000457763672
2016-04-13,7850.4501953125,7864.7998046875,7772.2001953125,7777.14990234375,220400,1246.800048828125,41.7599983215332,66.31500244140625,16.040000915527344
2016-04-18,7914.7001953125,7920.60009765625,7842.75,7908.14990234375,184600,1233.5999755859375,39.77999877929688,66.65299987792969,16.950000762939453
2016-04-20,7914.75,7950.39990234375,7877.5498046875,7950.0498046875,205300,1253.199951171875,42.630001068115234,66.22200012207031,17.079999923706055
2016-04-21,7912.0498046875,7978.4501953125,7884.10009765625,7953.64990234375,223700,1249.0,43.18000030517578,66.2040023803711,16.510000228881836
2016-04-22,7899.2998046875,7923.35009765625,7873.35009765625,7891.7998046875,183300,1228.699951171875,43.72999954223633,66.51200103759766,16.3799991607666
2016-04-25,7855.0498046875,7911.0,7827.0,7894.7998046875,146300,1238.9000244140625,42.63999938964844,66.65299987792969,16.56999969482422
2016-04-26,7962.64990234375,7974.5,7822.5498046875,7828.14990234375,202400,1242.199951171875,44.040000915527344,66.70500183105469,16.579999923706055
2016-04-27,7979.89990234375,7991.0,7940.5498046875,7942.0,206800,1249.199951171875,45.33000183105469,66.45700073242188,16.350000381469727
2016-04-28,7847.25,7992.0,7834.4501953125,7967.39990234375,292500,1265.5,46.02999877929688,66.3550033569336,16.600000381469727
2016-04-29,7849.7998046875,7889.0498046875,7788.7001953125,7844.25,243700,1289.199951171875,45.91999816894531,66.43800354003906,16.540000915527344
2016-05-02,7805.89990234375,7829.7998046875,7777.2998046875,7822.7001953125,146300,1294.699951171875,44.77999877929688,66.41799926757812,17.09000015258789
2016-05-03,7747.0,7890.25,7735.14990234375,7824.7998046875,186500,1290.699951171875,43.650001525878906,66.37100219726562,17.459999084472656
2016-05-04,7706.5498046875,7749.0,7697.25,7724.14990234375,199700,1273.300048828125,43.77999877929688,66.59200286865234,17.450000762939453
2016-05-05,7735.5,7777.5498046875,7706.85009765625,7731.0,185100,1271.4000244140625,44.31999969482422,66.62000274658203,17.170000076293945
2016-05-06,7733.4501953125,7738.89990234375,7678.35009765625,7717.64990234375,163600,1292.9000244140625,44.65999984741211,66.60199737548828,16.950000762939453
2016-05-09,7866.0498046875,7873.64990234375,7753.5498046875,7755.25,160600,1265.5999755859375,43.43999862670898,66.59400177001953,16.610000610351562
2016-05-10,7887.7998046875,7896.89990234375,7837.7001953125,7873.5498046875,162000,1263.9000244140625,44.65999984741211,66.72100067138672,16.420000076293945
2016-05-11,7848.85009765625,7893.10009765625,7780.89990234375,7804.64990234375,214100,1274.5999755859375,46.22999954223633,66.66600036621094,16.959999084472656
2016-05-12,7900.39990234375,7916.0498046875,7849.64990234375,7871.4501953125,152700,1270.300048828125,46.70000076293945,66.59100341796875,16.329999923706055
2016-05-13,7814.89990234375,7881.0,7784.2001953125,7881.0,179500,1271.9000244140625,46.209999084472656,66.7509994506836,17.0
2016-05-16,7860.75,7873.89990234375,7772.14990234375,7831.2001953125,205200,1273.4000244140625,47.720001220703125,66.9000015258789,17.030000686645508
2016-05-17,7890.75,7940.10009765625,7879.7001953125,7896.85009765625,183400,1276.199951171875,48.310001373291016,66.875,16.3700008392334
2016-05-18,7870.14990234375,7882.0498046875,7810.75,7846.75,156400,1273.699951171875,48.18999862670898,66.86799621582031,16.450000762939453
2016-05-19,7783.39990234375,7876.2001953125,7766.7998046875,7875.5,170400,1254.199951171875,48.15999984741211,67.16000366210938,17.059999465942383
2016-05-20,7749.7001953125,7812.39990234375,7735.75,7792.2001953125,157000,1252.4000244140625,47.75,67.47699737548828,16.43000030517578
2016-05-23,7731.0498046875,7820.60009765625,7722.2001953125,7813.9501953125,172000,1251.0999755859375,48.08000183105469,67.4229965209961,16.15999984741211
2016-05-24,7748.85009765625,7761.5498046875,7715.7998046875,7738.0498046875,147000,1228.9000244140625,48.619998931884766,67.447998046875,16.219999313354492
2016-05-25,7934.89990234375,7941.2001953125,7809.2998046875,7811.7998046875,176200,1223.5,49.560001373291016,67.6510009765625,15.520000457763672
2016-05-26,8069.64990234375,8083.0,7948.5,7974.4501953125,264300,1220.0999755859375,49.47999954223633,67.30400085449219,15.329999923706056
2016-05-27,8156.64990234375,8164.2001953125,8077.0498046875,8081.9501953125,260900,1213.800048828125,49.33000183105469,66.9540023803711,15.260000228881836
2016-05-30,8178.5,8200.0,8150.7998046875,8166.5,247400,1213.800048828125,49.33000183105469,67.02400207519531,15.979999542236328
2016-05-31,8160.10009765625,8213.599609375,8134.2998046875,8209.849609375,471000,1214.800048828125,49.09999847412109,67.13300323486328,16.049999237060547
2016-06-01,8179.9501953125,8215.349609375,8171.0498046875,8179.2001953125,194400,1211.9000244140625,49.0099983215332,67.23100280761719,15.84000015258789
2016-06-02,8218.9501953125,8229.5,8154.75,8156.89990234375,181700,1209.800048828125,49.16999816894531,67.4260025024414,15.09000015258789
2016-06-03,8220.7998046875,8262.0,8209.849609375,8246.2001953125,379000,1240.0999755859375,48.619998931884766,67.29199981689453,15.0
2016-06-06,8201.0498046875,8234.7001953125,8186.0498046875,8228.75,171600,1244.5999755859375,49.68999862670898,66.99199676513672,15.359999656677246
2016-06-07,8266.4501953125,8294.9501953125,8216.400390625,8235.5498046875,241900,1244.4000244140625,50.36000061035156,66.8010025024414,14.869999885559082
2016-06-08,8273.0498046875,8288.900390625,8252.0498046875,8285.5,174300,1259.800048828125,51.22999954223633,66.76300048828125,15.140000343322754
2016-06-09,8203.599609375,8273.349609375,8184.60009765625,8273.349609375,174900,1270.199951171875,50.560001373291016,66.51000213623047,15.670000076293944
2016-06-10,8170.0498046875,8265.599609375,8162.85009765625,8180.25,182200,1273.4000244140625,49.06999969482422,66.74099731445312,15.970000267028809
2016-06-13,8110.60009765625,8125.25,8063.89990234375,8102.25,169700,1284.4000244140625,48.880001068115234,66.94499969482422,16.579999923706055
2016-06-14,8108.85009765625,8134.9501953125,8069.5,8134.39990234375,145500,1285.5999755859375,48.4900016784668,67.15399932861328,17.190000534057617
2016-06-15,8206.599609375,8213.2001953125,8123.14990234375,8139.39990234375,169800,1285.800048828125,48.0099983215332,67.2979965209961,17.059999465942383
2016-06-16,8140.75,8180.64990234375,8074.4501953125,8180.64990234375,189200,1296.0999755859375,46.209999084472656,67.072998046875,17.700000762939453
2016-06-17,8170.2001953125,8195.25,8135.7998046875,8176.64990234375,166600,1292.5,47.97999954223633,67.30699920654297,17.350000381469727
2016-06-20,8238.5,8244.150390625,8107.35009765625,8115.75,168600,1290.0,49.369998931884766,67.06600189208984,17.520000457763672
2016-06-21,8219.900390625,8257.25,8202.150390625,8255.400390625,137000,1270.5,48.84999847412109,67.12999725341797,17.260000228881836
2016-06-22,8203.7001953125,8238.349609375,8153.25,8213.650390625,136100,1268.0,49.130001068115234,67.60600280761719,18.18000030517578
2016-06-23,8270.4501953125,8285.599609375,8188.2998046875,8201.150390625,154100,1261.199951171875,50.11000061035156,67.4219970703125,18.020000457763672
2016-06-24,8088.60009765625,8100.7001953125,7927.0498046875,8029.10009765625,297600,1320.0,47.63999938964844,67.24199676513672,18.6299991607666
2016-06-27,8094.7001953125,8120.64990234375,8039.35009765625,8039.35009765625,162500,1322.5,46.33000183105469,67.87699890136719,18.530000686645508
2016-06-28,8127.85009765625,8146.35009765625,8086.85009765625,8096.0498046875,170400,1315.300048828125,47.84999847412109,67.9209976196289,17.729999542236328
2016-06-29,8204.0,8212.400390625,8157.64990234375,8173.10009765625,147000,1323.9000244140625,49.880001068115234,67.70500183105469,16.15999984741211
2016-06-30,8287.75,8308.150390625,8242.099609375,8260.25,279400,1318.4000244140625,48.33000183105469,67.41600036621094,16.290000915527344
2016-07-01,8328.349609375,8356.75,8308.650390625,8313.0498046875,165500,1336.699951171875,48.9900016784668,67.5009994506836,15.739999771118164
2016-07-04,8370.7001953125,8398.4501953125,8364.7001953125,8376.75,154200,1336.699951171875,48.9900016784668,67.18199920654297,15.579999923706056
2016-07-05,8335.9501953125,8381.4501953125,8319.9501953125,8379.2998046875,139000,1356.4000244140625,46.59999847412109,67.23699951171875,15.359999656677246
2016-07-07,8337.900390625,8361.9501953125,8317.7001953125,8342.0,155500,1360.0999755859375,45.13999938964844,67.4010009765625,15.3100004196167
2016-07-08,8323.2001953125,8353.2998046875,8287.5498046875,8350.0,137900,1356.5999755859375,45.40999984741211,67.49700164794922,15.079999923706056
2016-07-11,8467.900390625,8475.25,8407.0498046875,8413.349609375,149800,1355.0,44.7599983215332,67.13200378417969,14.850000381469728
2016-07-12,8521.0498046875,8526.599609375,8479.2001953125,8502.599609375,183600,1334.0999755859375,46.79999923706055,67.1449966430664,14.779999732971191
2016-07-13,8519.5,8550.25,8493.5498046875,8540.4501953125,195500,1342.4000244140625,44.75,66.87000274658203,15.329999923706056
2016-07-14,8565.0,8571.400390625,8500.7001953125,8515.75,153900,1331.300048828125,45.68000030517578,67.00599670410156,15.609999656677246
2016-07-15,8541.400390625,8594.7998046875,8510.0498046875,8565.4501953125,221700,1326.5,45.95000076293945,66.83799743652344,15.640000343322754
2016-07-18,8508.7001953125,8587.099609375,8494.349609375,8564.0498046875,164300,1328.4000244140625,45.2400016784668,67.13300323486328,15.989999771118164
2016-07-19,8528.5498046875,8540.0498046875,8476.7001953125,8514.2998046875,167900,1331.5,44.650001525878906,67.13899993896484,15.800000190734863
2016-07-20,8565.849609375,8569.900390625,8512.5498046875,8515.4501953125,160300,1318.800048828125,44.93999862670898,67.20600128173828,15.989999771118164
2016-07-21,8510.099609375,8585.25,8503.4501953125,8582.7001953125,150000,1330.5,44.75,67.16400146484375,15.710000038146973
2016-07-22,8541.2001953125,8548.9501953125,8489.7998046875,8519.650390625,143200,1323.0999755859375,44.18999862670898,67.15399932861328,15.5
2016-07-25,8635.650390625,8641.150390625,8517.2001953125,8519.9501953125,150000,1319.300048828125,43.130001068115234,67.14600372314453,15.720000267028809
2016-07-26,8590.650390625,8644.900390625,8577.150390625,8633.75,154800,1320.699951171875,42.91999816894531,67.40499877929688,15.619999885559082
2016-07-27,8615.7998046875,8665.0,8572.0498046875,8599.400390625,184100,1326.5999755859375,41.91999816894531,67.28399658203125,15.43000030517578
2016-07-28,8666.2998046875,8674.7001953125,8625.25,8636.9501953125,233500,1332.300048828125,41.13999938964844,67.06300354003906,15.149999618530272
2016-07-29,8638.5,8670.349609375,8631.150390625,8668.2998046875,157000,1349.0,41.59999847412109,67.00700378417969,14.920000076293944
2016-08-01,8636.5498046875,8711.2998046875,8590.5,8654.2998046875,188400,1351.4000244140625,40.060001373291016,66.64800262451172,15.18000030517578
2016-08-02,8622.900390625,8687.2001953125,8611.400390625,8647.4501953125,169400,1364.4000244140625,39.5099983215332,66.7509994506836,15.6899995803833
2016-08-03,8544.849609375,8635.4501953125,8529.599609375,8635.2001953125,163000,1356.0999755859375,40.83000183105469,66.6760025024414,16.239999771118164
2016-08-04,8551.099609375,8601.400390625,8518.150390625,8599.9501953125,164700,1358.800048828125,41.93000030517578,66.76000213623047,15.140000343322754
2016-08-05,8683.150390625,8689.400390625,8590.150390625,8600.2001953125,157900,1336.4000244140625,41.79999923706055,66.84100341796875,14.350000381469728
2016-08-08,8711.349609375,8723.5,8697.599609375,8712.849609375,172600,1333.4000244140625,43.02000045776367,66.83499908447266,14.59000015258789
2016-08-09,8678.25,8728.349609375,8638.2001953125,8727.7998046875,200100,1339.0,42.77000045776367,66.79399871826172,14.539999961853027
2016-08-10,8575.2998046875,8690.099609375,8564.599609375,8686.7001953125,173600,1344.300048828125,41.709999084472656,66.78299713134766,14.920000076293944
2016-08-11,8592.150390625,8601.150390625,8540.0498046875,8572.7998046875,189200,1342.5,43.4900016784668,66.75800323486328,14.210000038146973
2016-08-16,8642.5498046875,8682.349609375,8600.4501953125,8670.25,224800,1350.5,46.58000183105469,66.86489868164062,14.18000030517578
2016-08-17,8624.0498046875,8667.099609375,8603.599609375,8639.7998046875,174100,1342.699951171875,46.790000915527344,66.85769653320312,14.779999732971191
2016-08-18,8673.25,8690.7001953125,8645.0498046875,8648.849609375,164300,1351.199951171875,48.220001220703125,66.90550231933594,14.550000190734863
2016-08-19,8666.900390625,8696.599609375,8647.099609375,8694.2998046875,191900,1340.4000244140625,48.52000045776367,66.81999969482422,14.539999961853027
2016-08-22,8629.150390625,8684.849609375,8614.0,8667.0,152300,1337.699951171875,47.04999923706055,67.12750244140625,14.239999771118164
2016-08-23,8632.599609375,8642.150390625,8580.0,8628.349609375,187500,1340.5999755859375,48.09999847412109,67.1874008178711,13.899999618530272
2016-08-24,8650.2998046875,8661.0498046875,8620.900390625,8648.5,149600,1324.4000244140625,46.77000045776367,67.12999725341797,13.489999771118164
2016-08-25,8592.2001953125,8683.0498046875,8583.650390625,8668.849609375,213100,1320.0999755859375,47.33000183105469,67.16000366210938,13.289999961853027
2016-08-26,8572.5498046875,8622.9501953125,8547.5498046875,8614.349609375,147500,1321.5,47.63999938964844,67.00559997558594,13.56999969482422
2016-08-29,8607.4501953125,8622.0,8543.75,8583.75,129700,1322.9000244140625,46.97999954223633,67.12899780273438,13.170000076293944
2016-08-30,8744.349609375,8750.599609375,8642.25,8646.75,150200,1311.699951171875,46.34999847412109,67.08999633789062,13.020000457763672
2016-08-31,8786.2001953125,8819.2001953125,8754.0498046875,8754.0498046875,362200,1306.9000244140625,44.70000076293945,67.12660217285156,13.239999771118164
2016-09-01,8774.650390625,8813.25,8759.9501953125,8793.599609375,238900,1312.199951171875,43.15999984741211,66.97470092773438,13.34000015258789
2016-09-02,8809.650390625,8824.099609375,8768.2001953125,8796.349609375,191500,1322.0999755859375,44.43999862670898,66.79299926757812,12.9399995803833
2016-09-06,8943.0,8950.849609375,8848.4501953125,8852.7001953125,195600,1349.4000244140625,44.83000183105469,66.45999908447266,12.75
2016-09-07,8917.9501953125,8968.7001953125,8913.349609375,8968.7001953125,290100,1344.300048828125,45.5,66.25520324707031,13.149999618530272
2016-09-08,8952.5,8960.349609375,8896.0,8915.5,217200,1336.800048828125,47.619998931884766,66.47160339355469,13.119999885559082
2016-09-09,8866.7001953125,8939.150390625,8858.7001953125,8934.2998046875,175900,1330.0999755859375,45.880001068115234,66.44999694824219,13.229999542236328
2016-09-12,8715.599609375,8746.9501953125,8699.400390625,8732.9501953125,184500,1321.0,46.290000915527344,66.77799987792969,15.239999771118164
2016-09-14,8726.599609375,8739.849609375,8688.900390625,8710.650390625,184300,1321.5,43.58000183105469,66.99500274658203,14.760000228881836
2016-09-15,8742.5498046875,8751.9501953125,8704.349609375,8743.849609375,145400,1313.5,43.90999984741211,66.75810241699219,14.68000030517578
2016-09-16,8779.849609375,8847.650390625,8750.5,8780.849609375,265800,1305.800048828125,43.02999877929688,66.85030364990234,14.579999923706056
2016-09-19,8808.400390625,8824.2998046875,8774.2001953125,8788.4501953125,131700,1313.5,43.29999923706055,67.06529998779297,14.9399995803833
2016-09-20,8775.900390625,8816.4501953125,8759.2998046875,8816.099609375,136500,1313.699951171875,43.43999862670898,66.9552001953125,14.779999732971191
2016-09-21,8777.150390625,8826.849609375,8757.2998046875,8790.2998046875,148800,1326.9000244140625,45.34000015258789,66.9749984741211,14.8100004196167
2016-09-22,8867.4501953125,8893.349609375,8837.7998046875,8873.349609375,172800,1340.4000244140625,46.31999969482422,66.76119995117188,13.34000015258789
2016-09-23,8831.5498046875,8885.2001953125,8820.2998046875,8880.75,185900,1337.199951171875,44.47999954223633,66.62259674072266,13.25
2016-09-26,8723.0498046875,8809.5498046875,8715.099609375,8807.900390625,164000,1339.699951171875,45.93000030517578,66.69650268554688,14.56999969482422
2016-09-27,8706.400390625,8768.5,8690.5,8748.900390625,151400,1325.9000244140625,44.66999816894531,66.60649871826172,14.25
2016-09-28,8745.150390625,8767.0498046875,8703.150390625,8711.2001953125,165500,1319.4000244140625,47.04999923706055,66.44129943847656,13.850000381469728
2016-09-29,8591.25,8800.650390625,8558.25,8792.7001953125,372900,1321.699951171875,47.83000183105469,66.33280181884766,18.450000762939453
2016-09-30,8611.150390625,8637.150390625,8555.2001953125,8581.5,181700,1313.300048828125,48.2400016784668,66.81629943847656,17.18000030517578
2016-10-03,8738.099609375,8745.2001953125,8635.0,8666.150390625,137300,1309.0,48.810001373291016,66.54650115966797,15.619999885559082
2016-10-04,8769.150390625,8783.650390625,8736.099609375,8770.0,184300,1266.300048828125,48.68999862670898,66.38030242919922,14.989999771118164
2016-10-05,8743.9501953125,8806.9501953125,8731.400390625,8806.349609375,157200,1265.199951171875,49.83000183105469,66.5780029296875,14.93000030517578
2016-10-06,8709.5498046875,8781.150390625,8684.650390625,8768.7001953125,163600,1249.800048828125,50.43999862670898,66.56320190429688,14.84000015258789
2016-10-07,8697.599609375,8723.7001953125,8663.7998046875,8721.7001953125,150400,1248.9000244140625,49.810001373291016,66.68710327148438,14.489999771118164
2016-10-10,8708.7998046875,8745.7998046875,8703.9501953125,8735.349609375,108400,1248.9000244140625,49.810001373291016,66.59120178222656,14.289999961853027
2016-10-13,8573.349609375,8681.5498046875,8541.349609375,8671.5,212300,1255.0,50.43999862670898,66.81809997558594,15.43000030517578
2016-10-14,8583.400390625,8604.4501953125,8549.7998046875,8594.0,162800,1253.0999755859375,50.34999847412109,66.78399658203125,14.890000343322754
2016-10-17,8520.400390625,8615.400390625,8506.150390625,8612.9501953125,197400,1254.4000244140625,49.93999862670898,66.7052993774414,15.65999984741211
2016-10-18,8677.900390625,8685.099609375,8555.900390625,8556.0498046875,216600,1260.800048828125,50.290000915527344,66.78359985351562,14.539999961853027
2016-10-19,8659.099609375,8698.75,8636.7001953125,8697.5,172100,1267.9000244140625,51.59999847412109,66.73799896240234,14.609999656677246
2016-10-20,8699.400390625,8727.0,8678.2998046875,8693.349609375,161000,1265.5999755859375,50.43000030517578,66.63639831542969,14.170000076293944
2016-10-21,8693.0498046875,8709.099609375,8652.0498046875,8708.599609375,157300,1265.9000244140625,50.84999847412109,66.84130096435547,13.829999923706056
2016-10-24,8708.9501953125,8736.9501953125,8684.150390625,8709.849609375,157100,1262.0,50.52000045776367,66.91120147705078,14.329999923706056
2016-10-25,8691.2998046875,8722.650390625,8663.4501953125,8721.7001953125,189800,1271.9000244140625,49.959999084472656,66.83399963378906,14.479999542236328
2016-10-26,8615.25,8657.2998046875,8596.599609375,8657.2998046875,219300,1264.800048828125,49.18000030517578,66.78130340576172,14.449999809265137
2016-10-27,8615.25,8624.849609375,8550.25,8607.099609375,242800,1267.9000244140625,49.720001220703125,66.86399841308594,14.09000015258789
2016-10-28,8638.0,8653.75,8581.75,8625.0,175500,1275.5,48.70000076293945,66.90299987792969,14.649999618530272
2016-11-01,8626.25,8669.599609375,8614.5,8653.150390625,165000,1286.4000244140625,46.66999816894531,66.66549682617188,15.739999771118164
2016-11-02,8514.0,8549.5,8504.849609375,8542.7998046875,155300,1306.800048828125,45.34000015258789,66.67849731445312,16.799999237060547
2016-11-03,8484.9501953125,8537.650390625,8476.150390625,8499.849609375,170500,1302.0999755859375,44.65999984741211,66.77749633789062,16.469999313354492
2016-11-04,8433.75,8504.0,8400.25,8503.599609375,224800,1303.300048828125,44.06999969482422,66.68450164794922,16.850000381469727
2016-11-07,8497.0498046875,8535.849609375,8481.4501953125,8535.75,172800,1278.300048828125,44.88999938964844,66.7853012084961,16.510000228881836
2016-11-08,8543.5498046875,8559.400390625,8480.099609375,8540.0,195700,1273.4000244140625,44.97999954223633,66.73500061035156,16.770000457763672
2016-11-09,8432.0,8476.2001953125,8002.25,8067.5,314300,1272.5999755859375,45.27000045776367,66.22949981689453,16.6200008392334
2016-11-10,8525.75,8598.4501953125,8510.7001953125,8555.599609375,263100,1265.5,44.65999984741211,66.50749969482422,15.460000038146973
2016-11-11,8296.2998046875,8460.599609375,8284.9501953125,8456.650390625,266900,1265.5,44.65999984741211,67.2145004272461,17.360000610351562
2016-11-15,8108.4501953125,8288.5498046875,8093.2001953125,8284.849609375,359200,1224.0,45.810001373291016,67.77549743652344,20.149999618530277
2016-11-16,8111.60009765625,8210.0498046875,8089.39990234375,8205.650390625,269500,1223.4000244140625,45.56999969482422,67.74800109863281,19.5
2016-11-17,8079.9501953125,8151.25,8060.2998046875,8105.10009765625,191300,1216.5,45.41999816894531,67.98149871826172,18.709999084472656
2016-11-18,8074.10009765625,8128.9501953125,8048.2998046875,8097.5498046875,161200,1208.5,45.68999862670898,67.97480010986328,17.809999465942383
2016-11-21,7929.10009765625,8102.4501953125,7916.39990234375,8102.10009765625,218800,1209.5999755859375,47.4900016784668,68.16999816894531,19.100000381469727
2016-11-22,8002.2998046875,8019.0498046875,7938.14990234375,7989.14990234375,210200,1211.0,48.02999877929688,68.21549987792969,18.46999931335449
2016-11-23,8033.2998046875,8055.2001953125,7973.10009765625,8051.2001953125,181000,1189.0999755859375,47.959999084472656,68.385498046875,18.040000915527344
2016-11-24,7965.5,8024.85009765625,7952.5498046875,8011.7998046875,260500,1189.0999755859375,47.959999084472656,68.79850006103516,17.15999984741211
2016-11-25,8114.2998046875,8122.25,7976.75,8007.9501953125,177900,1178.199951171875,46.060001373291016,68.74549865722656,17.610000610351562
2016-11-28,8126.89990234375,8146.5,8066.5,8080.64990234375,189700,1190.5999755859375,47.08000183105469,68.50849914550781,18.059999465942383
2016-11-29,8142.14990234375,8197.349609375,8128.7001953125,8131.5498046875,189700,1187.9000244140625,45.22999954223633,68.55549621582031,17.709999084472656
2016-11-30,8224.5,8234.25,8139.25,8172.14990234375,248000,1170.800048828125,49.43999862670898,68.60800170898438,16.850000381469727
2016-12-01,8192.900390625,8250.7998046875,8185.0498046875,8244.0,157700,1166.9000244140625,51.060001373291016,68.58799743652344,16.690000534057617
2016-12-02,8086.7998046875,8159.2998046875,8070.0498046875,8153.5498046875,171500,1175.0999755859375,51.68000030517578,68.21649932861328,17.93000030517578
2016-12-05,8128.75,8141.89990234375,8056.85009765625,8088.75,126500,1174.0,51.790000915527344,68.0114974975586,17.290000915527344
2016-12-06,8143.14990234375,8178.7001953125,8130.85009765625,8153.14990234375,115300,1167.5999755859375,50.93000030517578,68.01249694824219,17.110000610351562
2016-12-07,8102.0498046875,8190.4501953125,8077.5,8168.39990234375,169800,1175.0,49.77000045776367,67.72200012207031,16.850000381469727
2016-12-08,8246.849609375,8256.25,8151.75,8152.10009765625,142500,1169.800048828125,50.84000015258789,67.43150329589844,15.529999732971191
2016-12-09,8261.75,8274.9501953125,8241.9501953125,8271.7001953125,149700,1159.4000244140625,51.5,67.40599822998047,15.06999969482422
2016-12-12,8170.7998046875,8230.650390625,8154.4501953125,8230.650390625,108100,1163.5,52.83000183105469,67.46050262451172,16.190000534057617
2016-12-13,8221.7998046875,8228.849609375,8155.7998046875,8196.150390625,184000,1156.699951171875,52.97999954223633,67.41799926757812,15.920000076293944
2016-12-14,8182.4501953125,8229.400390625,8165.10009765625,8229.349609375,144600,1161.300048828125,51.040000915527344,67.3864974975586,16.59000015258789
2016-12-15,8153.60009765625,8225.900390625,8121.9501953125,8128.39990234375,181800,1127.800048828125,50.900001525878906,67.81999969482422,15.65999984741211
2016-12-16,8139.4501953125,8178.7001953125,8127.4501953125,8178.2001953125,203000,1135.300048828125,51.900001525878906,67.84500122070312,15.25
2016-12-19,8104.35009765625,8132.5,8094.85009765625,8126.0,107400,1140.5,52.119998931884766,67.83499908447266,14.84000015258789
2016-12-20,8082.39990234375,8124.10009765625,8062.75,8110.60009765625,128000,1131.5,52.22999954223633,67.84020233154297,14.539999961853027
2016-12-21,8061.2998046875,8112.5498046875,8053.25,8105.85009765625,123700,1131.0999755859375,52.4900016784668,67.89700317382812,14.710000038146973
2016-12-22,7979.10009765625,8046.4501953125,7964.9501953125,8043.85009765625,122600,1128.800048828125,52.95000076293945,67.82550048828125,15.550000190734863
2016-12-23,7985.75,8022.60009765625,7942.0498046875,7972.5,124100,1131.9000244140625,53.02000045776367,67.83799743652344,15.130000114440918
2016-12-26,7908.25,7970.0498046875,7893.7998046875,7965.10009765625,106900,1131.9000244140625,53.02000045776367,67.83080291748047,16.600000381469727
2016-12-27,8032.85009765625,8044.64990234375,7903.7001953125,7915.0498046875,118800,1137.300048828125,53.900001525878906,67.77200317382812,15.079999923706056
2016-12-28,8034.85009765625,8100.5498046875,8028.39990234375,8047.5498046875,126700,1139.4000244140625,54.060001373291016,67.96800231933594,15.539999961853027
2016-12-29,8103.60009765625,8111.10009765625,8020.7998046875,8030.60009765625,178500,1156.4000244140625,53.77000045776367,68.20500183105469,15.279999732971191
2016-12-30,8185.7998046875,8197.0,8114.75,8119.64990234375,127600,1150.0,53.720001220703125,67.93299865722656,15.470000267028809
2017-01-02,8179.5,8212.0,8133.7998046875,8210.099609375,118300,1150.0,53.720001220703125,67.9448013305664,15.829999923706056
2017-01-03,8192.25,8219.099609375,8148.60009765625,8196.0498046875,127300,1160.4000244140625,52.33000183105469,68.13390350341797,15.960000038146973
2017-01-04,8190.5,8218.5,8180.89990234375,8202.650390625,132400,1163.800048828125,53.2599983215332,68.2697982788086,15.890000343322754
2017-01-05,8273.7998046875,8282.650390625,8223.7001953125,8226.650390625,159100,1179.699951171875,53.7599983215332,67.885498046875,15.050000190734863
2017-01-06,8243.7998046875,8306.849609375,8233.25,8281.849609375,139400,1171.9000244140625,53.9900016784668,67.73300170898438,14.90999984741211
2017-01-09,8236.0498046875,8263.0,8227.75,8259.349609375,99100,1183.5,51.959999084472656,68.1426010131836,15.479999542236328
2017-01-10,8288.599609375,8293.7998046875,8261.0,8262.7001953125,142900,1184.199951171875,50.81999969482422,68.09700012207031,15.199999809265137
2017-01-11,8380.650390625,8389.0,8322.25,8327.7998046875,186500,1195.5999755859375,52.25,68.31800079345703,14.8100004196167
2017-01-12,8407.2001953125,8417.2001953125,8382.2998046875,8391.0498046875,172600,1198.9000244140625,53.0099983215332,68.13999938964844,14.609999656677246
2017-01-13,8400.349609375,8461.0498046875,8373.150390625,8457.650390625,185300,1195.300048828125,52.369998931884766,68.12950134277344,14.380000114440918
2017-01-16,8412.7998046875,8426.7001953125,8374.400390625,8390.9501953125,124100,1195.300048828125,52.369998931884766,68.15779876708984,15.06999969482422
2017-01-17,8398.0,8440.900390625,8378.2998046875,8415.0498046875,122000,1212.0,52.47999954223633,68.09459686279297,15.390000343322754
2017-01-18,8417.0,8460.2998046875,8397.400390625,8403.849609375,163800,1211.300048828125,51.08000183105469,67.89949798583984,15.18000030517578
2017-01-19,8435.099609375,8445.150390625,8404.0498046875,8418.400390625,165900,1200.9000244140625,51.369998931884766,68.197998046875,15.020000457763672
2017-01-20,8349.349609375,8423.650390625,8340.9501953125,8404.349609375,202600,1204.300048828125,52.41999816894531,68.09030151367188,15.789999961853027
2017-01-23,8391.5,8404.150390625,8327.2001953125,8329.599609375,195000,1215.0,52.75,68.07720184326172,15.90999984741211
2017-01-24,8475.7998046875,8480.9501953125,8398.150390625,8407.0498046875,179200,1210.300048828125,53.18000030517578,68.05139923095703,15.289999961853027
2017-01-25,8602.75,8612.599609375,8493.9501953125,8499.4501953125,292500,1197.300048828125,52.75,68.16449737548828,15.170000076293944
2017-01-27,8641.25,8672.7001953125,8606.900390625,8610.5,275400,1188.0999755859375,53.16999816894531,68.14900207519531,16.010000228881836
2017-01-30,8632.75,8662.599609375,8617.75,8635.5498046875,304700,1193.199951171875,52.630001068115234,68.11000061035156,16.670000076293945
2017-01-31,8561.2998046875,8631.75,8552.400390625,8629.4501953125,521000,1208.5999755859375,52.810001373291016,67.82099914550781,16.829999923706055
2017-02-01,8716.400390625,8722.400390625,8537.5,8570.349609375,327700,1205.5999755859375,53.880001068115234,67.50160217285156,13.970000267028809
2017-02-02,8734.25,8757.599609375,8685.7998046875,8724.75,283500,1216.699951171875,53.540000915527344,67.39540100097656,13.520000457763672
2017-02-03,8740.9501953125,8748.25,8707.75,8735.150390625,191000,1218.5,53.83000183105469,67.2656021118164,13.130000114440918
2017-02-06,8801.0498046875,8814.099609375,8770.2001953125,8785.4501953125,194400,1230.0,53.0099983215332,67.15730285644531,13.399999618530272
2017-02-07,8768.2998046875,8809.2998046875,8741.0498046875,8805.7001953125,226300,1234.199951171875,52.16999816894531,67.19529724121094,13.510000228881836
2017-02-08,8769.0498046875,8791.25,8715.0,8774.5498046875,218700,1237.5999755859375,52.34000015258789,67.34049987792969,13.350000381469728
2017-02-09,8778.400390625,8821.400390625,8724.099609375,8795.5498046875,187500,1235.0999755859375,53.0,66.96430206298828,13.239999771118164
2017-02-10,8793.5498046875,8822.099609375,8771.2001953125,8812.349609375,225900,1234.4000244140625,53.86000061035156,66.74530029296875,13.18000030517578
2017-02-13,8805.0498046875,8826.900390625,8754.2001953125,8819.7998046875,204900,1224.4000244140625,52.93000030517578,66.84369659423828,13.6899995803833
2017-02-14,8792.2998046875,8820.4501953125,8772.5,8819.900390625,188300,1223.9000244140625,53.20000076293945,66.91539764404297,13.800000190734863
2017-02-15,8724.7001953125,8807.900390625,8712.849609375,8778.9501953125,216100,1231.699951171875,53.11000061035156,66.7759017944336,14.210000038146973
2017-02-16,8778.0,8783.9501953125,8719.599609375,8739.0,184600,1240.0,53.36000061035156,66.8655014038086,13.729999542236328
2017-02-17,8821.7001953125,8896.4501953125,8804.25,8883.7001953125,298300,1237.5999755859375,53.400001525878906,67.16480255126953,13.43000030517578
2017-02-20,8879.2001953125,8886.25,8809.7998046875,8818.5498046875,167800,1237.5999755859375,53.400001525878906,67.06520080566406,13.609999656677246
2017-02-21,8907.849609375,8920.7998046875,8860.9501953125,8890.75,175700,1237.5,54.060001373291016,66.96499633789062,13.529999732971191
2017-02-22,8926.900390625,8960.75,8905.25,8931.599609375,247100,1232.0,53.59000015258789,66.96510314941406,13.699999809265137
2017-02-23,8939.5,8982.150390625,8927.5498046875,8956.400390625,377200,1250.199951171875,54.45000076293945,66.91429901123047,13.399999618530272
2017-02-27,8896.7001953125,8951.7998046875,8888.650390625,8943.7001953125,189900,1257.4000244140625,54.04999923706055,66.63500213623047,13.68000030517578
2017-02-28,8879.599609375,8914.75,8867.599609375,8898.9501953125,293600,1252.5999755859375,54.0099983215332,66.69319915771484,13.789999961853027
2017-03-01,8945.7998046875,8960.7998046875,8898.599609375,8904.400390625,205900,1248.9000244140625,53.83000183105469,66.7051010131836,13.579999923706056
2017-03-02,8899.75,8992.5,8879.7998046875,8982.849609375,218800,1231.9000244140625,52.61000061035156,66.85800170898438,13.359999656677246
2017-03-03,8897.5498046875,8907.099609375,8860.099609375,8883.5,202600,1225.5,53.33000183105469,66.84510040283203,13.350000381469728
2017-03-06,8963.4501953125,8967.7998046875,8914.0,8915.099609375,174800,1224.5,53.20000076293945,66.77300262451172,13.640000343322754
2017-03-07,8946.900390625,8977.849609375,8932.7998046875,8977.75,173400,1215.0999755859375,53.13999938964844,66.66470336914062,13.880000114440918
2017-03-08,8924.2998046875,8957.0498046875,8891.9501953125,8950.7001953125,177800,1208.5,50.27999877929688,66.61620330810547,14.079999923706056
2017-03-09,8927.0,8945.7998046875,8899.5,8914.5,171500,1202.4000244140625,49.27999877929688,66.76499938964844,14.390000343322754
2017-03-10,8934.5498046875,8975.7001953125,8903.9501953125,8953.7001953125,152700,1200.699951171875,48.4900016784668,66.68049621582031,13.960000038146973
2017-03-14,9087.0,9122.75,9060.5,9091.650390625,270300,1201.9000244140625,47.720001220703125,66.17009735107422,12.399999618530272
2017-03-15,9084.7998046875,9106.5498046875,9075.5,9086.849609375,240600,1200.0999755859375,48.86000061035156,65.77510070800781,12.420000076293944
2017-03-16,9153.7001953125,9158.4501953125,9128.5498046875,9129.650390625,208600,1226.5,48.75,65.62049865722656,11.90999984741211
2017-03-17,9160.0498046875,9218.400390625,9147.599609375,9207.7998046875,286700,1229.800048828125,48.77999877929688,65.40450286865234,11.850000381469728
2017-03-20,9126.849609375,9167.599609375,9116.2998046875,9166.9501953125,332100,1233.5999755859375,48.220001220703125,65.46810150146484,12.020000457763672
2017-03-21,9121.5,9147.75,9087.2001953125,9133.9501953125,247700,1246.0999755859375,47.34000015258789,65.33529663085938,11.9399995803833
2017-03-22,9030.4501953125,9072.900390625,9019.2998046875,9047.2001953125,232300,1249.300048828125,48.040000915527344,65.49500274658203,12.270000457763672
2017-03-23,9086.2998046875,9099.0498046875,9048.599609375,9048.75,191800,1246.9000244140625,47.70000076293945,65.36499786376953,11.84000015258789
2017-03-24,9108.0,9133.5498046875,9089.400390625,9104.0,203700,1248.199951171875,47.970001220703125,65.44439697265625,11.979999542236328
2017-03-27,9045.2001953125,9094.849609375,9024.650390625,9093.4501953125,202700,1255.4000244140625,47.72999954223633,65.39309692382812,12.4399995803833
2017-03-28,9100.7998046875,9110.400390625,9079.7998046875,9081.5,183300,1255.300048828125,48.369998931884766,65.04499816894531,12.119999885559082
2017-03-29,9143.7998046875,9153.150390625,9109.099609375,9128.7001953125,243400,1253.4000244140625,49.5099983215332,65.11000061035156,12.09000015258789
2017-03-30,9173.75,9183.150390625,9136.349609375,9142.599609375,323400,1245.0,50.34999847412109,64.77999877929688,12.149999618530272
2017-03-31,9173.75,9191.7001953125,9152.099609375,9158.900390625,190900,1247.300048828125,50.59999847412109,64.79000091552734,12.420000076293944
2017-04-03,9237.849609375,9245.349609375,9192.400390625,9220.599609375,139100,1250.800048828125,50.2400016784668,64.79669952392578,11.489999771118164
2017-04-05,9265.150390625,9273.900390625,9215.400390625,9264.400390625,184800,1245.4000244140625,51.150001525878906,65.05000305175781,11.550000190734863
2017-04-06,9261.9501953125,9267.9501953125,9218.849609375,9245.7998046875,186100,1250.300048828125,51.70000076293945,65.04000091552734,11.289999961853027
2017-04-07,9198.2998046875,9250.5,9188.099609375,9223.7001953125,190000,1254.300048828125,52.2400016784668,64.58000183105469,11.6899995803833
2017-04-10,9181.4501953125,9225.650390625,9174.849609375,9225.599609375,135800,1251.0999755859375,53.08000183105469,64.26000213623047,11.619999885559082
2017-04-11,9237.0,9242.7001953125,9172.849609375,9184.5498046875,200100,1271.199951171875,53.400001525878906,64.57499694824219,11.399999618530272
2017-04-12,9203.4501953125,9246.400390625,9161.7998046875,9242.5,161800,1275.300048828125,53.11000061035156,64.62999725341797,11.630000114440918
2017-04-13,9150.7998046875,9202.650390625,9144.9501953125,9202.5,166500,1285.9000244140625,53.18000030517578,64.5,11.579999923706056
2017-04-17,9139.2998046875,9160.0,9120.25,9144.75,0,1289.4000244140625,52.650001525878906,64.45369720458984,11.890000343322754
2017-04-18,9105.150390625,9217.900390625,9095.4501953125,9163.0,174200,1291.699951171875,52.40999984741211,64.4083023071289,12.380000114440918
2017-04-19,9103.5,9120.5,9075.150390625,9112.2001953125,173700,1281.4000244140625,50.43999862670898,64.56999969482422,12.220000267028809
2017-04-20,9136.400390625,9143.900390625,9102.650390625,9108.099609375,170300,1281.9000244140625,50.27000045776367,64.64669799804688,11.5600004196167
2017-04-21,9119.400390625,9183.650390625,9088.75,9179.099609375,155200,1287.4000244140625,49.619998931884766,64.66000366210938,11.420000076293944
2017-04-24,9217.9501953125,9225.400390625,9130.5498046875,9135.349609375,167700,1275.800048828125,49.22999954223633,64.63999938964844,11.630000114440918
2017-04-25,9306.599609375,9309.2001953125,9250.349609375,9273.0498046875,168700,1265.5999755859375,49.560001373291016,64.38999938964844,11.15999984741211
2017-04-26,9351.849609375,9367.0,9301.349609375,9336.2001953125,185700,1262.0999755859375,49.619998931884766,64.3499984741211,11.739999771118164
2017-04-27,9342.150390625,9367.150390625,9322.650390625,9359.150390625,209400,1263.699951171875,48.970001220703125,64.0199966430664,11.06999969482422
2017-04-28,9304.0498046875,9342.650390625,9282.25,9340.9501953125,162200,1266.0999755859375,49.33000183105469,64.05999755859375,10.859999656677246
2017-05-02,9313.7998046875,9352.5498046875,9269.900390625,9339.849609375,161600,1255.0999755859375,47.65999984741211,64.18000030517578,11.449999809265137
2017-05-03,9311.9501953125,9346.2998046875,9298.400390625,9344.7001953125,151600,1246.4000244140625,47.81999969482422,64.06999969482422,11.529999732971191
2017-05-04,9359.900390625,9365.650390625,9323.25,9360.9501953125,269600,1226.5,45.52000045776367,64.20999908447266,11.329999923706056
2017-05-05,9285.2998046875,9377.099609375,9272.0,9374.5498046875,231900,1224.800048828125,46.220001220703125,64.16999816894531,11.989999771118164
2017-05-08,9314.0498046875,9338.7001953125,9297.9501953125,9311.4501953125,174300,1225.300048828125,46.43000030517578,64.30799865722656,11.670000076293944
2017-05-09,9316.849609375,9338.9501953125,9307.7001953125,9337.349609375,132300,1214.300048828125,45.880001068115234,64.41179656982422,11.109999656677246
2017-05-10,9407.2998046875,9414.75,9336.0,9339.650390625,152700,1217.300048828125,47.33000183105469,64.63999938964844,10.949999809265137
2017-05-11,9422.400390625,9450.650390625,9411.2998046875,9448.599609375,171100,1222.699951171875,47.83000183105469,64.55000305175781,10.84000015258789
2017-05-12,9400.900390625,9437.75,9372.5498046875,9436.650390625,154300,1226.199951171875,47.84000015258789,64.36000061035156,10.630000114440918
2017-05-15,9445.400390625,9449.25,9423.099609375,9433.5498046875,140800,1228.5999755859375,48.84999847412109,64.16549682617188,10.68000030517578
2017-05-16,9512.25,9517.2001953125,9456.349609375,9461.0,166500,1235.0,48.65999984741211,64.03829956054688,10.5600004196167
2017-05-17,9525.75,9532.599609375,9486.099609375,9517.599609375,205500,1257.5,49.06999969482422,63.900001525878906,10.640000343322754
2017-05-18,9429.4501953125,9489.099609375,9418.099609375,9453.2001953125,193300,1251.699951171875,49.34999847412109,64.2300033569336,11.789999961853027
2017-05-19,9427.900390625,9505.75,9390.75,9469.900390625,252100,1252.699951171875,50.33000183105469,64.87110137939453,11.300000190734863
2017-05-22,9438.25,9498.650390625,9427.900390625,9480.25,196800,1260.699951171875,50.72999954223633,64.44850158691406,11.199999809265137
2017-05-23,9386.150390625,9448.0498046875,9370.0,9445.0498046875,224400,1254.800048828125,51.470001220703125,64.50019836425781,12.199999809265137
2017-05-24,9360.5498046875,9431.900390625,9341.650390625,9410.900390625,211800,1252.4000244140625,51.36000061035156,64.88520050048828,11.829999923706056
2017-05-25,9509.75,9523.2998046875,9379.2001953125,9384.0498046875,289200,1255.800048828125,48.900001525878906,64.76010131835938,10.449999809265137
2017-05-26,9595.099609375,9604.900390625,9495.400390625,9507.75,218800,1267.5999755859375,49.79999923706055,64.54540252685547,10.859999656677246
2017-05-29,9604.900390625,9637.75,9547.7001953125,9560.0498046875,235000,1267.5999755859375,49.79999923706055,64.51319885253906,11.789999961853027
2017-05-30,9624.5498046875,9635.2998046875,9581.2001953125,9590.650390625,193900,1262.0999755859375,49.65999984741211,64.50859832763672,11.770000457763672
2017-05-31,9621.25,9649.599609375,9609.25,9636.5498046875,414300,1272.0,48.31999969482422,64.61859893798828,11.760000228881836
2017-06-01,9616.099609375,9634.650390625,9589.900390625,9603.5498046875,176100,1267.0,48.36000061035156,64.5000991821289,11.3100004196167
2017-06-02,9653.5,9673.5,9637.4501953125,9657.150390625,162200,1276.800048828125,47.65999984741211,64.37229919433594,10.8100004196167
2017-06-05,9675.099609375,9687.2001953125,9640.7001953125,9656.2998046875,127700,1279.300048828125,47.400001525878906,64.40499877929688,11.020000457763672
2017-06-06,9637.150390625,9709.2998046875,9630.2001953125,9704.25,145900,1294.4000244140625,48.18999862670898,64.34400177001953,11.130000114440918
2017-06-07,9663.900390625,9678.5498046875,9630.5498046875,9663.9501953125,160700,1290.0999755859375,45.720001220703125,64.42050170898438,10.890000343322754
2017-06-08,9647.25,9688.7001953125,9641.5,9682.400390625,155400,1276.300048828125,45.63999938964844,64.41829681396484,11.06999969482422
2017-06-09,9668.25,9676.25,9608.150390625,9638.5498046875,159000,1268.5,45.83000183105469,64.243896484375,10.859999656677246
2017-06-12,9616.400390625,9647.0498046875,9598.5,9646.7001953125,141400,1266.0999755859375,46.08000183105469,64.37699890136719,11.420000076293944
2017-06-13,9606.900390625,9654.150390625,9595.400390625,9615.5498046875,129700,1265.800048828125,46.459999084472656,64.46910095214844,11.34000015258789
2017-06-14,9618.150390625,9627.400390625,9580.4501953125,9621.5498046875,181800,1272.800048828125,44.72999954223633,64.35749816894531,11.18000030517578
2017-06-15,9578.0498046875,9621.400390625,9560.7998046875,9617.900390625,171100,1252.199951171875,44.459999084472656,64.16580200195312,11.329999923706056
2017-06-16,9588.0498046875,9615.849609375,9565.5,9595.4501953125,213200,1254.0,44.7400016784668,64.55999755859375,10.920000076293944
2017-06-19,9657.5498046875,9673.2998046875,9614.900390625,9626.400390625,141700,1244.199951171875,44.20000076293945,64.3949966430664,10.630000114440918
2017-06-20,9653.5,9676.5,9643.75,9670.5,159500,1241.0,43.22999954223633,64.48760223388672,10.65999984741211
2017-06-21,9633.599609375,9650.4501953125,9608.599609375,9648.099609375,144000,1243.4000244140625,42.52999877929688,64.53050231933594,10.920000076293944
2017-06-22,9630.0,9698.849609375,9617.75,9642.650390625,198800,1247.5999755859375,42.7400016784668,64.5416030883789,11.210000038146973
2017-06-23,9574.9501953125,9647.650390625,9565.2998046875,9643.25,175200,1256.199951171875,43.0099983215332,64.59100341796875,11.5600004196167
2017-06-27,9511.400390625,9615.400390625,9473.4501953125,9594.0498046875,203300,1246.4000244140625,44.2400016784668,64.42130279541016,12.510000228881836
2017-06-28,9491.25,9522.5,9474.349609375,9520.2001953125,172400,1248.0,44.7400016784668,64.5248031616211,11.989999771118164
2017-06-29,9504.099609375,9575.7998046875,9493.7998046875,9522.9501953125,259300,1244.199951171875,44.93000030517578,64.51190185546875,11.380000114440918
2017-06-30,9520.900390625,9535.7998046875,9448.75,9478.5,179600,1240.699951171875,46.040000915527344,64.78510284423828,11.729999542236328
2017-07-03,9615.0,9624.0,9543.5498046875,9587.9501953125,183000,1217.9000244140625,47.06999969482422,64.60679626464844,11.199999809265137
2017-07-04,9613.2998046875,9650.650390625,9595.5,9645.900390625,144800,1217.9000244140625,47.06999969482422,64.84269714355469,11.279999732971191
2017-07-05,9637.599609375,9643.650390625,9607.349609375,9619.75,130800,1220.4000244140625,45.130001068115234,64.7688980102539,11.149999618530272
2017-07-06,9674.5498046875,9700.7001953125,9639.9501953125,9653.599609375,147400,1222.199951171875,45.52000045776367,64.79139709472656,10.979999542236328
2017-07-07,9665.7998046875,9684.25,9642.650390625,9670.349609375,141800,1208.5999755859375,44.22999954223633,64.71330261230469,10.869999885559082
2017-07-10,9771.0498046875,9782.150390625,9646.4501953125,9719.2998046875,37500,1212.0999755859375,44.400001525878906,64.61170196533203,10.90999984741211
2017-07-11,9786.0498046875,9830.0498046875,9778.849609375,9797.4501953125,179700,1213.5999755859375,45.040000915527344,64.61170196533203,10.890000343322754
2017-07-12,9816.099609375,9824.9501953125,9787.7001953125,9807.2998046875,145500,1218.0999755859375,45.4900016784668,64.52559661865234,11.050000190734863
2017-07-13,9891.7001953125,9897.25,9853.4501953125,9855.7998046875,181300,1216.300048828125,46.08000183105469,64.36499786376953,11.25
2017-07-14,9886.349609375,9913.2998046875,9845.4501953125,9913.2998046875,159600,1226.5999755859375,46.540000915527344,64.42579650878906,11.170000076293944
2017-07-17,9915.9501953125,9928.2001953125,9894.7001953125,9908.150390625,163500,1232.800048828125,46.02000045776367,64.26730346679688,11.460000038146973
2017-07-18,9827.150390625,9885.349609375,9792.0498046875,9832.7001953125,293900,1241.0999755859375,46.400001525878906,64.33000183105469,11.489999771118164
2017-07-19,9899.599609375,9905.0498046875,9851.650390625,9855.9501953125,200200,1241.199951171875,47.119998931884766,64.3062973022461,11.260000228881836
2017-07-20,9873.2998046875,9922.5498046875,9863.4501953125,9920.2001953125,161100,1244.800048828125,46.790000915527344,64.26329803466797,11.31999969482422
2017-07-21,9915.25,9924.7001953125,9838.0,9899.599609375,187500,1254.300048828125,45.77000045776367,64.32499694824219,11.09000015258789
2017-07-24,9966.400390625,9982.0498046875,9919.599609375,9936.7998046875,174500,1253.9000244140625,46.34000015258789,64.46109771728516,11.3100004196167
2017-07-25,9964.5498046875,10011.2998046875,9949.099609375,10010.5498046875,185500,1251.699951171875,47.88999938964844,64.36509704589844,10.90999984741211
2017-07-26,10020.650390625,10025.9501953125,9965.9501953125,9983.650390625,197600,1249.0,48.75,64.4469985961914,11.170000076293944
2017-07-27,10020.5498046875,10114.849609375,10005.5,10063.25,287900,1259.5999755859375,49.040000915527344,64.3447036743164,11.220000267028809
2017-07-28,10014.5,10026.0498046875,9944.5,9996.5498046875,191600,1268.4000244140625,49.709999084472656,64.18499755859375,11.140000343322754
2017-07-31,10077.099609375,10085.900390625,10016.9501953125,10034.7001953125,237700,1266.5999755859375,50.16999816894531,64.12349700927734,11.899999618530272
2017-08-01,10114.650390625,10128.599609375,10065.75,10101.0498046875,184300,1272.5999755859375,49.15999984741211,64.18949890136719,11.90999984741211
2017-08-02,10081.5,10137.849609375,10054.2001953125,10136.2998046875,161500,1271.800048828125,49.59000015258789,64.05580139160156,11.9399995803833
2017-08-03,10013.650390625,10081.150390625,9998.25,10081.150390625,192700,1267.800048828125,49.02999877929688,63.64059829711914,11.640000343322754
2017-08-04,10066.400390625,10075.25,9988.349609375,10008.599609375,178600,1258.300048828125,49.58000183105469,63.696998596191406,11.390000343322754
2017-08-07,10057.400390625,10088.099609375,10046.349609375,10074.7998046875,137400,1258.199951171875,49.38999938964844,63.66510009765625,11.899999618530272
2017-08-08,9978.5498046875,10083.7998046875,9947.0,10068.349609375,203300,1256.4000244140625,49.16999816894531,63.8301010131836,12.770000457763672
2017-08-09,9908.0498046875,9969.7998046875,9893.0498046875,9961.150390625,169200,1273.0,49.560001373291016,63.70289993286133,13.449999809265137
2017-08-10,9820.25,9892.650390625,9776.2001953125,9872.849609375,235500,1283.699951171875,48.59000015258789,63.88769912719727,13.800000190734863
2017-08-11,9710.7998046875,9771.650390625,9685.5498046875,9712.150390625,285900,1287.699951171875,48.81999969482422,64.13860321044922,15.199999809265137
2017-08-14,9794.150390625,9818.2998046875,9752.099609375,9755.75,195600,1284.199951171875,47.59000015258789,64.08100128173828,14.380000114440918
2017-08-16,9897.2998046875,9903.9501953125,9773.849609375,9825.849609375,219500,1276.9000244140625,46.77999877929688,64.26300048828125,14.239999771118164
2017-08-17,9904.150390625,9947.7998046875,9883.75,9945.5498046875,197600,1286.4000244140625,47.09000015258789,64.1604995727539,14.34000015258789
2017-08-18,9837.400390625,9865.9501953125,9783.650390625,9865.9501953125,246300,1285.699951171875,48.5099983215332,64.18890380859375,14.56999969482422
2017-08-21,9754.349609375,9884.349609375,9740.099609375,9864.25,205300,1290.800048828125,47.369998931884766,64.07589721679688,14.81999969482422
2017-08-22,9765.5498046875,9828.4501953125,9752.599609375,9815.75,183600,1285.0999755859375,47.63999938964844,64.15750122070312,14.109999656677246
2017-08-23,9852.5,9857.900390625,9786.75,9803.0498046875,168600,1288.9000244140625,48.40999984741211,64.05750274658203,13.18000030517578
2017-08-24,9857.0498046875,9881.5,9848.849609375,9881.2001953125,184700,1286.5,47.43000030517578,64.00499725341797,12.56999969482422
2017-08-28,9912.7998046875,9925.75,9882.0,9907.150390625,159600,1309.699951171875,46.56999969482422,63.99549865722656,12.640000343322754
2017-08-29,9796.0498046875,9887.349609375,9783.75,9886.400390625,173300,1313.0999755859375,46.43999862670898,63.78929901123047,13.539999961853027
2017-08-30,9884.400390625,9909.4501953125,9850.7998046875,9859.5,157800,1308.0999755859375,45.959999084472656,63.98680114746094,12.890000343322754
2017-08-31,9917.900390625,9925.099609375,9856.9501953125,9905.7001953125,327700,1316.199951171875,47.22999954223633,63.976200103759766,11.949999809265137
2017-09-01,9974.400390625,9983.4501953125,9909.849609375,9937.650390625,157800,1324.5,47.290000915527344,63.91189956665039,11.68000030517578
2017-09-04,9912.849609375,9988.400390625,9861.0,9984.150390625,148800,1324.5,47.290000915527344,64.0155029296875,13.170000076293944
2017-09-05,9952.2001953125,9963.099609375,9901.0498046875,9933.25,139200,1339.199951171875,48.65999984741211,64.02629852294922,12.890000343322754
2017-09-06,9916.2001953125,9931.5498046875,9882.5498046875,9899.25,149200,1333.9000244140625,49.15999984741211,64.0999984741211,13.119999885559082
2017-09-07,9929.900390625,9964.849609375,9917.2001953125,9945.849609375,188800,1345.0999755859375,49.09000015258789,64.0154037475586,13.010000228881836
2017-09-08,9934.7998046875,9963.599609375,9913.2998046875,9958.650390625,163600,1346.0,47.47999954223633,63.95009994506836,12.960000038146973
2017-09-11,10006.0498046875,10028.650390625,9968.7998046875,9971.75,173000,1331.0,48.06999969482422,63.930999755859375,12.359999656677246
2017-09-12,10093.0498046875,10097.5498046875,10028.0498046875,10056.849609375,182600,1328.0,48.22999954223633,63.97999954223633,11.760000228881836
2017-09-13,10079.2998046875,10131.9501953125,10063.150390625,10099.25,215000,1323.4000244140625,49.29999923706055,63.98759841918945,11.760000228881836
2017-09-14,10086.599609375,10126.5,10070.349609375,10107.400390625,225600,1324.699951171875,49.88999938964844,64.11509704589844,11.470000267028809
2017-09-15,10085.400390625,10115.150390625,10043.650390625,10062.349609375,266600,1320.4000244140625,49.88999938964844,64.15499877929688,11.68000030517578
2017-09-18,10153.099609375,10171.7001953125,10131.2998046875,10133.099609375,156100,1306.300048828125,49.90999984741211,64.12020111083984,11.4399995803833
2017-09-19,10147.5498046875,10178.9501953125,10129.9501953125,10175.599609375,187500,1306.199951171875,49.47999954223633,64.2146987915039,11.470000267028809
2017-09-20,10141.150390625,10171.0498046875,10134.2001953125,10160.9501953125,199400,1312.0,50.40999984741211,64.29869842529297,11.630000114440918
2017-09-21,10121.900390625,10158.900390625,10058.599609375,10139.599609375,191800,1290.5999755859375,50.54999923706055,64.28369903564453,11.630000114440918
2017-09-22,9964.400390625,10095.0498046875,9952.7998046875,10094.349609375,226600,1293.300048828125,50.65999984741211,64.80229949951172,12.8100004196167
2017-09-25,9872.599609375,9960.5,9816.0498046875,9960.099609375,221400,1306.800048828125,52.220001220703125,64.89099884033203,13.34000015258789
2017-09-26,9871.5,9891.349609375,9813.0,9875.25,190900,1297.0,51.880001068115234,65.26509857177734,12.93000030517578
2017-09-27,9735.75,9921.0498046875,9714.400390625,9920.599609375,200100,1283.4000244140625,52.13999938964844,65.3499984741211,13.859999656677246
2017-09-28,9768.9501953125,9789.2001953125,9687.5498046875,9736.400390625,385000,1285.5,51.560001373291016,65.5250015258789,13.170000076293944
2017-09-29,9788.599609375,9854.0,9775.349609375,9814.2998046875,196300,1281.5,51.66999816894531,65.36000061035156,12.489999771118164
2017-10-03,9859.5,9895.400390625,9831.0498046875,9893.2998046875,162800,1271.5,50.41999816894531,65.57170104980469,12.460000038146973
2017-10-04,9914.900390625,9938.2998046875,9850.650390625,9884.349609375,156200,1273.699951171875,49.97999954223633,65.44309997558594,11.800000190734863
2017-10-05,9888.7001953125,9945.9501953125,9881.849609375,9927.0,147800,1269.9000244140625,50.790000915527344,65.01950073242188,11.710000038146973
2017-10-06,9979.7001953125,9989.349609375,9906.599609375,9908.150390625,195800,1271.5999755859375,49.290000915527344,65.20999908447266,11.119999885559082
2017-10-09,9988.75,10015.75,9959.4501953125,9988.2001953125,143900,1281.800048828125,49.58000183105469,65.41419982910156,11.390000343322754
2017-10-10,10016.9501953125,10034.0,10002.2998046875,10013.7001953125,148600,1290.5999755859375,50.91999816894531,65.41459655761719,11.109999656677246
2017-10-11,9984.7998046875,10067.25,9955.7998046875,10042.599609375,189700,1285.800048828125,51.29999923706055,65.23889923095703,11.729999542236328
2017-10-12,10096.400390625,10104.4501953125,9977.099609375,10011.2001953125,200900,1293.300048828125,50.59999847412109,65.20539855957031,11.039999961853027
2017-10-13,10167.4501953125,10191.900390625,10120.099609375,10123.7001953125,230100,1301.5,51.45000076293945,65.0459976196289,11.260000228881836
2017-10-16,10230.849609375,10242.9501953125,10175.099609375,10207.400390625,203000,1299.9000244140625,51.869998931884766,64.6729965209961,11.3100004196167
2017-10-17,10234.4501953125,10251.849609375,10212.599609375,10227.650390625,195700,1283.0,51.880001068115234,64.6946029663086,11.609999656677246
2017-10-18,10210.849609375,10236.4501953125,10175.75,10209.400390625,254200,1279.9000244140625,52.040000915527344,64.92870330810547,11.539999961853027
2017-10-19,10146.5498046875,10211.9501953125,10123.349609375,10210.349609375,30200,1286.9000244140625,51.290000915527344,65.04010009765625,12.399999618530272
2017-10-23,10184.849609375,10224.150390625,10124.5,10176.650390625,218100,1277.699951171875,51.900001525878906,65.1041030883789,12.329999923706056
2017-10-24,10207.7001953125,10237.75,10182.400390625,10218.5498046875,217200,1275.0,52.470001220703125,65.03489685058594,11.59000015258789
2017-10-25,10295.349609375,10340.5498046875,10240.900390625,10321.150390625,594200,1275.4000244140625,52.18000030517578,65.07949829101562,11.760000228881836
2017-10-26,10343.7998046875,10355.650390625,10271.849609375,10291.7998046875,429700,1266.300048828125,52.63999938964844,64.83999633789062,11.619999885559082
2017-10-27,10323.0498046875,10366.150390625,10311.2998046875,10362.2998046875,312700,1268.5,53.900001525878906,64.5999984741211,11.479999542236328
2017-10-30,10363.650390625,10384.5,10344.2998046875,10353.849609375,236900,1274.0999755859375,54.150001525878906,64.87339782714844,12.109999656677246
2017-10-31,10335.2998046875,10367.7001953125,10323.9501953125,10364.900390625,232600,1267.0,54.380001068115234,64.84239959716797,12.4399995803833
2017-11-01,10440.5,10451.650390625,10383.0498046875,10390.349609375,260300,1274.0999755859375,54.29999923706055,64.67009735107422,12.140000343322754
2017-11-02,10423.7998046875,10453.0,10412.5498046875,10440.5,201500,1274.9000244140625,54.540000915527344,64.55509948730469,12.010000228881836
2017-11-03,10452.5,10461.7001953125,10403.599609375,10461.5498046875,199900,1266.5,55.63999938964844,64.50050354003906,11.90999984741211
2017-11-06,10451.7998046875,10490.4501953125,10413.75,10431.75,193600,1279.4000244140625,57.34999847412109,64.69339752197266,13.020000457763672
2017-11-07,10350.150390625,10485.75,10340.7998046875,10477.150390625,286900,1273.699951171875,57.20000076293945,64.59089660644531,13.239999771118164
2017-11-08,10303.150390625,10384.25,10285.5,10361.9501953125,274500,1281.5999755859375,56.810001373291016,65.16449737548828,13.609999656677246
2017-11-09,10308.9501953125,10368.4501953125,10266.9501953125,10358.650390625,240200,1285.5999755859375,57.16999816894531,64.9104995727539,13.270000457763672
2017-11-10,10321.75,10344.9501953125,10254.099609375,10304.349609375,279400,1272.4000244140625,56.7400016784668,64.96800231933594,13.479999542236328
2017-11-13,10224.9501953125,10334.150390625,10216.25,10322.0,210300,1277.300048828125,56.7599983215332,65.1603012084961,14.050000190734863
2017-11-14,10186.599609375,10248.0,10175.5498046875,10223.400390625,305000,1281.5,55.70000076293945,65.43840026855469,14.170000076293944
2017-11-15,10118.0498046875,10175.4501953125,10094.0,10171.9501953125,207400,1276.5,55.33000183105469,65.41339874267578,14.270000457763672
2017-11-16,10214.75,10232.25,10139.2001953125,10152.900390625,182600,1277.4000244140625,55.13999938964844,65.41339874267578,13.460000038146973
2017-11-17,10283.599609375,10343.599609375,10268.0498046875,10324.5498046875,203300,1295.800048828125,56.54999923706055,65.20999908447266,13.710000038146973
2017-11-20,10298.75,10309.849609375,10261.5,10287.2001953125,147200,1274.5999755859375,56.09000015258789,64.90499877929688,13.43000030517578
2017-11-21,10326.900390625,10358.7001953125,10315.0498046875,10329.25,186100,1281.0999755859375,56.83000183105469,65.0250015258789,13.720000267028809
2017-11-22,10342.2998046875,10368.7001953125,10309.5498046875,10350.7998046875,157600,1291.5999755859375,58.02000045776367,64.76129913330078,14.039999961853027
2017-11-23,10348.75,10374.2998046875,10307.2998046875,10358.4501953125,153000,1291.5999755859375,58.02000045776367,64.7699966430664,13.869999885559082
2017-11-24,10389.7001953125,10404.5,10362.25,10366.7998046875,129200,1286.699951171875,58.95000076293945,64.57939910888672,13.510000228881836
2017-11-27,10399.5498046875,10407.150390625,10340.2001953125,10361.0498046875,141900,1293.800048828125,58.11000061035156,64.54499816894531,13.029999732971191
2017-11-28,10370.25,10409.5498046875,10355.2001953125,10387.900390625,196000,1294.699951171875,57.9900016784668,64.43389892578125,13.149999618530272
2017-11-29,10361.2998046875,10392.9501953125,10345.900390625,10376.650390625,152500,1282.0999755859375,57.29999923706055,64.47000122070312,13.0600004196167
2017-11-30,10226.5498046875,10332.7001953125,10211.25,10332.7001953125,342500,1273.199951171875,57.400001525878906,64.41480255126953,13.550000190734863
2017-12-01,10121.7998046875,10272.7001953125,10108.5498046875,10263.7001953125,143400,1278.800048828125,58.36000061035156,64.49939727783203,14.800000190734863
2017-12-04,10127.75,10179.2001953125,10095.7001953125,10175.0498046875,148600,1274.300048828125,57.470001220703125,64.50900268554688,14.859999656677246
2017-12-05,10118.25,10147.9501953125,10069.099609375,10118.25,155500,1261.5999755859375,57.619998931884766,64.35140228271484,15.010000228881836
2017-12-06,10044.099609375,10104.2001953125,10033.349609375,10088.7998046875,166100,1262.800048828125,55.959999084472656,64.35690307617188,15.09000015258789
2017-12-07,10166.7001953125,10182.650390625,10061.900390625,10063.4501953125,166200,1249.800048828125,56.68999862670898,64.51519775390625,14.270000457763672
2017-12-08,10265.650390625,10270.849609375,10195.25,10198.4501953125,200000,1245.199951171875,57.36000061035156,64.54239654541016,13.670000076293944
2017-12-11,10322.25,10329.2001953125,10282.0498046875,10310.5,147400,1243.699951171875,57.9900016784668,64.4729995727539,14.149999618530272
2017-12-12,10240.150390625,10326.099609375,10230.2001953125,10324.900390625,175100,1238.5,57.13999938964844,64.3499984741211,15.260000228881836
2017-12-13,10192.9501953125,10296.5498046875,10169.849609375,10236.599609375,181600,1245.4000244140625,56.59999847412109,64.55000305175781,15.949999809265137
2017-12-14,10252.099609375,10276.099609375,10141.5498046875,10229.2998046875,154300,1253.800048828125,57.040000915527344,64.31999969482422,16.40999984741211
2017-12-15,10333.25,10373.099609375,10319.650390625,10345.650390625,255100,1254.300048828125,57.29999923706055,64.2750015258789,14.9399995803833
2017-12-18,10388.75,10443.5498046875,10074.7998046875,10263.099609375,230400,1262.199951171875,57.15999984741211,64.07230377197266,13.119999885559082
2017-12-19,10463.2001953125,10472.2001953125,10406.0,10414.7998046875,169100,1260.699951171875,57.459999084472656,64.20010375976562,12.1899995803833
2017-12-20,10444.2001953125,10494.4501953125,10437.150390625,10494.400390625,175200,1266.0999755859375,58.09000015258789,64.04759979248047,12.1899995803833
2017-12-21,10440.2998046875,10473.9501953125,10426.900390625,10473.9501953125,151900,1267.300048828125,58.36000061035156,63.96500015258789,12.09000015258789
2017-12-22,10493.0,10501.099609375,10448.25,10457.2998046875,138800,1275.4000244140625,58.470001220703125,64.00969696044922,11.59000015258789
2017-12-26,10531.5,10545.4501953125,10477.9501953125,10512.2998046875,155600,1284.0999755859375,59.970001220703125,64.010498046875,12.050000190734863
2017-12-27,10490.75,10552.400390625,10469.25,10531.0498046875,165200,1287.0,59.63999938964844,64.0281982421875,12.489999771118164
2017-12-28,10477.900390625,10534.5498046875,10460.4501953125,10498.2001953125,272900,1294.0999755859375,59.84000015258789,64.11499786376953,12.300000190734863
2017-12-29,10530.7001953125,10538.7001953125,10488.650390625,10492.349609375,152000,1306.300048828125,60.41999816894531,64.06199645996094,12.670000076293944
2018-01-02,10442.2001953125,10495.2001953125,10404.650390625,10477.5498046875,153400,1313.699951171875,60.369998931884766,63.86759948730469,13.6899995803833
2018-01-03,10443.2001953125,10503.599609375,10429.5498046875,10482.650390625,167300,1316.199951171875,61.630001068115234,63.459999084472656,13.619999885559082
2018-01-04,10504.7998046875,10513.0,10441.4501953125,10469.400390625,174900,1319.4000244140625,62.0099983215332,63.41910171508789,13.420000076293944
2018-01-05,10558.849609375,10566.099609375,10520.099609375,10534.25,180900,1320.300048828125,61.43999862670898,63.36959838867188,13.109999656677246
2018-01-08,10623.599609375,10631.2001953125,10588.5498046875,10591.7001953125,169000,1318.5999755859375,61.72999954223633,63.26499938964844,13.739999771118164
2018-01-09,10637.0,10659.150390625,10603.599609375,10645.099609375,205000,1311.699951171875,62.959999084472656,63.45199966430664,13.850000381469728
2018-01-10,10632.2001953125,10655.5,10592.7001953125,10652.0498046875,176400,1317.4000244140625,63.56999969482422,63.63610076904297,14.039999961853027
2018-01-11,10651.2001953125,10664.599609375,10612.349609375,10637.0498046875,153800,1320.5999755859375,63.79999923706055,63.7599983215332,14.010000228881836
2018-01-12,10681.25,10690.400390625,10597.099609375,10682.5498046875,175200,1333.4000244140625,64.30000305175781,63.67210006713867,13.729999542236328
2018-01-15,10741.5498046875,10782.650390625,10713.7998046875,10718.5,175900,1333.4000244140625,64.30000305175781,63.5885009765625,14.3100004196167
2018-01-16,10700.4501953125,10762.349609375,10687.849609375,10761.5,211000,1335.4000244140625,63.72999954223633,63.52119827270508,14.09000015258789
2018-01-17,10788.5498046875,10803.0,10666.75,10702.4501953125,252700,1338.0,63.970001220703125,63.99430084228516,13.859999656677246
2018-01-18,10817.0,10887.5,10782.400390625,10873.400390625,312000,1326.0,63.95000076293945,63.82500076293945,13.960000038146973
2018-01-19,10894.7001953125,10906.849609375,10793.900390625,10829.2001953125,207600,1331.9000244140625,63.369998931884766,63.86759948730469,13.979999542236328
2018-01-22,10966.2001953125,10975.099609375,10881.400390625,10883.2001953125,231600,1330.9000244140625,63.4900016784668,63.83209991455078,15.390000343322754
2018-01-23,11083.7001953125,11092.900390625,10994.5498046875,10997.400390625,284600,1335.699951171875,64.47000122070312,63.88010025024414,16.229999542236328
2018-01-24,11086.0,11110.099609375,11046.150390625,11069.349609375,283400,1355.9000244140625,65.61000061035156,63.7504997253418,18.040000915527344
2018-01-25,11069.650390625,11095.599609375,11009.2001953125,11095.599609375,330300,1362.4000244140625,65.51000213623047,63.57789993286133,17.510000228881836
2018-01-29,11130.400390625,11171.5498046875,11075.9501953125,11079.349609375,241700,1362.4000244140625,65.55999755859375,63.56999969482422,17.889999389648438
2018-01-30,11049.650390625,11121.099609375,11033.900390625,11120.849609375,228000,1335.4000244140625,64.5,63.66939926147461,16.420000076293945
2018-01-31,11027.7001953125,11058.5,10979.2998046875,11018.7998046875,245900,1339.0,64.7300033569336,63.769901275634766,15.93000030517578
2018-02-01,11016.900390625,11117.349609375,10878.7998046875,11044.5498046875,306200,1344.300048828125,65.80000305175781,63.665000915527344,14.109999656677246
2018-02-02,10760.599609375,10954.9501953125,10736.099609375,10938.2001953125,282700,1333.699951171875,65.44999694824219,63.97499847412109,15.25
2018-02-05,10666.5498046875,10702.75,10586.7998046875,10604.2998046875,240100,1333.0,64.1500015258789,64.13249969482422,16.049999237060547
2018-02-06,10498.25,10594.150390625,10276.2998046875,10295.150390625,266500,1326.0999755859375,63.38999938964844,64.314697265625,20.020000457763672
2018-02-07,10476.7001953125,10614.0,10446.400390625,10607.2001953125,250400,1311.5999755859375,61.790000915527344,63.97999954223633,19.46999931335449
2018-02-08,10576.849609375,10637.7998046875,10479.5498046875,10518.5,232200,1316.9000244140625,61.150001525878906,64.19999694824219,17.770000457763672
2018-02-09,10454.9501953125,10480.2001953125,10398.2001953125,10416.5,191600,1313.0999755859375,59.20000076293945,64.44049835205078,19.229999542236328
2018-02-12,10539.75,10555.5,10485.400390625,10518.2001953125,217400,1324.199951171875,59.290000915527344,64.2113037109375,17.8799991607666
2018-02-14,10500.900390625,10590.5498046875,10456.650390625,10585.75,229200,1355.5,60.59999847412109,64.2500991821289,17.18000030517578
2018-02-15,10545.5,10618.099609375,10511.0498046875,10537.900390625,210600,1352.0999755859375,61.34000015258789,64.02519989013672,16.31999969482422
2018-02-16,10452.2998046875,10612.900390625,10434.0498046875,10596.2001953125,184300,1353.199951171875,61.68000030517578,63.890899658203125,16.3799991607666
2018-02-19,10378.400390625,10489.349609375,10302.75,10488.900390625,187300,1353.199951171875,61.68000030517578,64.37999725341797,16.670000076293945
2018-02-20,10360.400390625,10429.349609375,10347.650390625,10391.0,187700,1328.800048828125,61.900001525878906,64.50499725341797,16.8700008392334
2018-02-21,10397.4501953125,10426.099609375,10349.599609375,10426.0,234100,1330.0,61.68000030517578,64.86499786376953,15.920000076293944
2018-02-22,10382.7001953125,10397.5498046875,10340.650390625,10354.349609375,313600,1330.5999755859375,62.77000045776367,64.8949966430664,14.829999923706056
2018-02-23,10491.0498046875,10499.099609375,10396.650390625,10408.099609375,210600,1328.199951171875,63.54999923706055,64.95140075683594,14.199999809265137
2018-02-26,10582.599609375,10592.9501953125,10520.2001953125,10526.5498046875,171900,1330.699951171875,63.90999984741211,64.7030029296875,13.699999809265137
2018-02-27,10554.2998046875,10631.650390625,10537.25,10615.2001953125,187500,1315.5,63.0099983215332,64.78040313720703,13.920000076293944
2018-02-28,10492.849609375,10535.5,10461.5498046875,10488.9501953125,286000,1315.5,61.63999938964844,64.91000366210938,13.8100004196167
2018-03-01,10458.349609375,10525.5,10447.150390625,10479.9501953125,176000,1302.9000244140625,60.9900016784668,65.23999786376953,14.06999969482422
2018-03-05,10358.849609375,10428.7001953125,10323.900390625,10428.2998046875,194000,1318.0999755859375,62.56999969482422,65.18669891357422,15.399999618530272
2018-03-06,10249.25,10441.349609375,10215.900390625,10420.5,222900,1333.5999755859375,62.59999847412109,65.00370025634766,16.25
2018-03-07,10154.2001953125,10243.349609375,10141.5498046875,10232.9501953125,249500,1326.0,61.150001525878906,64.88999938964844,15.699999809265137
2018-03-08,10242.650390625,10270.349609375,10146.400390625,10216.25,226400,1319.9000244140625,60.119998931884766,64.89119720458984,14.59000015258789
2018-03-09,10226.849609375,10296.7001953125,10211.900390625,10271.2998046875,186500,1322.4000244140625,62.040000915527344,65.09040069580078,14.529999732971191
2018-03-12,10421.400390625,10433.650390625,10295.4501953125,10301.599609375,216400,1319.4000244140625,61.36000061035156,64.96489715576172,14.489999771118164
2018-03-13,10426.849609375,10478.599609375,10377.849609375,10389.5,266700,1325.9000244140625,60.709999084472656,64.94550323486328,14.460000038146973
2018-03-14,10410.900390625,10420.349609375,10336.2998046875,10393.0498046875,181400,1324.4000244140625,60.959999084472656,64.8281021118164,14.359999656677246
2018-03-15,10360.150390625,10420.0,10346.2001953125,10405.4501953125,173900,1316.800048828125,61.18999862670898,64.83679962158203,14.329999923706056
2018-03-16,10195.150390625,10346.2998046875,10180.25,10345.150390625,328500,1311.300048828125,62.34000015258789,65.01439666748047,15.220000267028809
2018-03-19,10094.25,10224.5498046875,10075.2998046875,10215.349609375,210200,1316.800048828125,62.060001373291016,65.06500244140625,15.81999969482422
2018-03-20,10124.349609375,10155.650390625,10049.099609375,10051.5498046875,203000,1311.0999755859375,63.400001525878906,65.21009826660156,15.609999656677246
2018-03-21,10155.25,10227.2998046875,10132.9501953125,10181.9501953125,204800,1320.699951171875,65.16999816894531,65.2323989868164,15.109999656677246
2018-03-22,10114.75,10207.849609375,10105.400390625,10167.5,230500,1326.5999755859375,64.30000305175781,65.06559753417969,15.25
2018-03-23,9998.0498046875,10027.7001953125,9951.900390625,9968.7998046875,285700,1349.300048828125,65.87999725341797,65.16000366210938,15.550000190734863
2018-03-26,10130.650390625,10143.5,9958.5498046875,9989.150390625,262600,1354.4000244140625,65.55000305175781,65.01499938964844,15.199999809265137
2018-03-27,10184.150390625,10207.900390625,10139.650390625,10188.0,225700,1341.300048828125,65.25,64.69499969482422,15.550000190734863
2018-03-28,10113.7001953125,10158.349609375,10096.900390625,10143.599609375,344400,1324.199951171875,64.37999725341797,64.89550018310547,15.760000228881836
2018-04-02,10211.7998046875,10220.099609375,10127.75,10151.650390625,225400,1342.0999755859375,63.0099983215332,65.10549926757812,15.350000381469728
2018-04-03,10245.0,10255.349609375,10171.0498046875,10186.849609375,205300,1332.800048828125,63.5099983215332,65.13999938964844,15.1899995803833
2018-04-04,10128.400390625,10279.849609375,10111.2998046875,10274.599609375,231100,1335.800048828125,63.369998931884766,64.90499877929688,16.34000015258789
2018-04-05,10325.150390625,10331.7998046875,10227.4501953125,10228.4501953125,236800,1324.300048828125,63.540000915527344,64.99500274658203,14.800000190734863
2018-04-06,10331.599609375,10350.4501953125,10290.849609375,10322.75,200200,1331.9000244140625,62.060001373291016,64.86150360107422,14.75
2018-04-09,10379.349609375,10397.7001953125,10328.5,10333.7001953125,221600,1336.300048828125,63.41999816894531,64.90450286865234,14.869999885559082
2018-04-10,10402.25,10424.849609375,10381.5,10412.900390625,251700,1342.0,65.51000213623047,64.87000274658203,14.5
2018-04-11,10417.150390625,10428.150390625,10355.599609375,10428.150390625,250400,1356.5,66.81999969482422,64.92530059814453,14.720000267028809
2018-04-12,10458.650390625,10469.900390625,10395.25,10410.650390625,238600,1338.4000244140625,67.06999969482422,65.19000244140625,14.5600004196167
2018-04-13,10480.599609375,10519.900390625,10451.4501953125,10495.2998046875,213100,1344.800048828125,67.38999938964844,65.27570343017578,14.140000343322754
2018-04-16,10528.349609375,10540.150390625,10396.349609375,10398.2998046875,195000,1347.5,66.22000122070312,65.19560241699219,14.260000228881836
2018-04-17,10548.7001953125,10560.4501953125,10495.650390625,10557.2998046875,206100,1347.199951171875,66.5199966430664,65.4292984008789,14.039999961853027
2018-04-18,10526.2001953125,10594.2001953125,10509.7001953125,10578.900390625,205400,1351.199951171875,68.47000122070312,65.67500305175781,14.109999656677246
2018-04-19,10565.2998046875,10572.2001953125,10546.2001953125,10563.650390625,262600,1346.800048828125,68.29000091552734,66.01000213623047,13.75
2018-04-20,10564.0498046875,10582.349609375,10527.4501953125,10560.349609375,244600,1336.699951171875,68.37999725341797,66.11479949951172,12.9399995803833
2018-04-23,10584.7001953125,10638.349609375,10514.9501953125,10592.7998046875,194200,1322.5,68.63999938964844,66.1968994140625,13.149999618530272
2018-04-24,10614.349609375,10636.7998046875,10569.0,10578.099609375,219200,1331.4000244140625,67.69999694824219,66.54499816894531,11.899999618530272
2018-04-25,10570.5498046875,10612.599609375,10536.4501953125,10612.400390625,189200,1321.199951171875,68.05000305175781,66.41410064697266,12.399999618530272
2018-04-26,10617.7998046875,10628.400390625,10559.650390625,10586.5,335100,1316.300048828125,68.19000244140625,66.90769958496094,12.039999961853027
2018-04-27,10692.2998046875,10719.7998046875,10647.5498046875,10651.650390625,0,1320.300048828125,68.0999984741211,66.9000015258789,12.020000457763672
2018-04-30,10739.349609375,10759.0,10704.599609375,10705.75,173800,1316.199951171875,68.56999969482422,66.61000061035156,12.359999656677246
2018-05-02,10718.0498046875,10784.650390625,10689.7998046875,10783.849609375,229700,1302.5999755859375,67.93000030517578,66.7886962890625,12.84000015258789
2018-05-03,10679.650390625,10720.599609375,10647.4501953125,10720.150390625,185200,1310.699951171875,68.43000030517578,67.08000183105469,12.989999771118164
2018-05-04,10618.25,10700.4501953125,10601.599609375,10700.4501953125,186500,1312.699951171875,69.72000122070312,66.66000366210938,13.25
2018-05-07,10715.5,10725.650390625,10635.650390625,10653.150390625,168400,1312.199951171875,70.7300033569336,66.81050109863281,13.760000228881836
2018-05-08,10717.7998046875,10758.5498046875,10689.400390625,10757.900390625,269800,1312.0,69.05999755859375,67.1187973022461,14.0600004196167
2018-05-09,10741.7001953125,10766.25,10689.849609375,10693.349609375,215400,1311.300048828125,71.13999938964844,67.1624984741211,14.270000457763672
2018-05-10,10716.5498046875,10785.5498046875,10705.0,10779.650390625,192100,1320.800048828125,71.36000061035156,67.62000274658203,14.43000030517578
2018-05-11,10806.5,10812.0498046875,10724.4501953125,10741.9501953125,203100,1319.0,70.69999694824219,67.38999938964844,13.979999542236328
2018-05-14,10806.599609375,10834.849609375,10774.75,10815.150390625,171400,1316.5,70.95999908447266,67.3822021484375,14.25
2018-05-15,10801.849609375,10929.2001953125,10781.400390625,10812.599609375,254300,1288.9000244140625,71.30999755859375,67.6780014038086,13.170000076293944
2018-05-16,10741.099609375,10790.4501953125,10699.7001953125,10751.9501953125,231100,1290.199951171875,71.48999786376953,68.45999908447266,13.4399995803833
2018-05-17,10682.7001953125,10777.25,10664.5,10775.599609375,214100,1288.199951171875,71.48999786376953,68.05999755859375,13.40999984741211
2018-05-18,10596.400390625,10674.9501953125,10589.099609375,10671.849609375,223000,1290.199951171875,71.27999877929688,68.13999938964844,14.149999618530272
2018-05-21,10516.7001953125,10621.7001953125,10505.7998046875,10616.7001953125,0,1290.199951171875,72.23999786376953,67.9749984741211,14.40999984741211
2018-05-22,10536.7001953125,10558.599609375,10490.5498046875,10518.4501953125,241700,1291.699951171875,72.12999725341797,68.4000015258789,13.600000381469728
2018-05-23,10430.349609375,10533.5498046875,10417.7998046875,10521.099609375,290900,1289.300048828125,71.83999633789062,68.43000030517578,14.15999984741211
2018-05-24,10513.849609375,10535.150390625,10419.7998046875,10464.849609375,297600,1303.699951171875,70.70999908447266,68.6500015258789,13.149999618530272
2018-05-25,10605.150390625,10628.0498046875,10524.0,10533.0498046875,260800,1303.300048828125,67.87999725341797,68.26010131835938,12.649999618530272
2018-05-28,10688.650390625,10709.7998046875,10640.5498046875,10648.349609375,232600,1303.300048828125,67.87999725341797,67.7217025756836,13.0600004196167
2018-05-29,10633.2998046875,10717.25,10616.099609375,10689.400390625,225800,1298.699951171875,66.7300033569336,67.40280151367188,13.06999969482422
2018-05-30,10614.349609375,10648.7001953125,10558.4501953125,10579.0,238700,1301.5,68.20999908447266,68.12999725341797,13.40999984741211
2018-05-31,10736.150390625,10763.7998046875,10620.400390625,10670.099609375,610300,1300.0999755859375,67.04000091552734,67.43000030517578,13.220000267028809
2018-06-01,10696.2001953125,10764.75,10681.5,10738.4501953125,220600,1294.800048828125,65.80999755859375,67.43499755859375,13.56999969482422
2018-06-04,10628.5,10770.2998046875,10618.349609375,10765.9501953125,203800,1293.0999755859375,64.75,66.92500305175781,13.880000114440918
2018-06-05,10593.150390625,10633.150390625,10550.900390625,10630.7001953125,167700,1297.5,65.5199966430664,67.05999755859375,13.31999969482422
2018-06-06,10684.650390625,10698.349609375,10587.5,10603.4501953125,189900,1297.0999755859375,64.7300033569336,67.08999633789062,12.550000190734863
2018-06-07,10768.349609375,10818.0,10722.599609375,10722.599609375,220900,1298.699951171875,65.94999694824219,66.8301010131836,12.779999732971191
2018-06-08,10767.650390625,10779.4501953125,10709.0498046875,10736.400390625,209400,1298.0999755859375,65.73999786376953,67.41000366210938,12.699999809265137
2018-06-11,10786.9501953125,10850.5498046875,10777.0498046875,10781.849609375,211400,1298.9000244140625,66.0999984741211,67.51000213623047,13.18000030517578
2018-06-12,10842.849609375,10856.5498046875,10789.400390625,10816.150390625,198300,1295.0999755859375,66.36000061035156,67.48999786376953,12.729999542236328
2018-06-13,10856.7001953125,10893.25,10842.650390625,10887.5,213400,1296.9000244140625,66.63999938964844,67.91000366210938,12.640000343322754
2018-06-14,10808.0498046875,10833.7001953125,10773.5498046875,10832.900390625,184300,1304.0,66.88999938964844,67.77999877929688,12.100000381469728
2018-06-15,10817.7001953125,10834.0,10755.400390625,10808.650390625,305400,1274.5999755859375,65.05999755859375,68.12999725341797,12.06999969482422
2018-06-18,10799.849609375,10830.2001953125,10787.349609375,10830.2001953125,196600,1276.199951171875,65.8499984741211,68.05000305175781,12.380000114440918
2018-06-19,10710.4501953125,10789.4501953125,10701.2001953125,10789.4501953125,224500,1275.5999755859375,65.06999969482422,68.01000213623047,12.920000076293944
2018-06-20,10772.0498046875,10781.7998046875,10724.0498046875,10734.650390625,193500,1271.199951171875,66.22000122070312,68.05000305175781,12.170000076293944
2018-06-21,10741.099609375,10809.599609375,10725.900390625,10808.4501953125,223600,1267.199951171875,65.54000091552734,68.3499984741211,12.449999809265137
2018-06-22,10821.849609375,10837.0,10710.4501953125,10742.7001953125,229800,1267.4000244140625,68.58000183105469,67.83000183105469,12.020000457763672
2018-06-25,10762.4501953125,10831.0498046875,10753.0498046875,10822.900390625,229600,1265.5999755859375,68.08000183105469,67.85489654541016,12.579999923706056
2018-06-26,10769.150390625,10805.25,10732.5498046875,10742.7001953125,220000,1256.5999755859375,70.52999877929688,68.33999633789062,12.800000190734863
2018-06-27,10671.400390625,10785.5,10652.400390625,10785.5,246000,1252.800048828125,72.76000213623047,68.36499786376953,13.510000228881836
2018-06-28,10589.099609375,10674.2001953125,10557.7001953125,10660.7998046875,352300,1247.800048828125,73.44999694824219,69.23999786376953,13.949999809265137
2018-06-29,10714.2998046875,10723.0498046875,10612.349609375,10612.849609375,242800,1251.300048828125,74.1500015258789,68.79669952392578,12.9399995803833
2018-07-02,10657.2998046875,10736.150390625,10604.650390625,10732.349609375,295400,1239.800048828125,73.94000244140625,68.43499755859375,13.369999885559082
2018-07-03,10699.900390625,10713.2998046875,10630.25,10668.599609375,202100,1251.5999755859375,74.13999938964844,68.6948013305664,13.0
2018-07-04,10769.900390625,10777.150390625,10677.75,10715.0,173900,1251.5999755859375,74.13999938964844,68.83000183105469,12.65999984741211
2018-07-05,10749.75,10786.0498046875,10726.25,10786.0498046875,220500,1257.300048828125,72.94000244140625,68.9800033569336,12.579999923706056
2018-07-06,10772.650390625,10816.349609375,10735.0498046875,10744.150390625,0,1254.300048828125,73.80000305175781,69.06999969482422,12.4399995803833
2018-07-09,10852.900390625,10860.349609375,10807.150390625,10838.2998046875,183600,1258.0999755859375,73.8499984741211,68.75499725341797,12.390000343322754
2018-07-10,10947.25,10956.900390625,10876.650390625,10902.75,197000,1253.800048828125,74.11000061035156,68.65979766845703,12.399999618530272
2018-07-11,10948.2998046875,10976.650390625,10923.0,10956.400390625,222300,1242.800048828125,70.37999725341797,68.9000015258789,12.779999732971191
2018-07-12,11023.2001953125,11078.2998046875,10999.650390625,11006.9501953125,248300,1245.0,70.33000183105469,68.72000122070312,12.510000228881836
2018-07-13,11018.900390625,11071.349609375,10999.75,11056.900390625,0,1239.5999755859375,71.01000213623047,68.54000091552734,12.300000190734863
2018-07-16,10936.849609375,11019.5,10926.25,11018.9501953125,210500,1238.0999755859375,68.05999755859375,68.48670196533203,12.949999809265137
2018-07-17,11008.0498046875,11018.5,10925.599609375,10939.650390625,210600,1225.699951171875,68.08000183105469,68.72000122070312,12.829999923706056
2018-07-18,10980.4501953125,11076.2001953125,10956.2998046875,11060.2001953125,225500,1226.300048828125,68.76000213623047,68.35600280761719,13.68000030517578
2018-07-19,10957.099609375,11006.5,10935.4501953125,10999.5,215400,1222.4000244140625,69.45999908447266,68.6155014038086,13.59000015258789
2018-07-20,11010.2001953125,11030.25,10946.2001953125,10963.5,187300,1229.5,70.45999908447266,68.93509674072266,13.539999961853027
2018-07-23,11084.75,11093.400390625,11010.9501953125,11019.849609375,229100,1224.0,67.88999938964844,68.7332992553711,13.010000228881836
2018-07-24,11134.2998046875,11143.400390625,11092.5,11109.0,205800,1223.9000244140625,68.5199966430664,69.19999694824219,12.470000267028809
2018-07-25,11132.0,11157.150390625,11113.25,11148.400390625,205900,1231.4000244140625,69.30000305175781,68.80999755859375,12.210000038146973
2018-07-26,11167.2998046875,11185.849609375,11125.7001953125,11132.9501953125,365400,1225.300048828125,69.61000061035156,68.83999633789062,12.029999732971191
2018-07-27,11278.349609375,11283.400390625,11210.25,11232.75,314600,1222.5999755859375,68.69000244140625,68.73999786376953,12.3100004196167
2018-07-30,11319.5498046875,11328.099609375,11261.4501953125,11296.650390625,278800,1221.300048828125,70.12999725341797,68.61499786376953,12.59000015258789
2018-07-31,11356.5,11366.0,11267.75,11311.0498046875,256500,1223.699951171875,68.76000213623047,68.68499755859375,12.479999542236328
2018-08-01,11346.2001953125,11390.5498046875,11313.5498046875,11359.7998046875,269700,1217.9000244140625,67.66000366210938,68.4968032836914,12.529999732971191
2018-08-02,11244.7001953125,11328.900390625,11234.9501953125,11328.900390625,210000,1210.5999755859375,68.95999908447266,68.30709838867188,12.5600004196167
2018-08-03,11360.7998046875,11368.0,11294.5498046875,11297.7998046875,218300,1214.199951171875,68.48999786376953,68.6155014038086,12.079999923706056
2018-08-06,11387.099609375,11427.650390625,11370.599609375,11401.5,203700,1208.5999755859375,69.01000213623047,68.50499725341797,12.5600004196167
2018-08-07,11389.4501953125,11428.9501953125,11359.7001953125,11423.150390625,226400,1209.5999755859375,69.16999816894531,68.80999755859375,12.579999923706056
2018-08-08,11450.0,11459.9501953125,11379.2998046875,11412.5,210500,1212.5999755859375,66.94000244140625,68.59600067138672,12.539999961853027
2018-08-09,11470.7001953125,11495.2001953125,11454.099609375,11493.25,302200,1211.9000244140625,66.80999755859375,68.45500183105469,12.68000030517578
2018-08-10,11429.5,11478.75,11419.650390625,11474.9501953125,0,1211.0999755859375,67.62999725341797,69.0999984741211,12.850000381469728
2018-08-13,11355.75,11406.2998046875,11340.2998046875,11369.599609375,246900,1191.300048828125,67.19999694824219,69.08499908447266,13.399999618530272
2018-08-14,11435.099609375,11452.4501953125,11370.7998046875,11381.7001953125,232600,1193.0,67.04000091552734,69.9490966796875,13.279999732971191
2018-08-16,11385.0498046875,11449.849609375,11366.25,11397.150390625,290600,1176.199951171875,65.45999908447266,70.66000366210938,13.649999618530272
2018-08-17,11470.75,11486.4501953125,11431.7998046875,11437.150390625,234700,1176.5,65.91000366210938,70.00499725341797,13.15999984741211
2018-08-20,11551.75,11565.2998046875,11499.650390625,11502.099609375,232600,1186.800048828125,66.43000030517578,69.78500366210938,13.029999732971191
2018-08-21,11570.900390625,11581.75,11539.599609375,11576.2001953125,224200,1192.5999755859375,67.3499984741211,69.73999786376953,12.899999618530272
2018-08-23,11582.75,11620.7001953125,11546.7001953125,11620.7001953125,248500,1187.0,67.83000183105469,69.79000091552734,12.760000228881836
2018-08-24,11557.099609375,11604.599609375,11532.0,11566.599609375,218800,1206.300048828125,68.72000122070312,70.2750015258789,12.40999984741211
2018-08-27,11691.9501953125,11700.9501953125,11595.599609375,11605.849609375,199500,1209.0,68.87000274658203,69.76499938964844,12.239999771118164
2018-08-28,11738.5,11760.2001953125,11710.5,11731.9501953125,241900,1207.4000244140625,68.52999877929688,69.94499969482422,12.43000030517578
2018-08-29,11691.900390625,11753.2001953125,11678.849609375,11744.9501953125,251600,1204.5,69.51000213623047,70.54000091552734,12.4399995803833
2018-08-30,11676.7998046875,11698.7998046875,11639.7001953125,11694.75,313800,1197.699951171875,70.25,70.91000366210938,12.40999984741211
2018-08-31,11680.5,11727.650390625,11640.099609375,11675.849609375,346500,1200.300048828125,69.80000305175781,71.40499877929688,12.600000381469728
2018-09-03,11582.349609375,11751.7998046875,11567.400390625,11751.7998046875,234400,1200.300048828125,69.80000305175781,70.99500274658203,13.390000343322754
2018-09-04,11520.2998046875,11602.5498046875,11496.849609375,11598.75,254800,1192.699951171875,69.87000274658203,71.06999969482422,13.779999732971191
2018-09-05,11476.9501953125,11542.650390625,11393.849609375,11514.849609375,246100,1194.9000244140625,68.72000122070312,71.75,13.649999618530272
2018-09-06,11536.900390625,11562.25,11436.0498046875,11514.150390625,247900,1197.9000244140625,67.7699966430664,71.88999938964844,13.720000267028809
2018-09-07,11589.099609375,11603.0,11484.400390625,11558.25,295900,1193.5999755859375,67.75,71.93890380859375,13.890000343322754
2018-09-10,11438.099609375,11573.0,11427.2998046875,11570.25,286700,1193.0,67.54000091552734,72.09500122070312,15.199999809265137
2018-09-11,11287.5,11479.400390625,11274.0,11476.849609375,0,1195.4000244140625,69.25,72.44499969482422,15.329999923706056
2018-09-12,11369.900390625,11380.75,11250.2001953125,11340.099609375,268200,1204.699951171875,70.37000274658203,72.98999786376953,14.25
2018-09-14,11515.2001953125,11523.25,11430.5498046875,11443.5,276600,1195.0,68.98999786376953,72.02749633789062,13.84000015258789
2018-09-17,11377.75,11464.9501953125,11366.900390625,11464.9501953125,201400,1199.699951171875,68.91000366210938,72.09500122070312,14.5
2018-09-18,11278.900390625,11411.4501953125,11268.9501953125,11381.5498046875,240900,1196.800048828125,69.8499984741211,72.53479766845703,14.420000076293944
2018-09-19,11234.349609375,11332.0498046875,11210.900390625,11326.650390625,250600,1202.199951171875,71.12000274658203,73.12000274658203,14.010000228881836
2018-09-21,11143.099609375,11346.7998046875,10866.4501953125,11271.2998046875,719000,1196.199951171875,70.77999877929688,71.72000122070312,15.539999961853027
2018-09-24,10967.400390625,11170.150390625,10943.599609375,11164.400390625,0,1199.300048828125,72.08000183105469,72.2300033569336,17.43000030517578
2018-09-25,11067.4501953125,11080.599609375,10882.849609375,10969.9501953125,405000,1200.0,72.27999877929688,73.30000305175781,16.68000030517578
2018-09-26,11053.7998046875,11145.5498046875,10993.0498046875,11145.5498046875,340500,1194.0,71.56999969482422,73.08999633789062,17.09000015258789
2018-09-27,10977.5498046875,11089.4501953125,10953.349609375,11079.7998046875,405700,1182.300048828125,72.12000274658203,72.7699966430664,16.920000076293945
2018-09-28,10930.4501953125,11034.099609375,10850.2998046875,11008.099609375,478100,1191.5,73.25,72.94999694824219,17.0
2018-10-01,11008.2998046875,11035.650390625,10821.5498046875,10930.900390625,387000,1187.0999755859375,75.30000305175781,72.50499725341797,16.84000015258789
2018-10-03,10858.25,10989.0498046875,10843.75,10982.7001953125,386800,1198.300048828125,76.41000366210938,73.27999877929688,18.1200008392334
2018-10-04,10599.25,10754.7001953125,10547.25,10754.7001953125,425100,1197.199951171875,74.33000183105469,73.8499984741211,18.920000076293945
2018-10-05,10316.4501953125,10540.650390625,10261.900390625,10514.099609375,606400,1201.199951171875,74.33999633789062,74.22000122070312,19.729999542236328
2018-10-08,10348.0498046875,10398.349609375,10198.400390625,10310.150390625,456200,1184.4000244140625,74.29000091552734,73.76300048828125,20.149999618530277
2018-10-09,10301.0498046875,10397.599609375,10279.349609375,10390.2998046875,430500,1187.199951171875,74.95999908447266,73.88999938964844,19.76000022888184
2018-10-10,10460.099609375,10482.349609375,10318.25,10331.849609375,0,1189.300048828125,73.16999816894531,74.55000305175781,17.90999984741211
2018-10-11,10234.650390625,10335.9501953125,10138.599609375,10169.7998046875,483500,1223.5,70.97000122070312,74.5999984741211,20.549999237060547
2018-10-12,10472.5,10492.4501953125,10322.150390625,10331.5498046875,343500,1218.0999755859375,71.33999633789062,74.16000366210938,18.6299991607666
2018-10-15,10512.5,10526.2998046875,10410.150390625,10524.2001953125,259500,1226.4000244140625,71.77999877929688,73.6760025024414,18.88999938964844
2018-10-16,10584.75,10604.900390625,10525.2998046875,10550.150390625,265200,1227.300048828125,71.91999816894531,74.08000183105469,17.3700008392334
2018-10-17,10453.0498046875,10710.150390625,10436.4501953125,10688.7001953125,284800,1223.699951171875,69.75,73.45549774169922,17.979999542236328
2018-10-19,10303.5498046875,10380.099609375,10249.599609375,10339.7001953125,357500,1225.300048828125,69.12000274658203,74.16000366210938,19.790000915527344
2018-10-22,10245.25,10408.5498046875,10224.0,10405.849609375,297300,1221.199951171875,69.16999816894531,73.46499633789062,21.36000061035156
2018-10-23,10146.7998046875,10222.099609375,10102.349609375,10152.599609375,302600,1233.4000244140625,66.43000030517578,73.8594970703125,19.040000915527344
2018-10-24,10224.75,10290.650390625,10126.7001953125,10278.150390625,351400,1227.800048828125,66.81999969482422,73.22129821777344,18.8799991607666
2018-10-25,10124.900390625,10166.599609375,10079.2998046875,10135.0498046875,0,1229.0999755859375,67.33000183105469,73.22049713134766,18.959999084472656
2018-10-26,10030.0,10128.849609375,10004.5498046875,10122.349609375,364300,1232.5,67.58999633789062,73.22019958496094,19.229999542236328
2018-10-29,10250.849609375,10275.2998046875,10020.349609375,10078.099609375,364400,1224.5,67.04000091552734,73.125,19.82999992370605
2018-10-30,10198.400390625,10285.099609375,10175.349609375,10239.400390625,289800,1222.5999755859375,66.18000030517578,73.5905990600586,20.5
2018-10-31,10386.599609375,10396.0,10105.099609375,10209.5498046875,375000,1212.300048828125,65.30999755859375,73.6500015258789,19.799999237060547
2018-11-01,10380.4501953125,10441.900390625,10341.900390625,10441.7001953125,348500,1236.0,63.68999862670898,74.06999969482422,19.190000534057617
2018-11-02,10553.0,10606.9501953125,10457.7001953125,10462.2998046875,421200,1230.9000244140625,63.13999938964844,73.30999755859375,18.229999542236328
2018-11-05,10524.0,10558.7998046875,10477.0,10558.75,301900,1229.800048828125,63.09999847412109,72.90499877929688,19.479999542236328
2018-11-06,10530.0,10600.25,10491.4501953125,10552.0,0,1223.800048828125,62.209999084472656,72.86000061035156,18.51000022888184
2018-11-07,10598.400390625,10616.4501953125,10582.2998046875,10614.4501953125,31200,1226.199951171875,61.66999816894531,73.2300033569336,17.719999313354492
2018-11-09,10585.2001953125,10619.5498046875,10544.849609375,10614.7001953125,296600,1206.4000244140625,60.18999862670898,72.9000015258789,17.770000457763672
2018-11-12,10482.2001953125,10645.5,10464.0498046875,10607.7998046875,259700,1201.300048828125,59.93000030517578,72.47000122070312,19.3700008392334
2018-11-13,10582.5,10596.25,10440.5498046875,10451.900390625,254600,1199.199951171875,55.68999862670898,73.18000030517578,18.700000762939453
2018-11-14,10576.2998046875,10651.599609375,10532.7001953125,10634.900390625,384500,1207.9000244140625,56.25,72.55000305175781,18.82999992370605
2018-11-15,10616.7001953125,10646.5,10557.5,10580.599609375,0,1212.800048828125,56.459999084472656,72.4000015258789,18.450000762939453
2018-11-16,10682.2001953125,10695.150390625,10631.150390625,10644.0,342800,1220.800048828125,56.459999084472656,71.8917007446289,18.350000381469727
2018-11-19,10763.400390625,10774.7001953125,10688.7998046875,10731.25,272100,1223.0999755859375,56.7599983215332,71.7750015258789,19.26000022888184
2018-11-20,10656.2001953125,10740.849609375,10640.849609375,10740.099609375,295200,1219.0,53.43000030517578,71.69000244140625,19.32999992370605
2018-11-21,10600.0498046875,10671.2998046875,10562.349609375,10670.9501953125,300900,1225.800048828125,54.630001068115234,71.41500091552734,19.559999465942383
2018-11-22,10526.75,10646.25,10512.0,10612.650390625,239500,1225.800048828125,54.630001068115234,71.29499816894531,19.15999984741211
2018-11-26,10628.599609375,10637.7998046875,10489.75,10568.2998046875,0,1220.199951171875,51.630001068115234,70.66999816894531,20.399999618530277
2018-11-27,10685.599609375,10695.150390625,10596.349609375,10621.4501953125,0,1211.199951171875,51.560001373291016,70.80999755859375,18.31999969482422
2018-11-28,10728.849609375,10757.7998046875,10699.849609375,10708.75,424500,1221.4000244140625,50.290000915527344,70.87999725341797,17.959999084472656
2018-11-29,10858.7001953125,10883.0498046875,10782.349609375,10808.7001953125,691300,1224.0999755859375,51.45000076293945,70.5999984741211,18.700000762939453
2018-11-30,10876.75,10922.4501953125,10835.099609375,10892.099609375,453900,1220.199951171875,50.93000030517578,69.91999816894531,19.15999984741211
2018-12-03,10883.75,10941.2001953125,10845.349609375,10930.7001953125,409700,1233.9000244140625,52.95000076293945,69.76000213623047,18.21999931335449
2018-12-04,10869.5,10890.9501953125,10833.349609375,10877.099609375,322100,1241.0999755859375,53.25,70.48500061035156,18.11000061035156
2018-12-05,10782.900390625,10821.0498046875,10747.9501953125,10820.4501953125,312300,1241.0999755859375,53.25,70.62999725341797,18.38999938964844
2018-12-06,10601.150390625,10722.650390625,10588.25,10718.150390625,318500,1238.0999755859375,51.4900016784668,70.87000274658203,19.309999465942383
2018-12-07,10693.7001953125,10704.5498046875,10599.349609375,10644.7998046875,325800,1246.800048828125,52.61000061035156,70.75,18.59000015258789
2018-12-10,10488.4501953125,10558.849609375,10474.9501953125,10508.7001953125,381300,1243.699951171875,51.0,71.36499786376953,20.440000534057617
2018-12-11,10549.150390625,10567.150390625,10333.849609375,10350.0498046875,425500,1241.9000244140625,51.650001525878906,72.7300033569336,17.950000762939453
2018-12-12,10737.599609375,10752.2001953125,10560.7998046875,10591.0,360500,1244.4000244140625,51.150001525878906,72.62000274658203,15.8100004196167
2018-12-13,10791.5498046875,10838.599609375,10749.5,10810.75,376200,1242.699951171875,52.58000183105469,72.1500015258789,15.550000190734863
2018-12-14,10805.4501953125,10815.75,10752.099609375,10784.5,340100,1237.0,51.20000076293945,71.5469970703125,15.15999984741211
2018-12-17,10888.349609375,10900.349609375,10844.849609375,10853.2001953125,296900,1247.4000244140625,49.880001068115234,71.91000366210938,14.539999961853027
2018-12-18,10908.7001953125,10915.400390625,10819.099609375,10850.900390625,286100,1249.199951171875,46.2400016784668,71.58999633789062,14.579999923706056
2018-12-19,10967.2998046875,10985.150390625,10928.0,10930.5498046875,312100,1252.0999755859375,47.20000076293945,70.56999969482422,14.65999984741211
2018-12-20,10951.7001953125,10962.5498046875,10880.0498046875,10885.2001953125,318900,1263.5999755859375,45.880001068115234,70.68550109863281,14.329999923706056
2018-12-21,10754.0,10963.650390625,10738.650390625,10944.25,377500,1253.800048828125,45.59000015258789,70.30000305175781,15.989999771118164
2018-12-24,10663.5,10782.2998046875,10649.25,10780.900390625,223400,1267.5,42.52999877929688,70.13999938964844,15.75
2018-12-26,10729.849609375,10747.5,10534.5498046875,10635.4501953125,263700,1269.199951171875,46.220001220703125,70.23999786376953,15.920000076293944
2018-12-27,10779.7998046875,10834.2001953125,10764.4501953125,10817.900390625,456100,1277.300048828125,44.61000061035156,70.1500015258789,16.06999969482422
2018-12-28,10859.900390625,10893.599609375,10817.150390625,10820.9501953125,245500,1279.9000244140625,45.33000183105469,69.98999786376953,15.270000457763672
2018-12-31,10862.5498046875,10923.5498046875,10853.2001953125,10913.2001953125,180900,1278.300048828125,45.40999984741211,69.92250061035156,16.0
2019-01-02,10792.5,10895.349609375,10735.0498046875,10868.849609375,309700,1281.0,46.540000915527344,69.70999908447266,16.389999389648438
2019-01-03,10672.25,10814.0498046875,10661.25,10796.7998046875,286200,1291.800048828125,47.09000015258789,69.95999908447266,16.790000915527344
2019-01-04,10727.349609375,10741.0498046875,10628.650390625,10699.7001953125,296600,1282.699951171875,47.959999084472656,70.30000305175781,16.15999984741211
2019-01-07,10771.7998046875,10835.9501953125,10750.150390625,10804.849609375,269400,1286.800048828125,48.52000045776367,69.5250015258789,16.299999237060547
2019-01-08,10802.150390625,10818.4501953125,10733.25,10786.25,277700,1283.199951171875,49.77999877929688,69.80999755859375,15.699999809265137
2019-01-09,10855.150390625,10870.400390625,10749.400390625,10862.400390625,333000,1289.300048828125,52.36000061035156,70.33000183105469,15.270000457763672
2019-01-10,10821.599609375,10859.349609375,10801.7998046875,10859.349609375,254400,1284.699951171875,52.59000015258789,70.55049896240234,15.350000381469728
2019-01-11,10794.9501953125,10850.150390625,10739.400390625,10834.75,260800,1287.0999755859375,51.59000015258789,70.72000122070312,15.350000381469728
2019-01-14,10737.599609375,10808.0,10692.349609375,10807.0,298800,1289.0999755859375,50.5099983215332,70.37000274658203,16.15999984741211
2019-01-15,10886.7998046875,10896.9501953125,10777.5498046875,10777.5498046875,310700,1286.199951171875,52.11000061035156,71.08499908447266,15.579999923706056
2019-01-16,10890.2998046875,10928.150390625,10876.900390625,10899.650390625,276500,1291.5999755859375,52.310001373291016,71.09249877929688,16.079999923706055
2019-01-17,10905.2001953125,10930.650390625,10844.650390625,10920.849609375,271700,1291.0,52.06999969482422,71.36499786376953,16.239999771118164
2019-01-18,10906.9501953125,10928.2001953125,10852.2001953125,10914.849609375,323800,1281.300048828125,53.79999923706055,71.03019714355469,16.6200008392334
2019-01-21,10961.849609375,10987.4501953125,10885.75,10919.349609375,288800,1281.300048828125,53.79999923706055,71.2300033569336,18.149999618530277
2019-01-22,10922.75,10949.7998046875,10864.150390625,10949.7998046875,300800,1282.5,52.56999969482422,71.5,17.989999771118164
2019-01-23,10831.5,10944.7998046875,10811.9501953125,10931.0498046875,298900,1283.0999755859375,52.619998931884766,71.2302017211914,18.09000015258789
2019-01-24,10849.7998046875,10866.599609375,10798.650390625,10844.0498046875,361100,1279.0999755859375,53.130001068115234,71.15730285644531,17.43000030517578
2019-01-25,10780.5498046875,10931.7001953125,10756.4501953125,10859.75,463400,1297.4000244140625,53.68999862670898,70.98999786376953,17.690000534057617
2019-01-28,10661.5498046875,10804.4501953125,10630.9501953125,10792.4501953125,419700,1302.4000244140625,51.9900016784668,70.9749984741211,18.899999618530277
2019-01-29,10652.2001953125,10690.349609375,10583.650390625,10653.7001953125,356900,1308.199951171875,53.310001373291016,71.09010314941406,18.43000030517578
2019-01-30,10651.7998046875,10710.2001953125,10612.849609375,10702.25,410100,1309.9000244140625,54.22999954223633,71.62000274658203,17.850000381469727
2019-01-31,10830.9501953125,10838.0498046875,10678.5498046875,10690.5498046875,604800,1319.699951171875,53.790000915527344,71.12000274658203,17.1200008392334
2019-02-01,10893.650390625,10983.4501953125,10813.4501953125,10851.349609375,482300,1316.9000244140625,55.2599983215332,71.19999694824219,15.720000267028809
2019-02-04,10912.25,10927.900390625,10814.150390625,10876.75,318300,1314.300048828125,54.560001373291016,71.45169830322266,15.720000267028809
2019-02-05,10934.349609375,10956.7001953125,10886.7001953125,10908.650390625,268100,1314.199951171875,53.65999984741211,71.68499755859375,15.779999732971191
2019-02-06,11062.4501953125,11072.599609375,10962.7001953125,10965.099609375,298500,1309.5,54.0099983215332,71.7699966430664,15.630000114440918
2019-02-07,11069.400390625,11118.099609375,11043.599609375,11070.4501953125,263500,1309.4000244140625,52.63999938964844,71.54049682617188,15.4399995803833
2019-02-08,10943.599609375,11041.2001953125,10925.4501953125,11023.5,352800,1313.699951171875,52.720001220703125,71.58000183105469,15.56999969482422
2019-02-11,10888.7998046875,10930.900390625,10857.099609375,10930.900390625,286000,1307.0,52.40999984741211,71.1500015258789,15.84000015258789
2019-02-12,10831.400390625,10910.900390625,10823.7998046875,10879.7001953125,292300,1309.199951171875,53.09999847412109,71.2300033569336,15.75
2019-02-14,10746.0498046875,10792.7001953125,10718.75,10786.099609375,627000,1309.800048828125,54.40999984741211,70.86509704589844,15.770000457763672
2019-02-15,10724.400390625,10785.75,10620.400390625,10780.25,521900,1318.0999755859375,55.59000015258789,71.01000213623047,16.459999084472656
2019-02-18,10640.9501953125,10759.900390625,10628.400390625,10738.650390625,345400,1318.0999755859375,55.59000015258789,71.31999969482422,18.0
2019-02-19,10604.349609375,10722.849609375,10585.650390625,10636.7001953125,291500,1340.0999755859375,56.09000015258789,71.69999694824219,18.46999931335449
2019-02-20,10735.4501953125,10752.7001953125,10646.400390625,10655.4501953125,289200,1343.300048828125,56.91999816894531,71.5999984741211,17.059999465942383
2019-02-21,10789.849609375,10808.849609375,10721.5,10744.099609375,279600,1323.5,56.959999084472656,71.30000305175781,16.049999237060547
2019-02-22,10791.650390625,10801.5498046875,10758.400390625,10782.7001953125,396800,1329.199951171875,57.2599983215332,71.18499755859375,15.449999809265137
2019-02-25,10880.099609375,10887.099609375,10788.0498046875,10813.25,385900,1325.9000244140625,55.47999954223633,71.03099822998047,15.359999656677246
2019-02-26,10835.2998046875,10888.75,10729.2998046875,10775.2998046875,415000,1325.0999755859375,55.5,71.08999633789062,17.110000610351562
2019-02-27,10806.650390625,10939.7001953125,10751.2001953125,10881.2001953125,381100,1317.699951171875,56.93999862670898,70.94000244140625,18.899999618530277
2019-02-28,10792.5,10865.7001953125,10784.849609375,10865.7001953125,644200,1312.800048828125,57.220001220703125,71.19000244140625,18.280000686645508
2019-03-01,10863.5,10877.900390625,10823.099609375,10842.650390625,308500,1296.4000244140625,55.79999923706055,70.81600189208984,16.270000457763672
2019-03-05,10987.4501953125,10994.900390625,10817.0,10864.849609375,373200,1282.0,56.560001373291016,70.9000015258789,15.65999984741211
2019-03-06,11053.0,11062.2998046875,10998.849609375,11024.849609375,372600,1284.9000244140625,56.220001220703125,70.74250030517578,15.609999656677246
2019-03-07,11058.2001953125,11089.0498046875,11027.099609375,11077.9501953125,321200,1283.800048828125,56.65999984741211,70.36499786376953,15.289999961853027
2019-03-08,11035.400390625,11049.0,11008.9501953125,11038.849609375,326600,1297.0,56.06999969482422,70.48750305175781,14.9399995803833
2019-03-11,11168.0498046875,11180.900390625,11059.849609375,11068.75,352200,1288.800048828125,56.790000915527344,69.98690032958984,14.899999618530272
2019-03-12,11301.2001953125,11320.400390625,11227.0,11231.349609375,391300,1296.300048828125,56.869998931884766,69.79010009765625,15.100000381469728
2019-03-13,11341.7001953125,11352.2998046875,11276.599609375,11326.2001953125,383000,1307.5,58.2599983215332,69.84500122070312,15.279999732971191
2019-03-14,11343.25,11383.4501953125,11313.75,11382.5,294500,1293.4000244140625,58.61000061035156,69.72630310058594,15.149999618530272
2019-03-15,11426.849609375,11487.0,11370.7998046875,11376.849609375,463700,1301.800048828125,58.52000045776367,69.3373031616211,15.869999885559082
2019-03-18,11462.2001953125,11530.150390625,11412.5,11473.849609375,320300,1300.300048828125,59.09000015258789,68.9530029296875,16.899999618530273
2019-03-19,11532.400390625,11543.849609375,11451.25,11500.2998046875,326100,1305.0,59.02999877929688,68.61799621582031,16.489999771118164
2019-03-20,11521.0498046875,11556.099609375,11503.099609375,11553.349609375,366300,1300.5,59.83000183105469,69.31749725341797,16.030000686645508
2019-03-22,11456.900390625,11572.7998046875,11434.5498046875,11549.2001953125,386200,1311.5999755859375,59.040000915527344,68.93000030517578,16.270000457763672
2019-03-25,11354.25,11395.650390625,11311.599609375,11395.650390625,294500,1321.9000244140625,58.81999969482422,69.1604995727539,16.670000076293945
2019-03-26,11483.25,11496.75,11352.4501953125,11375.2001953125,282600,1314.300048828125,59.93999862670898,68.92340087890625,16.489999771118164
2019-03-27,11445.0498046875,11546.2001953125,11413.0,11531.4501953125,350400,1309.9000244140625,59.40999984741211,69.42749786376953,17.049999237060547
2019-03-28,11570.0,11588.5,11452.4501953125,11463.650390625,527700,1289.800048828125,59.29999923706055,69.37000274658203,16.649999618530273
2019-04-01,11669.150390625,11738.099609375,11644.75,11665.2001953125,379600,1288.4000244140625,61.59000015258789,69.43000030517578,18.010000228881836
2019-04-02,11713.2001953125,11729.349609375,11655.849609375,11711.5498046875,386100,1290.0,62.58000183105469,69.19529724121094,18.07999992370605
2019-04-03,11643.9501953125,11761.0,11629.150390625,11735.2998046875,365800,1289.9000244140625,62.459999084472656,68.91020202636719,18.780000686645508
2019-04-04,11598.0,11662.5498046875,11559.2001953125,11660.2001953125,349000,1289.0,62.09999847412109,68.8499984741211,18.649999618530277
2019-04-05,11665.9501953125,11689.650390625,11609.5,11638.400390625,266700,1290.4000244140625,63.08000183105469,68.97039794921875,18.38999938964844
2019-04-08,11604.5,11710.2998046875,11549.099609375,11704.349609375,260900,1297.0999755859375,64.4000015258789,69.16000366210938,20.149999618530277
2019-04-09,11671.9501953125,11683.900390625,11569.7001953125,11612.0498046875,300500,1303.5,63.97999954223633,69.55249786376953,20.280000686645508
2019-04-10,11584.2998046875,11680.0498046875,11571.75,11646.849609375,359900,1309.0999755859375,64.61000061035156,69.26180267333984,21.1299991607666
2019-04-11,11596.7001953125,11606.7001953125,11550.5498046875,11592.5498046875,279800,1288.5999755859375,63.58000183105469,69.14019775390625,20.959999084472656
2019-04-12,11643.4501953125,11657.349609375,11578.7998046875,11612.849609375,246000,1290.5999755859375,63.88999938964844,69.43000030517578,21.0
2019-04-15,11690.349609375,11704.599609375,11648.25,11667.0,290000,1286.800048828125,63.400001525878906,69.16100311279297,21.38999938964844
2019-04-16,11787.150390625,11810.9501953125,11731.5498046875,11736.2001953125,354300,1272.5999755859375,64.05000305175781,69.80999755859375,21.690000534057617
2019-04-18,11752.7998046875,11856.150390625,11738.5,11856.150390625,339700,1271.9000244140625,64.0,69.4010009765625,22.739999771118164
2019-04-22,11594.4501953125,11727.0498046875,11583.9501953125,11727.0498046875,260400,1273.5,65.69999694824219,69.36000061035156,24.049999237060547
2019-04-23,11575.9501953125,11645.9501953125,11564.7998046875,11612.9501953125,272500,1269.300048828125,66.30000305175781,70.0625,24.649999618530277
2019-04-24,11726.150390625,11740.849609375,11578.849609375,11601.5,335200,1275.5,65.88999938964844,69.75800323486328,23.709999084472656
2019-04-25,11641.7998046875,11796.75,11624.2998046875,11735.7001953125,604400,1275.800048828125,65.20999908447266,70.0958023071289,23.229999542236328
2019-04-26,11754.650390625,11762.900390625,11661.75,11683.75,333500,1284.9000244140625,63.29999923706055,70.16000366210938,21.71999931335449
2019-04-30,11748.150390625,11756.25,11655.900390625,11748.75,532600,1282.800048828125,63.90999984741211,69.81179809570312,21.82999992370605
2019-05-02,11724.75,11789.2998046875,11699.5498046875,11725.5498046875,380300,1269.699951171875,61.810001373291016,69.63289642333984,22.979999542236328
2019-05-03,11712.25,11770.900390625,11699.349609375,11722.599609375,305500,1279.199951171875,61.93999862670898,69.42440032958984,24.030000686645508
2019-05-06,11598.25,11632.5498046875,11571.349609375,11605.7998046875,299000,1281.699951171875,62.25,69.16799926757812,26.43000030517578
2019-05-07,11497.900390625,11657.0498046875,11484.4501953125,11651.5,337500,1283.5,61.400001525878906,69.40029907226562,26.479999542236328
2019-05-08,11359.4501953125,11479.099609375,11346.9501953125,11478.7001953125,372800,1279.4000244140625,62.119998931884766,69.91000366210938,26.3700008392334
2019-05-09,11301.7998046875,11357.599609375,11255.0498046875,11322.400390625,373000,1283.5,61.70000076293945,70.01000213623047,25.489999771118164
2019-05-10,11278.900390625,11345.7998046875,11251.0498046875,11314.150390625,387300,1285.699951171875,61.65999984741211,70.41000366210938,26.34000015258789
2019-05-13,11148.2001953125,11300.2001953125,11125.599609375,11258.7001953125,357600,1300.0999755859375,61.040000915527344,69.92250061035156,27.3799991607666
2019-05-14,11222.0498046875,11294.75,11108.2998046875,11151.650390625,398100,1294.699951171875,61.77999877929688,70.61699676513672,27.1299991607666
2019-05-15,11157.0,11286.7998046875,11136.9501953125,11271.7001953125,414200,1296.300048828125,62.02000045776367,70.30699920654297,28.65999984741211
2019-05-16,11257.099609375,11281.5498046875,11143.349609375,11180.349609375,350700,1285.0,62.869998931884766,70.20919799804688,28.3700008392334
2019-05-17,11407.150390625,11426.150390625,11259.849609375,11261.900390625,412100,1274.5,62.7599983215332,70.23500061035156,28.07999992370605
2019-05-20,11828.25,11845.2001953125,11591.7001953125,11651.900390625,452100,1276.0999755859375,63.09999847412109,70.28150177001953,23.68000030517578
2019-05-21,11709.099609375,11883.5498046875,11682.7998046875,11863.650390625,381000,1272.0,62.9900016784668,70.12750244140625,25.649999618530277
2019-05-22,11737.900390625,11784.7998046875,11682.400390625,11727.9501953125,355900,1273.5999755859375,61.41999816894531,70.12750244140625,27.6299991607666
2019-05-23,11657.0498046875,12041.150390625,11614.5,11901.2998046875,569000,1284.800048828125,57.90999984741211,69.97250366210938,19.40999984741211
2019-05-24,11844.099609375,11859.0,11658.099609375,11748.0,374600,1283.0,58.630001068115234,69.94499969482422,16.469999313354492
2019-05-27,11924.75,11957.150390625,11812.400390625,11855.5,348400,1283.0,58.630001068115234,69.36000061035156,16.190000534057617
2019-05-28,11928.75,11958.5498046875,11864.900390625,11958.349609375,598300,1276.5,59.13999938964844,69.72000122070312,15.920000076293944
2019-05-29,11861.099609375,11931.900390625,11836.7998046875,11905.7998046875,318100,1280.5999755859375,58.810001373291016,69.875,16.40999984741211
2019-05-30,11945.900390625,11968.5498046875,11859.400390625,11865.2998046875,421200,1287.0999755859375,56.59000015258789,69.81500244140625,15.609999656677246
2019-05-31,11922.7998046875,12039.25,11829.4501953125,11999.7998046875,438900,1305.800048828125,53.5,69.9800033569336,16.06999969482422
2019-06-03,12088.5498046875,12103.0498046875,11920.099609375,11953.75,315300,1322.699951171875,53.25,69.5696029663086,15.970000267028809
2019-06-04,12021.650390625,12095.2001953125,12005.849609375,12052.650390625,289200,1323.4000244140625,53.47999954223633,69.16190338134766,15.630000114440918
2019-06-06,11843.75,12039.7998046875,11830.25,12039.7998046875,415200,1337.5999755859375,52.59000015258789,69.625,15.529999732971191
2019-06-07,11870.650390625,11897.5,11769.5,11865.2001953125,302500,1341.199951171875,53.9900016784668,69.36000061035156,14.859999656677246
2019-06-10,11922.7001953125,11975.0498046875,11871.75,11934.900390625,303300,1324.699951171875,53.2599983215332,69.34500122070312,14.979999542236328
2019-06-11,11965.599609375,12000.349609375,11904.349609375,11959.849609375,332200,1326.4000244140625,53.27000045776367,69.52349853515625,14.489999771118164
2019-06-12,11906.2001953125,11962.4501953125,11866.349609375,11962.4501953125,283700,1331.9000244140625,51.13999938964844,69.3864974975586,14.119999885559082
2019-06-13,11914.0498046875,11931.349609375,11817.0498046875,11873.900390625,447900,1339.199951171875,52.27999877929688,69.69999694824219,13.65999984741211
2019-06-14,11823.2998046875,11911.849609375,11797.7001953125,11910.099609375,390300,1340.0999755859375,52.5099983215332,69.80000305175781,13.899999618530272
2019-06-17,11672.150390625,11844.0498046875,11657.75,11844.0,295500,1338.699951171875,51.93000030517578,69.77050018310547,14.649999618530272
2019-06-18,11691.5,11727.2001953125,11641.150390625,11677.0498046875,365500,1346.5999755859375,53.900001525878906,70.11250305175781,14.600000381469728
2019-06-19,11691.4501953125,11802.5,11625.099609375,11744.4501953125,446900,1344.5999755859375,53.7599983215332,69.76499938964844,14.729999542236328
2019-06-20,11831.75,11843.5,11635.0498046875,11653.650390625,442000,1392.9000244140625,56.650001525878906,69.87000274658203,14.0
2019-06-21,11724.099609375,11827.9501953125,11705.099609375,11827.599609375,468400,1396.199951171875,57.43000030517578,69.77999877929688,14.609999656677246
2019-06-24,11699.650390625,11754.0,11670.2001953125,11725.7998046875,277600,1414.300048828125,57.900001525878906,69.56990051269531,15.220000267028809
2019-06-25,11796.4501953125,11814.400390625,11651.0,11681.0,300500,1414.9000244140625,57.83000183105469,69.60250091552734,15.010000228881836
2019-06-26,11847.5498046875,11871.849609375,11757.5498046875,11768.150390625,327900,1411.5999755859375,59.380001068115234,69.63749694824219,14.75
2019-06-27,11841.5498046875,11911.150390625,11821.0498046875,11860.849609375,480200,1408.4000244140625,59.43000030517578,69.60250091552734,14.649999618530272
2019-06-28,11788.849609375,11871.7001953125,11775.5,11861.150390625,303900,1409.699951171875,58.470001220703125,69.32499694824219,14.949999809265137
2019-07-01,11865.599609375,11884.650390625,11830.7998046875,11839.900390625,278400,1385.5999755859375,59.09000015258789,68.94049835205078,14.600000381469728
2019-07-02,11910.2998046875,11917.4501953125,11814.7001953125,11890.2998046875,363200,1404.5999755859375,56.25,69.1675033569336,14.25
2019-07-03,11916.75,11945.2001953125,11887.0498046875,11932.150390625,340500,1417.699951171875,57.34000015258789,69.0824966430664,13.699999809265137
2019-07-04,11946.75,11969.25,11923.650390625,11928.7998046875,333600,1417.699951171875,57.34000015258789,69.00749969482422,13.529999732971191
2019-07-05,11811.150390625,11981.75,11797.900390625,11964.75,530700,1396.699951171875,57.5099983215332,68.73999786376953,13.06999969482422
2019-07-08,11558.599609375,11771.900390625,11523.2998046875,11770.400390625,464000,1397.0,57.65999984741211,68.44000244140625,13.850000381469728
2019-07-09,11555.900390625,11582.5498046875,11461.0,11531.599609375,442500,1397.5,57.83000183105469,68.8499984741211,13.6899995803833
2019-07-10,11498.900390625,11593.7001953125,11475.650390625,11536.150390625,337600,1410.0999755859375,60.43000030517578,68.76499938964844,13.640000343322754
2019-07-11,11582.900390625,11599.0,11519.5,11561.4501953125,317300,1404.300048828125,60.20000076293945,68.36759948730469,12.470000267028809
2019-07-12,11552.5,11639.5498046875,11538.599609375,11601.150390625,359400,1409.9000244140625,60.209999084472656,68.66999816894531,12.0
2019-07-15,11588.349609375,11618.400390625,11532.2998046875,11614.75,368800,1411.4000244140625,59.58000183105469,68.55030059814453,12.020000457763672
2019-07-16,11662.599609375,11670.0498046875,11573.9501953125,11596.650390625,480200,1409.199951171875,57.619998931884766,68.74749755859375,11.5600004196167
2019-07-17,11687.5,11706.650390625,11651.150390625,11670.75,464800,1421.300048828125,56.77999877929688,68.8949966430664,11.800000190734863
2019-07-18,11596.900390625,11677.150390625,11582.400390625,11675.599609375,498300,1426.0999755859375,55.29999923706055,68.78600311279297,11.75
2019-07-19,11419.25,11640.349609375,11399.2998046875,11627.9501953125,446000,1425.0999755859375,55.630001068115234,68.8499984741211,12.520000457763672
2019-07-22,11346.2001953125,11398.150390625,11301.25,11392.849609375,516000,1425.300048828125,56.220001220703125,68.83000183105469,13.010000228881836
2019-07-23,11331.0498046875,11398.150390625,11302.7998046875,11372.25,458900,1420.0999755859375,56.77000045776367,69.16000366210938,13.43000030517578
2019-07-24,11271.2998046875,11359.75,11229.7998046875,11322.4501953125,413200,1422.800048828125,55.880001068115234,69.0199966430664,12.760000228881836
2019-07-25,11252.150390625,11361.400390625,11239.349609375,11290.400390625,553700,1413.9000244140625,56.02000045776367,69.18499755859375,12.640000343322754
2019-07-26,11284.2998046875,11307.599609375,11210.0498046875,11247.4501953125,522700,1418.5,56.20000076293945,69.15049743652344,12.130000114440918
2019-07-29,11189.2001953125,11310.9501953125,11152.400390625,11307.5,482900,1419.5999755859375,56.869998931884766,68.87000274658203,13.0600004196167
2019-07-30,11085.400390625,11267.4501953125,11072.650390625,11213.7001953125,479100,1429.699951171875,58.04999923706055,68.94999694824219,13.609999656677246
2019-07-31,11118.0,11145.2998046875,10999.400390625,11034.0498046875,536700,1426.0999755859375,58.58000183105469,69.07749938964844,13.59000015258789
2019-08-01,10980.0,11076.75,10881.0,11060.2001953125,499900,1420.9000244140625,53.95000076293945,69.40499877929688,14.5600004196167
2019-08-02,10997.349609375,11080.150390625,10848.9501953125,10930.2998046875,547400,1445.5999755859375,55.65999984741211,69.29720306396484,15.1899995803833
2019-08-05,10862.599609375,10895.7998046875,10782.599609375,10895.7998046875,506600,1464.5999755859375,54.68999862670898,69.65689849853516,16.59000015258789
2019-08-06,10948.25,11018.5498046875,10813.7998046875,10815.400390625,517900,1472.4000244140625,53.630001068115234,71.5199966430664,16.1200008392334
2019-08-07,10855.5,10975.650390625,10835.900390625,10958.099609375,548500,1507.300048828125,51.09000015258789,71.2300033569336,16.739999771118164
2019-08-08,11032.4501953125,11058.0498046875,10842.9501953125,10899.2001953125,482500,1497.699951171875,52.540000915527344,71.16510009765625,16.09000015258789
2019-08-09,11109.650390625,11181.4501953125,11062.7998046875,11087.900390625,538100,1496.5999755859375,54.5,70.47090148925781,15.850000381469728
2019-08-13,10925.849609375,11145.900390625,10901.599609375,11139.400390625,624600,1502.199951171875,57.09999847412109,71.58000183105469,17.780000686645508
2019-08-14,11029.400390625,11078.150390625,10935.599609375,11003.25,511500,1515.9000244140625,55.22999954223633,71.08000183105469,16.360000610351562
2019-08-16,11047.7998046875,11068.650390625,10924.2998046875,11043.650390625,470900,1512.5,54.869998931884766,71.72000122070312,16.649999618530273
2019-08-19,11053.900390625,11146.900390625,11037.849609375,11094.7998046875,369500,1500.4000244140625,56.209999084472656,71.13200378417969,16.75
2019-08-20,11017.0,11076.2998046875,10985.2998046875,11063.900390625,444700,1504.5999755859375,56.34000015258789,71.99500274658203,16.6299991607666
2019-08-21,10918.7001953125,11034.2001953125,10906.650390625,11018.150390625,557900,1504.5999755859375,55.68000030517578,71.80999755859375,17.020000457763672
2019-08-22,10741.349609375,10908.25,10718.2998046875,10905.2998046875,668200,1497.300048828125,55.34999847412109,71.43779754638672,17.850000381469727
2019-08-23,10829.349609375,10862.5498046875,10637.150390625,10699.599609375,667100,1526.5999755859375,54.16999816894531,71.92040252685547,17.350000381469727
2019-08-26,11057.849609375,11070.2998046875,10756.5498046875,11000.2998046875,684100,1526.300048828125,53.63999938964844,71.50250244140625,16.65999984741211
2019-08-27,11105.349609375,11141.75,11049.5,11106.5498046875,685600,1541.0,54.93000030517578,72.16000366210938,16.010000228881836
2019-08-28,11046.099609375,11129.650390625,10987.650390625,11101.2998046875,550000,1537.800048828125,55.77999877929688,71.53500366210938,16.84000015258789
2019-08-29,10948.2998046875,11021.099609375,10922.400390625,10996.0498046875,649900,1526.5,56.709999084472656,72.08499908447266,16.43000030517578
2019-08-30,11023.25,11042.599609375,10874.7998046875,10987.7998046875,628200,1519.0999755859375,55.09999847412109,71.6801986694336,16.280000686645508
2019-09-03,10797.900390625,10967.5,10772.7001953125,10960.9501953125,483000,1545.9000244140625,53.93999862670898,71.96209716796875,18.059999465942383
2019-09-04,10844.650390625,10858.75,10746.349609375,10790.400390625,508800,1550.300048828125,56.2599983215332,72.45999908447266,17.239999771118164
2019-09-05,10847.900390625,10920.099609375,10816.0,10860.9501953125,595700,1515.4000244140625,56.29999923706055,71.95570373535156,17.270000457763672
2019-09-06,10946.2001953125,10957.0498046875,10867.4501953125,10883.7998046875,497200,1506.199951171875,56.52000045776367,72.22000122070312,16.270000457763672
2019-09-09,11003.0498046875,11028.849609375,10889.7998046875,10936.7001953125,412500,1502.199951171875,57.84999847412109,71.66999816894531,15.850000381469728
2019-09-11,11035.7001953125,11054.7998046875,11011.650390625,11028.5,687100,1494.4000244140625,55.75,71.85900115966797,15.369999885559082
2019-09-12,10982.7998046875,11081.75,10964.9501953125,11058.2998046875,551400,1498.699951171875,55.09000015258789,71.56009674072266,14.899999618530272
2019-09-13,11075.900390625,11084.4501953125,10945.75,10986.7998046875,624300,1490.9000244140625,54.84999847412109,71.28500366210938,14.119999885559082
2019-09-16,11003.5,11052.7001953125,10968.2001953125,10994.849609375,434500,1503.0999755859375,62.900001525878906,71.02069854736328,14.949999809265137
2019-09-17,10817.599609375,11000.099609375,10796.5,11000.099609375,482000,1505.0999755859375,59.34000015258789,71.74909973144531,16.020000457763672
2019-09-18,10840.650390625,10885.150390625,10804.849609375,10872.7998046875,519200,1507.5,58.11000061035156,71.70999908447266,15.350000381469728
2019-09-19,10704.7998046875,10845.2001953125,10670.25,10845.2001953125,642600,1498.4000244140625,58.130001068115234,71.5425033569336,15.550000190734863
2019-09-20,11274.2001953125,11381.900390625,10691.0,10746.7998046875,1356800,1507.300048828125,58.09000015258789,71.71749877929688,15.399999618530272
2019-09-23,11600.2001953125,11694.849609375,11471.349609375,11542.7001953125,882800,1523.699951171875,58.63999938964844,71.19159698486328,16.790000915527344
2019-09-24,11588.2001953125,11655.0498046875,11539.2001953125,11590.7001953125,651700,1532.0999755859375,57.290000915527344,70.78959655761719,16.729999542236328
2019-09-25,11440.2001953125,11564.9501953125,11416.099609375,11564.849609375,629100,1504.5999755859375,56.4900016784668,71.28500366210938,16.170000076293945
2019-09-26,11571.2001953125,11610.849609375,11466.349609375,11469.849609375,844500,1507.5,56.40999984741211,71.30999755859375,16.34000015258789
2019-09-27,11512.400390625,11593.599609375,11499.75,11556.349609375,650000,1499.0999755859375,55.90999984741211,71.21499633789062,16.110000610351562
2019-09-30,11474.4501953125,11508.25,11390.7998046875,11491.150390625,756800,1465.699951171875,54.06999969482422,70.49870300292969,15.869999885559082
2019-10-01,11359.900390625,11554.2001953125,11247.900390625,11515.400390625,1305400,1482.0,53.619998931884766,70.92250061035156,16.760000228881836
2019-10-03,11314.0,11370.400390625,11257.349609375,11322.25,1017500,1507.0999755859375,52.45000076293945,71.1416015625,17.700000762939453
2019-10-04,11174.75,11400.2998046875,11158.349609375,11388.4501953125,928500,1506.199951171875,52.810001373291016,71.0199966430664,17.579999923706055
2019-10-07,11126.400390625,11233.849609375,11112.650390625,11196.2001953125,733200,1497.699951171875,52.75,70.81500244140625,17.829999923706055
2019-10-09,11313.2998046875,11321.599609375,11090.150390625,11152.9501953125,741100,1506.0999755859375,52.59000015258789,71.20999908447266,17.15999984741211
2019-10-10,11234.5498046875,11293.349609375,11208.5498046875,11280.5,562000,1494.800048828125,53.54999923706055,71.41000366210938,17.229999542236328
2019-10-11,11305.0498046875,11362.900390625,11189.400390625,11257.7001953125,737800,1482.699951171875,54.70000076293945,70.9800033569336,17.139999389648438
2019-10-14,11341.150390625,11420.4501953125,11290.0498046875,11335.900390625,587600,1491.699951171875,53.59000015258789,70.91400146484375,17.43000030517578
2019-10-15,11428.2998046875,11462.349609375,11342.099609375,11360.849609375,527400,1477.5999755859375,52.810001373291016,71.45249938964844,16.850000381469727
2019-10-16,11464.0,11481.0498046875,11411.099609375,11464.9501953125,533500,1488.0,53.36000061035156,71.76000213623047,16.360000610351562
2019-10-17,11586.349609375,11599.099609375,11439.650390625,11466.2998046875,797600,1492.300048828125,53.93000030517578,71.62000274658203,15.880000114440918
2019-10-18,11661.849609375,11684.7001953125,11553.150390625,11580.2998046875,853400,1488.199951171875,53.77999877929688,71.42250061035156,15.93000030517578
2019-10-22,11588.349609375,11714.349609375,11573.650390625,11657.150390625,867600,1481.699951171875,54.15999984741211,71.1050033569336,16.809999465942383
2019-10-23,11604.099609375,11651.599609375,11554.400390625,11596.2001953125,664200,1489.9000244140625,55.970001220703125,71.07499694824219,16.540000915527344
2019-10-24,11582.599609375,11679.599609375,11534.650390625,11661.650390625,700500,1498.9000244140625,56.22999954223633,70.71499633789062,16.239999771118164
2019-10-25,11583.900390625,11646.900390625,11490.75,11646.150390625,812000,1499.5,56.65999984741211,71.19000244140625,15.31999969482422
2019-10-29,11786.849609375,11809.400390625,11627.349609375,11643.9501953125,951700,1487.0,55.540000915527344,70.73500061035156,16.420000076293945
2019-10-30,11844.099609375,11883.9501953125,11784.4501953125,11883.900390625,725200,1493.199951171875,55.060001373291016,70.88459777832031,16.65999984741211
2019-10-31,11877.4501953125,11945.0,11855.099609375,11890.4501953125,1414800,1511.4000244140625,54.18000030517578,70.98999786376953,16.280000686645508
2019-11-01,11890.599609375,11918.2998046875,11843.349609375,11886.599609375,855300,1508.0,56.20000076293945,70.97000122070312,15.729999542236328
2019-11-04,11941.2998046875,11989.150390625,11905.349609375,11928.900390625,823100,1508.0,56.540000915527344,70.51210021972656,15.93000030517578
2019-11-05,11917.2001953125,11978.9501953125,11861.900390625,11974.599609375,632000,1480.800048828125,57.22999954223633,71.0,15.920000076293944
2019-11-06,11966.0498046875,12002.900390625,11850.25,11911.5,603400,1490.199951171875,56.34999847412109,70.8949966430664,15.779999732971191
2019-11-07,12012.0498046875,12021.400390625,11946.849609375,12021.099609375,563000,1464.199951171875,57.150001525878906,71.0,15.210000038146973
2019-11-08,11908.150390625,12034.150390625,11888.75,11987.150390625,789300,1461.300048828125,57.2400016784668,71.37650299072266,15.859999656677246
2019-11-11,11913.4501953125,11932.650390625,11853.9501953125,11879.2001953125,549000,1455.5,56.86000061035156,71.37650299072266,16.25
2019-11-13,11840.4501953125,11946.7998046875,11823.2001953125,11908.2998046875,659000,1461.699951171875,57.119998931884766,71.77999877929688,16.459999084472656
2019-11-14,11872.099609375,11895.650390625,11802.650390625,11858.75,559500,1471.800048828125,56.77000045776367,72.1415023803711,15.649999618530272
2019-11-15,11895.4501953125,11973.650390625,11879.25,11904.2001953125,580200,1467.300048828125,57.720001220703125,71.95580291748047,15.029999732971191
2019-11-18,11884.5,11946.2001953125,11867.599609375,11915.150390625,514400,1470.9000244140625,57.04999923706055,71.70580291748047,15.760000228881836
2019-11-19,11940.099609375,11958.849609375,11881.75,11919.4501953125,613900,1473.300048828125,55.209999084472656,71.93509674072266,15.40999984741211
2019-11-20,11999.099609375,12038.599609375,11966.0498046875,12004.75,646700,1473.300048828125,57.11000061035156,71.85099792480469,15.15999984741211
2019-11-21,11968.400390625,12028.2001953125,11956.900390625,12025.650390625,557700,1463.0999755859375,58.58000183105469,71.76820373535156,14.979999542236328
2019-11-22,11914.400390625,11968.099609375,11883.5,11967.2998046875,486800,1463.0999755859375,57.77000045776367,71.7405014038086,14.869999885559082
2019-11-25,12073.75,12084.5,11919.75,11922.4501953125,534300,1456.5999755859375,58.0099983215332,71.78260040283203,15.0
2019-11-26,12037.7001953125,12132.4501953125,12006.349609375,12110.2001953125,1201300,1459.800048828125,58.40999984741211,71.67949676513672,14.84000015258789
2019-11-27,12100.7001953125,12114.900390625,12055.150390625,12068.5,584200,1453.4000244140625,58.11000061035156,71.42839813232422,14.619999885559082
2019-11-28,12151.150390625,12158.7998046875,12099.9501953125,12132.099609375,620500,1453.4000244140625,58.11000061035156,71.22810363769531,13.989999771118164
2019-11-29,12056.0498046875,12147.400390625,12017.400390625,12146.2001953125,804400,1465.5999755859375,55.16999816894531,71.54740142822266,13.899999618530272
2019-12-02,12048.2001953125,12137.150390625,12023.7001953125,12137.0498046875,720900,1462.300048828125,55.959999084472656,71.7229995727539,14.199999809265137
2019-12-03,11994.2001953125,12068.599609375,11956.400390625,12067.650390625,605800,1478.199951171875,56.09999847412109,71.625,14.5600004196167
2019-12-04,12043.2001953125,12054.7001953125,11935.2998046875,11969.9501953125,747200,1474.0,58.43000030517578,71.95999908447266,13.31999969482422
2019-12-05,12018.400390625,12081.2001953125,11998.75,12071.25,562200,1476.9000244140625,58.43000030517578,71.4801025390625,14.3100004196167
2019-12-06,11921.5,12057.0498046875,11888.849609375,12047.349609375,609200,1459.0999755859375,59.20000076293945,71.38500213623047,13.640000343322754
2019-12-09,11937.5,11981.9501953125,11888.0498046875,11939.099609375,599100,1459.300048828125,59.02000045776367,71.28679656982422,14.600000381469728
2019-12-10,11856.7998046875,11953.2001953125,11844.7001953125,11950.5,650200,1462.5999755859375,59.2400016784668,70.96019744873047,14.289999961853027
2019-12-11,11910.150390625,11923.2001953125,11832.2998046875,11867.349609375,997700,1469.4000244140625,58.7599983215332,71.01000213623047,13.380000114440918
2019-12-12,11971.7998046875,12005.5,11934.0,11944.2998046875,752600,1466.699951171875,59.18000030517578,70.72930145263672,13.350000381469728
2019-12-13,12086.7001953125,12098.849609375,12023.599609375,12026.400390625,597700,1475.5999755859375,60.06999969482422,70.55989837646484,13.300000190734863
2019-12-16,12053.9501953125,12134.650390625,12046.2998046875,12131.349609375,437700,1475.0,60.209999084472656,70.68900299072266,13.420000076293944
2019-12-17,12165.0,12182.75,12070.349609375,12082.4501953125,499600,1474.5999755859375,60.93999862670898,70.92050170898438,12.520000457763672
2019-12-18,12221.650390625,12237.7001953125,12163.4501953125,12197.0,518900,1472.5999755859375,60.93000030517578,71.21499633789062,12.34000015258789
2019-12-19,12259.7001953125,12268.349609375,12191.150390625,12223.400390625,623100,1478.199951171875,61.220001220703125,70.98989868164062,12.119999885559082
2019-12-20,12271.7998046875,12293.900390625,12252.75,12266.4501953125,810700,1474.699951171875,60.43999862670898,71.22270202636719,12.329999923706056
2019-12-23,12262.75,12287.150390625,12213.25,12235.4501953125,604800,1482.5,60.52000045776367,71.02400207519531,11.960000038146973
2019-12-24,12214.5498046875,12283.7001953125,12202.099609375,12269.25,470300,1499.0999755859375,61.11000061035156,71.21070098876953,11.630000114440918
2019-12-26,12126.5498046875,12221.5498046875,12118.849609375,12211.849609375,520300,1509.300048828125,61.68000030517578,71.54000091552734,11.119999885559082
2019-12-27,12245.7998046875,12258.4501953125,12157.900390625,12172.900390625,383800,1513.800048828125,61.720001220703125,71.30030059814453,10.529999732971191
2019-12-30,12255.849609375,12286.4501953125,12213.7998046875,12274.900390625,411100,1514.5,61.68000030517578,71.31300354003906,11.010000228881836
2019-12-31,12168.4501953125,12247.099609375,12151.7998046875,12247.099609375,426900,1519.5,61.060001373291016,71.31099700927734,11.670000076293944
2020-01-01,12182.5,12222.2001953125,12165.2998046875,12202.150390625,304100,1519.5,61.060001373291016,71.27580261230469,11.670000076293944
2020-01-02,12282.2001953125,12289.900390625,12195.25,12198.5498046875,407700,1524.5,61.18000030517578,71.0250015258789,11.489999771118164
2020-01-03,12226.650390625,12265.599609375,12191.349609375,12261.099609375,428800,1549.199951171875,63.04999923706055,71.41500091552734,12.699999809265137
2020-01-06,11993.0498046875,12179.099609375,11974.2001953125,12170.599609375,396500,1566.199951171875,63.27000045776367,71.73100280761719,14.779999732971191
2020-01-07,12052.9501953125,12152.150390625,12005.349609375,12079.099609375,447800,1571.800048828125,62.70000076293945,71.78700256347656,14.609999656677246
2020-01-08,12025.349609375,12044.9501953125,11929.599609375,11939.099609375,446000,1557.4000244140625,59.61000061035156,72.16000366210938,15.640000343322754
2020-01-09,12215.900390625,12224.0498046875,12132.5498046875,12153.150390625,477500,1551.699951171875,59.560001373291016,71.41190338134766,14.0
2020-01-10,12256.7998046875,12311.2001953125,12213.2001953125,12271.0,660600,1557.5,59.040000915527344,71.19429779052734,14.079999923706056
2020-01-13,12329.5498046875,12337.75,12285.7998046875,12296.7001953125,501000,1548.4000244140625,58.08000183105469,70.9530029296875,14.279999732971191
2020-01-14,12362.2998046875,12374.25,12308.7001953125,12333.099609375,616300,1542.4000244140625,58.22999954223633,70.71890258789062,13.90999984741211
2020-01-15,12343.2998046875,12355.150390625,12278.75,12349.400390625,684400,1552.0999755859375,57.810001373291016,70.84510040283203,14.119999885559082
2020-01-16,12355.5,12389.0498046875,12315.7998046875,12347.099609375,395700,1549.0,58.52000045776367,70.71800231933594,14.18000030517578
2020-01-17,12352.349609375,12385.4501953125,12321.400390625,12328.400390625,502100,1558.800048828125,58.540000915527344,70.94560241699219,14.130000114440918
2020-01-20,12224.5498046875,12430.5,12216.900390625,12430.5,491600,1558.800048828125,58.540000915527344,71.03469848632812,15.40999984741211
2020-01-21,12169.849609375,12230.0498046875,12162.2998046875,12195.2998046875,400,1556.4000244140625,58.34000015258789,71.03099822998047,15.859999656677246
2020-01-22,12106.900390625,12225.0498046875,12087.900390625,12218.349609375,500,1555.300048828125,56.7400016784668,71.16999816894531,16.360000610351562
2020-01-23,12180.349609375,12189.0,12094.099609375,12123.75,867700,1564.5999755859375,55.59000015258789,71.0781021118164,15.859999656677246
2020-01-24,12248.25,12272.150390625,12149.650390625,12174.5498046875,593200,1571.0999755859375,54.18999862670898,71.32099914550781,15.5600004196167
2020-01-27,12119.0,12216.599609375,12107.0,12197.099609375,441200,1576.800048828125,53.13999938964844,71.32499694824219,17.18000030517578
2020-01-28,12055.7998046875,12163.5498046875,12024.5,12148.099609375,478500,1569.199951171875,53.47999954223633,71.44000244140625,17.299999237060547
2020-01-29,12129.5,12169.599609375,12103.7998046875,12114.900390625,514400,1569.800048828125,53.33000183105469,71.23040008544922,16.5
2020-01-30,12035.7998046875,12150.2998046875,12010.599609375,12147.75,538100,1583.5,52.13999938964844,71.30000305175781,16.799999237060547
2020-01-31,11962.099609375,12103.5498046875,11945.849609375,12100.400390625,771300,1582.9000244140625,51.560001373291016,71.63999938964844,17.3700008392334
2020-02-03,11707.900390625,11749.849609375,11614.5,11627.4501953125,669800,1577.199951171875,50.11000061035156,71.49649810791016,15.779999732971191
2020-02-04,11979.650390625,11986.150390625,11783.400390625,11786.25,560400,1550.4000244140625,49.61000061035156,71.31410217285156,14.380000114440918
2020-02-05,12089.150390625,12098.150390625,11953.349609375,12005.849609375,758000,1557.800048828125,50.75,71.0999984741211,14.170000076293944
2020-02-06,12137.9501953125,12160.599609375,12084.650390625,12120.0,565100,1565.0999755859375,50.95000076293945,71.18000030517578,13.779999732971191
2020-02-07,12098.349609375,12154.7001953125,12073.9501953125,12151.150390625,473500,1568.5999755859375,50.31999969482422,71.47000122070312,13.75
2020-02-10,12031.5,12103.5498046875,11990.75,12102.349609375,524700,1574.699951171875,49.56999969482422,71.5155029296875,14.210000038146973
2020-02-11,12107.900390625,12172.2998046875,12099.0,12108.400390625,480000,1565.5999755859375,49.93999862670898,71.27999877929688,13.880000114440918
2020-02-12,12201.2001953125,12231.75,12144.2998046875,12151.0,411700,1567.4000244140625,51.16999816894531,71.27529907226562,13.619999885559082
2020-02-13,12174.650390625,12225.650390625,12139.7998046875,12219.5498046875,501200,1575.0999755859375,51.41999816894531,71.29620361328125,13.369999885559082
2020-02-14,12113.4501953125,12246.7001953125,12091.2001953125,12190.150390625,622800,1582.699951171875,52.04999923706055,71.26850128173828,13.619999885559082
2020-02-17,12045.7998046875,12159.599609375,12037.0,12131.7998046875,0,1582.699951171875,52.04999923706055,71.51480102539062,14.420000076293944
2020-02-18,11992.5,12030.75,11908.0498046875,12028.25,676900,1600.0,52.04999923706055,71.34919738769531,14.510000228881836
2020-02-19,12125.900390625,12134.7001953125,12042.099609375,12090.599609375,513600,1607.5,53.290000915527344,71.57499694824219,14.020000457763672
2020-02-20,12080.849609375,12152.0,12071.4501953125,12119.0,502600,1616.5999755859375,53.77999877929688,71.82749938964844,13.699999809265137
2020-02-24,11829.400390625,12012.5498046875,11813.400390625,12012.5498046875,490800,1672.4000244140625,51.43000030517578,71.88680267333984,17.0
2020-02-25,11797.900390625,11883.0498046875,11779.900390625,11877.5,461000,1646.9000244140625,49.900001525878906,72.04669952392578,16.899999618530273
2020-02-26,11678.5,11783.25,11639.599609375,11738.5498046875,567600,1640.0,48.72999954223633,71.87000274658203,18.26000022888184
2020-02-27,11633.2998046875,11663.849609375,11536.7001953125,11661.25,608600,1640.0,47.09000015258789,71.66339874267578,17.770000457763672
2020-02-28,11201.75,11384.7998046875,11175.0498046875,11382.0,809900,1564.0999755859375,44.7599983215332,71.93000030517578,23.239999771118164
2020-03-02,11132.75,11433.0,11036.25,11387.349609375,680800,1592.300048828125,46.75,72.1500015258789,25.200000762939453
2020-03-03,11303.2998046875,11342.25,11152.5498046875,11217.5498046875,696500,1642.0999755859375,47.18000030517578,72.82499694824219,24.540000915527344
2020-03-04,11251.0,11356.599609375,11082.150390625,11351.349609375,797700,1641.0999755859375,46.77999877929688,73.34200286865234,24.229999542236328
2020-03-05,11269.0,11389.5,11244.599609375,11306.0498046875,1352500,1666.4000244140625,45.900001525878906,74.0425033569336,23.25
2020-03-06,10989.4501953125,11035.099609375,10827.400390625,10942.650390625,1811000,1670.800048828125,41.27999877929688,73.8551025390625,25.63999938964844
2020-03-09,10451.4501953125,10751.5498046875,10294.4501953125,10742.0498046875,1565500,1674.5,31.1299991607666,73.99530029296875,30.799999237060547
2020-03-11,10458.400390625,10545.099609375,10334.0,10334.2998046875,1218500,1641.4000244140625,32.97999954223633,74.20500183105469,31.559999465942383
2020-03-12,9590.150390625,10040.75,9508.0,10039.9501953125,1343500,1589.300048828125,31.5,74.76000213623047,41.15999984741211
2020-03-13,9955.2001953125,10159.400390625,8555.150390625,9107.599609375,1388000,1515.699951171875,31.729999542236328,75.30000305175781,51.470001220703125
2020-03-16,9197.400390625,9602.2001953125,9165.099609375,9587.7998046875,897700,1485.9000244140625,28.700000762939453,73.90399932861328,58.880001068115234
2020-03-17,8967.0498046875,9403.7998046875,8915.599609375,9285.400390625,935600,1524.9000244140625,26.950000762939453,75.15499877929688,62.93000030517578
2020-03-18,8468.7998046875,9127.5498046875,8407.0498046875,9088.4501953125,1516600,1477.300048828125,20.3700008392334,74.01239776611328,63.959999084472656
2020-03-19,8263.4501953125,8575.4501953125,7832.5498046875,8063.2998046875,925700,1478.5999755859375,25.21999931335449,74.98200225830078,72.19999694824219
2020-03-20,8745.4501953125,8883.0,8178.2001953125,8284.4501953125,1071500,1484.0,22.43000030517578,75.15969848632812,67.0999984741211
2020-03-23,7610.25,8159.25,7583.60009765625,7945.7001953125,653500,1567.0,23.36000061035156,75.62210083007812,71.98999786376953
2020-03-24,7801.0498046875,8036.9501953125,7511.10009765625,7848.2998046875,738400,1660.199951171875,24.01000022888184,76.50599670410156,83.61000061035156
2020-03-25,8317.849609375,8376.75,7714.75,7735.14990234375,736900,1632.300048828125,24.489999771118164,77.26000213623047,77.62999725341797
2020-03-26,8641.4501953125,8749.0498046875,8304.900390625,8451.0,865600,1650.0999755859375,22.600000381469727,75.84549713134766,71.52999877929688
2020-03-27,8660.25,9038.900390625,8522.900390625,8949.099609375,801500,1623.9000244140625,21.51000022888184,74.72560119628906,70.38999938964844
2020-03-30,8281.099609375,8576.0,8244.0,8385.9501953125,593300,1622.0,20.09000015258789,75.46499633789062,71.88999938964844
2020-03-31,8597.75,8678.2998046875,8358.0,8529.349609375,712700,1583.4000244140625,20.479999542236328,75.4000015258789,64.41000366210938
2020-04-01,8253.7998046875,8588.099609375,8198.349609375,8584.099609375,506300,1578.199951171875,20.309999465942383,75.32499694824219,60.04999923706055
2020-04-03,8083.7998046875,8356.5498046875,8055.7998046875,8356.5498046875,697000,1633.699951171875,28.34000015258789,77.13999938964844,55.29999923706055
2020-04-07,8792.2001953125,8819.400390625,8360.9501953125,8446.2998046875,814200,1664.800048828125,23.6299991607666,75.96489715576172,51.79999923706055
2020-04-08,8748.75,9131.7001953125,8653.900390625,8688.900390625,896500,1665.4000244140625,25.09000015258789,76.66000366210938,52.2400016784668
2020-04-09,9111.900390625,9128.349609375,8904.5498046875,8973.0498046875,742100,1736.199951171875,22.76000022888184,75.95899963378906,49.75
2020-04-13,8993.849609375,9112.0498046875,8912.400390625,9103.9501953125,644000,1744.800048828125,22.40999984741211,76.16649627685547,51.459999084472656
2020-04-15,8925.2998046875,9261.2001953125,8874.099609375,9196.400390625,879100,1727.199951171875,19.8700008392334,75.93099975585938,49.7400016784668
2020-04-16,8992.7998046875,9053.75,8821.900390625,8851.25,719400,1720.4000244140625,19.8700008392334,77.2125015258789,46.09999847412109
2020-04-17,9266.75,9324.0,9091.349609375,9323.4501953125,684200,1689.199951171875,18.270000457763672,77.56999969482422,42.59000015258789
2020-04-20,9261.849609375,9390.849609375,9230.7998046875,9390.2001953125,726400,1701.5999755859375,-37.630001068115234,76.55999755859375,43.459999084472656
2020-04-21,8981.4501953125,9044.400390625,8909.400390625,9016.9501953125,655100,1678.199951171875,10.010000228881836,77.20999908447266,45.20000076293945
2020-04-22,9187.2998046875,9209.75,8946.25,9026.75,734400,1728.699951171875,13.779999732971191,76.96939849853516,42.81999969482422
2020-04-23,9313.900390625,9343.599609375,9170.150390625,9232.349609375,666700,1733.300048828125,16.5,76.4000015258789,39.22999954223633
2020-04-24,9154.400390625,9296.900390625,9141.2998046875,9163.900390625,659400,1723.5,16.940000534057617,76.42250061035156,39.119998931884766
2020-04-27,9282.2998046875,9377.099609375,9250.349609375,9259.7001953125,512800,1711.9000244140625,12.779999732971191,76.27149963378906,38.040000915527344
2020-04-28,9380.900390625,9404.400390625,9260.0,9389.7998046875,614500,1710.5,12.34000015258789,76.1863021850586,35.349998474121094
2020-04-29,9553.349609375,9599.849609375,9392.349609375,9408.599609375,653000,1703.4000244140625,15.0600004196167,76.46499633789062,33.84000015258789
2020-04-30,9859.900390625,9889.0498046875,9731.5,9753.5,931200,1684.199951171875,18.84000015258789,75.25849914550781,33.9900016784668
2020-05-04,9293.5,9533.5,9266.9501953125,9533.5,687500,1706.9000244140625,20.38999938964844,75.60050201416016,43.66999816894531
2020-05-05,9205.599609375,9450.900390625,9190.75,9429.400390625,725200,1704.4000244140625,24.559999465942383,75.8499984741211,43.61000061035156
2020-05-06,9270.900390625,9346.900390625,9116.5,9226.7998046875,722200,1684.199951171875,23.989999771118164,76.16999816894531,41.25
2020-05-07,9199.0498046875,9277.849609375,9175.900390625,9234.0498046875,708700,1721.800048828125,23.549999237060547,76.15129852294922,39.93000030517578
2020-05-08,9251.5,9382.650390625,9238.2001953125,9376.9501953125,609100,1709.9000244140625,24.739999771118164,76.08000183105469,38.40999984741211
2020-05-11,9239.2001953125,9439.900390625,9219.9501953125,9348.150390625,704600,1695.300048828125,24.13999938964844,75.5250015258789,38.040000915527344
2020-05-12,9196.5498046875,9240.849609375,9043.9501953125,9168.849609375,805500,1704.4000244140625,25.780000686645508,76.30999755859375,38.209999084472656
2020-05-13,9383.5498046875,9584.5,9351.099609375,9584.2001953125,846400,1713.9000244140625,25.290000915527344,75.68000030517578,38.84000015258789
2020-05-14,9142.75,9281.099609375,9119.75,9213.9501953125,602600,1738.0999755859375,27.559999465942383,75.42620086669922,38.18000030517578
2020-05-15,9136.849609375,9182.400390625,9050.0,9182.400390625,575900,1753.4000244140625,29.43000030517578,75.48500061035156,38.02000045776367
2020-05-18,8823.25,9158.2998046875,8806.75,9158.2998046875,773000,1731.800048828125,31.81999969482422,75.81999969482422,40.91999816894531
2020-05-19,8879.099609375,9030.349609375,8855.2998046875,8961.7001953125,762200,1744.199951171875,32.5,75.60009765625,39.45000076293945
2020-05-20,9066.5498046875,9093.7998046875,8875.349609375,8889.150390625,622300,1750.5999755859375,33.4900016784668,76.0,35.810001373291016
2020-05-21,9106.25,9178.5498046875,9056.099609375,9079.4501953125,631500,1720.5,33.91999816894531,75.77999877929688,32.9900016784668
2020-05-22,9039.25,9149.599609375,8968.5498046875,9067.900390625,675800,1734.5999755859375,33.25,75.625,32.380001068115234
2020-05-26,9029.0498046875,9161.650390625,8996.650390625,9099.75,655000,1704.800048828125,34.349998474121094,76.11000061035156,31.46999931335449
2020-05-27,9314.9501953125,9334.0,9004.25,9082.2001953125,763500,1710.300048828125,32.810001373291016,75.81999969482422,31.270000457763672
2020-05-28,9490.099609375,9511.25,9336.5,9364.9501953125,837900,1713.300048828125,33.709999084472656,76.12999725341797,30.020000457763672
2020-05-29,9580.2998046875,9598.849609375,9376.900390625,9422.2001953125,967000,1736.9000244140625,35.4900016784668,75.95999908447266,30.21999931335449
2020-06-01,9826.150390625,9931.599609375,9706.9501953125,9726.849609375,794200,1737.800048828125,35.439998626708984,75.51319885253906,30.739999771118164
2020-06-02,9979.099609375,9995.599609375,9824.0498046875,9880.849609375,770200,1725.199951171875,36.810001373291016,75.7300033569336,30.1200008392334
2020-06-03,10061.5498046875,10176.2001953125,10035.5498046875,10108.2998046875,794700,1697.800048828125,37.290000915527344,75.06580352783203,30.040000915527344
2020-06-04,10029.099609375,10123.849609375,9944.25,10054.25,775100,1718.9000244140625,37.40999984741211,75.54499816894531,29.690000534057617
2020-06-05,10142.150390625,10177.7998046875,10040.75,10093.7998046875,987100,1676.199951171875,39.54999923706055,75.49089813232422,28.68000030517578
2020-06-08,10167.4501953125,10328.5,10120.25,10326.75,936500,1698.300048828125,38.18999862670898,75.5177001953125,29.649999618530277
2020-06-09,10046.650390625,10291.150390625,10021.4501953125,10181.150390625,754200,1714.699951171875,38.93999862670898,75.625,30.209999084472656
2020-06-10,10116.150390625,10148.75,10036.849609375,10072.599609375,632400,1713.300048828125,39.59999847412109,75.50980377197266,29.440000534057617
2020-06-11,9902.0,10112.0498046875,9885.0498046875,10094.099609375,715500,1732.0,36.34000015258789,75.875,29.65999984741211
2020-06-12,9972.900390625,9996.0498046875,9544.349609375,9544.9501953125,796300,1729.300048828125,36.2599983215332,76.38999938964844,30.81999969482422
2020-06-15,9813.7001953125,9943.349609375,9726.349609375,9919.349609375,716100,1720.300048828125,37.119998931884766,75.95680236816406,32.58000183105469
2020-06-16,9914.0,10046.150390625,9728.5,10014.7998046875,899900,1729.5999755859375,38.380001068115234,75.97799682617188,32.970001220703125
2020-06-17,9881.150390625,10003.599609375,9833.7998046875,9876.7001953125,685400,1729.199951171875,37.959999084472656,76.65499877929688,33.349998474121094
2020-06-18,10091.650390625,10111.2001953125,9845.0498046875,9863.25,622900,1724.800048828125,38.84000015258789,76.55000305175781,31.459999084472656
2020-06-19,10244.400390625,10272.400390625,10072.650390625,10119.0,892100,1745.9000244140625,39.75,76.40039825439453,29.96999931335449
2020-06-22,10311.2001953125,10393.650390625,10277.599609375,10318.75,685400,1756.699951171875,40.459999084472656,76.2520980834961,30.459999084472656
2020-06-23,10471.0,10484.7001953125,10301.75,10347.9501953125,669200,1772.0999755859375,40.369998931884766,75.78980255126953,29.34000015258789
2020-06-24,10305.2998046875,10553.150390625,10281.9501953125,10529.25,854800,1765.800048828125,38.0099983215332,75.60780334472656,29.57999992370605
2020-06-25,10288.900390625,10361.7998046875,10194.5,10235.5498046875,994200,1762.0999755859375,38.720001220703125,75.97000122070312,29.729999542236328
2020-06-26,10383.0,10409.849609375,10311.25,10378.900390625,671900,1772.5,38.4900016784668,75.53980255126953,28.739999771118164
2020-06-29,10312.400390625,10337.9501953125,10223.599609375,10311.9501953125,574500,1774.800048828125,39.70000076293945,75.61979675292969,28.90999984741211
2020-06-30,10302.099609375,10401.0498046875,10267.349609375,10382.599609375,556200,1793.0,39.27000045776367,75.69999694824219,29.1200008392334
2020-07-01,10430.0498046875,10447.0498046875,10299.599609375,10323.7998046875,573600,1773.199951171875,39.81999969482422,75.75,28.1200008392334
2020-07-02,10551.7001953125,10598.2001953125,10485.5498046875,10493.0498046875,597400,1784.0,40.650001525878906,75.45490264892578,26.51000022888184
2020-07-03,10607.349609375,10631.2998046875,10562.650390625,10614.9501953125,525200,1784.0,40.650001525878906,74.72100067138672,25.770000457763672
2020-07-06,10763.650390625,10811.400390625,10695.099609375,10723.849609375,571200,1788.5,40.630001068115234,74.6792984008789,25.200000762939453
2020-07-07,10799.650390625,10813.7998046875,10689.7001953125,10802.849609375,636800,1804.199951171875,40.619998931884766,74.60759735107422,25.100000381469727
2020-07-08,10705.75,10847.849609375,10676.5498046875,10818.650390625,767900,1815.5,40.900001525878906,75.125,26.100000381469727
2020-07-09,10813.4501953125,10836.849609375,10733.0,10755.5498046875,618700,1799.199951171875,39.619998931884766,74.93990325927734,24.90999984741211
2020-07-10,10768.0498046875,10819.400390625,10713.0,10764.099609375,590700,1798.199951171875,40.54999923706055,75.33999633789062,24.940000534057617
2020-07-13,10802.7001953125,10894.0498046875,10756.0498046875,10851.849609375,554100,1811.0,40.09999847412109,75.15850067138672,25.25
2020-07-14,10607.349609375,10755.650390625,10562.900390625,10750.849609375,532400,1810.5999755859373,40.290000915527344,75.44999694824219,26.63999938964844
2020-07-15,10618.2001953125,10827.4501953125,10577.75,10701.0,715900,1811.4000244140625,41.20000076293945,75.57499694824219,26.290000915527344
2020-07-16,10739.9501953125,10755.2998046875,10595.2001953125,10706.2001953125,694400,1798.699951171875,40.75,75.1249008178711,25.36000061035156
2020-07-17,10901.7001953125,10933.4501953125,10749.650390625,10752.0,676900,1808.300048828125,40.59000015258789,75.17449951171875,24.15999984741211
2020-07-20,11022.2001953125,11037.900390625,10953.0,10999.4501953125,554300,1815.9000244140625,40.810001373291016,74.89730072021484,24.709999084472656
2020-07-21,11162.25,11179.5498046875,11113.25,11126.099609375,772000,1842.4000244140625,41.959999084472656,74.98999786376953,24.43000030517578
2020-07-22,11132.599609375,11238.099609375,11056.5498046875,11231.2001953125,765100,1864.0999755859373,41.900001525878906,74.7699966430664,24.88999938964844
2020-07-23,11215.4501953125,11239.7998046875,11103.150390625,11135.0,621600,1889.0999755859373,41.06999969482422,74.81999969482422,24.63999938964844
2020-07-24,11194.150390625,11225.400390625,11090.2998046875,11149.9501953125,678900,1897.300048828125,41.290000915527344,74.80729675292969,24.540000915527344
2020-07-27,11131.7998046875,11225.0,11087.849609375,11225.0,588100,1931.0,41.59999847412109,74.75980377197266,25.020000457763672
2020-07-28,11300.5498046875,11317.75,11151.400390625,11154.099609375,683900,1944.699951171875,41.040000915527344,75.0,23.63999938964844
2020-07-29,11202.849609375,11341.400390625,11149.75,11276.900390625,600700,1953.5,41.27000045776367,75.08999633789062,24.11000061035156
2020-07-30,11102.150390625,11299.9501953125,11084.9501953125,11254.2998046875,677800,1942.300048828125,39.91999816894531,74.8311996459961,24.729999542236328
2020-07-31,11073.4501953125,11150.400390625,11026.650390625,11139.5,642600,1962.800048828125,40.27000045776367,74.98999786376953,24.190000534057617
2020-08-03,10891.599609375,11058.0498046875,10882.25,11057.5498046875,680900,1966.0,41.0099983215332,74.91780090332031,25.190000534057617
2020-08-04,11095.25,11112.25,10908.099609375,10946.650390625,625700,2001.199951171875,41.70000076293945,75.33000183105469,23.81999969482422
2020-08-05,11101.650390625,11225.650390625,11064.0498046875,11155.75,667600,2031.0999755859373,42.18999862670898,75.25,23.56999969482422
2020-08-06,11200.150390625,11256.7998046875,11127.2998046875,11185.7001953125,600400,2051.5,41.95000076293945,74.8822021484375,23.149999618530277
2020-08-07,11214.0498046875,11231.900390625,11142.0498046875,11186.650390625,452600,2010.0999755859373,41.220001220703125,74.8998031616211,22.57999992370605
2020-08-10,11270.150390625,11337.2998046875,11238.0,11270.25,492000,2024.4000244140625,41.93999862670898,75.0248031616211,22.51000022888184
2020-08-11,11322.5,11373.599609375,11299.150390625,11322.25,586100,1932.5999755859373,41.61000061035156,75.0999984741211,21.36000061035156
2020-08-12,11308.400390625,11322.0,11242.650390625,11289.0,609900,1934.9000244140625,42.66999816894531,74.9000015258789,20.850000381469727
2020-08-13,11300.4501953125,11359.2998046875,11269.9501953125,11334.849609375,562400,1956.699951171875,42.2400016784668,74.77210235595703,20.56999969482422
2020-08-14,11178.400390625,11366.25,11111.4501953125,11353.2998046875,645100,1937.0,42.0099983215332,75.02999877929688,21.670000076293945
2020-08-17,11247.099609375,11267.099609375,11144.5,11248.900390625,634000,1985.0,42.88999938964844,74.90280151367188,21.309999465942383
2020-08-18,11385.349609375,11401.7001953125,11253.150390625,11259.7998046875,579200,1999.4000244140625,42.88999938964844,75.0,20.43000030517578
2020-08-19,11408.400390625,11460.349609375,11394.099609375,11452.150390625,626200,1958.699951171875,42.93000030517578,74.79499816894531,19.959999084472656
2020-08-20,11312.2001953125,11361.4501953125,11289.7998046875,11317.4501953125,791600,1933.800048828125,42.58000183105469,74.966796875,20.6200008392334
2020-08-21,11371.599609375,11418.5,11362.2001953125,11409.650390625,668700,1934.5999755859373,42.34000015258789,74.9999008178711,19.940000534057617
2020-08-24,11466.4501953125,11497.25,11410.650390625,11412.0,532900,1927.699951171875,42.619998931884766,74.92179870605469,19.229999542236328
2020-08-25,11472.25,11525.900390625,11423.349609375,11513.099609375,638200,1911.800048828125,43.34999847412109,74.4000015258789,19.31999969482422
2020-08-26,11549.599609375,11561.75,11461.849609375,11512.849609375,743400,1940.699951171875,43.38999938964844,74.45249938964844,19.299999237060547
2020-08-27,11559.25,11617.349609375,11540.599609375,11609.2998046875,719800,1921.5999755859373,43.040000915527344,74.24009704589844,18.899999618530277
2020-08-28,11647.599609375,11686.0498046875,11589.400390625,11602.9501953125,807000,1964.5999755859373,42.970001220703125,73.77449798583984,18.350000381469727
2020-08-31,11387.5,11794.25,11325.849609375,11777.5498046875,1371800,1967.5999755859373,42.61000061035156,73.12830352783203,22.84000015258789
2020-09-01,11470.25,11553.5498046875,11366.900390625,11464.2998046875,783800,1968.199951171875,42.7599983215332,73.66999816894531,21.799999237060547
2020-09-02,11535.0,11554.75,11430.400390625,11478.5498046875,593500,1934.4000244140625,41.5099983215332,73.2699966430664,21.11000061035156
2020-09-03,11527.4501953125,11584.9501953125,11507.650390625,11566.2001953125,607100,1927.5999755859373,41.369998931884766,73.24849700927734,20.5
2020-09-04,11333.849609375,11452.0498046875,11303.650390625,11354.400390625,681300,1923.9000244140625,39.77000045776367,73.4478988647461,22.149999618530277
2020-09-07,11355.0498046875,11381.150390625,11251.7001953125,11359.599609375,560300,1923.9000244140625,39.77000045776367,73.29029846191406,22.01000022888184
2020-09-08,11317.349609375,11437.25,11290.4501953125,11378.5498046875,572200,1933.0,36.7599983215332,73.6500015258789,22.71999931335449
2020-09-09,11278.0,11298.150390625,11185.150390625,11218.599609375,728900,1944.699951171875,38.04999923706055,73.78679656982422,22.229999542236328
2020-09-10,11449.25,11464.0498046875,11327.400390625,11363.2998046875,679400,1954.199951171875,37.29999923706055,73.55000305175781,21.26000022888184
2020-09-11,11464.4501953125,11493.5,11419.900390625,11447.7998046875,554800,1937.800048828125,37.33000183105469,73.52729797363281,20.709999084472656
2020-09-14,11440.0498046875,11568.900390625,11383.5498046875,11540.150390625,642300,1953.0999755859373,37.2599983215332,73.47859954833984,21.190000534057617
2020-09-15,11521.7998046875,11535.9501953125,11442.25,11487.2001953125,506700,1956.300048828125,38.27999877929688,73.61499786376953,20.600000381469727
2020-09-16,11604.5498046875,11618.099609375,11516.75,11538.4501953125,527800,1960.199951171875,40.15999984741211,73.80000305175781,19.65999984741211
2020-09-17,11516.099609375,11587.2001953125,11498.5,11539.400390625,0,1940.0,40.970001220703125,73.55069732666016,20.100000381469727
2020-09-18,11504.9501953125,11584.099609375,11446.099609375,11584.099609375,764200,1952.0999755859373,41.11000061035156,73.58360290527344,20.049999237060547
2020-09-21,11250.5498046875,11535.25,11218.5,11503.7998046875,602900,1901.199951171875,39.310001373291016,73.53479766845703,22.190000534057617
2020-09-22,11153.650390625,11302.2001953125,11084.650390625,11301.75,672200,1898.5999755859373,39.59999847412109,73.57980346679688,21.40999984741211
2020-09-23,11131.849609375,11259.5498046875,11024.400390625,11258.75,714900,1859.9000244140625,39.93000030517578,73.50299835205078,20.989999771118164
2020-09-24,10805.5498046875,11015.2998046875,10790.2001953125,11011.0,706100,1868.300048828125,40.310001373291016,73.77839660644531,23.51000022888184
2020-09-25,11050.25,11072.599609375,10854.849609375,10910.400390625,559600,1857.699951171875,40.25,73.68240356445312,20.68000030517578
2020-09-28,11227.5498046875,11239.349609375,11099.849609375,11140.849609375,472800,1872.800048828125,40.59999847412109,73.69930267333984,19.56999969482422
2020-09-29,11222.400390625,11305.400390625,11181.0,11288.599609375,498300,1894.300048828125,39.290000915527344,73.9749984741211,19.770000457763672
2020-09-30,11247.5498046875,11295.400390625,11184.5498046875,11244.4501953125,499300,1887.5,40.220001220703125,73.84500122070312,19.530000686645508
2020-10-01,11416.9501953125,11428.599609375,11347.0498046875,11364.4501953125,447700,1908.4000244140625,38.720001220703125,73.70500183105469,18.350000381469727
2020-10-05,11503.349609375,11578.0498046875,11452.2998046875,11487.7998046875,530600,1912.5,39.220001220703125,73.32240295410156,19.700000762939453
2020-10-06,11662.400390625,11680.2998046875,11564.2998046875,11603.4501953125,561400,1901.0999755859373,40.66999816894531,73.1082992553711,19.63999938964844
2020-10-07,11738.849609375,11763.0498046875,11629.349609375,11679.25,513400,1883.5999755859373,39.95000076293945,73.81500244140625,20.059999465942383
2020-10-08,11834.599609375,11905.7001953125,11791.150390625,11835.400390625,608800,1888.5999755859373,41.18999862670898,73.5425033569336,20.3799991607666
2020-10-09,11914.2001953125,11938.599609375,11805.2001953125,11852.0498046875,611100,1919.5,40.59999847412109,73.28050231933594,20.3799991607666
2020-10-12,11930.9501953125,12022.0498046875,11867.2001953125,11973.5498046875,522600,1922.5,39.43000030517578,73.01480102539062,21.1299991607666
2020-10-13,11934.5,11988.2001953125,11888.900390625,11934.650390625,458300,1888.5,40.20000076293945,73.35079956054688,20.71999931335449
2020-10-14,11971.0498046875,11997.2001953125,11822.150390625,11917.400390625,569200,1901.300048828125,41.040000915527344,73.62000274658203,20.209999084472656
2020-10-15,11680.349609375,12025.4501953125,11661.2998046875,12023.4501953125,608900,1903.199951171875,40.959999084472656,73.29620361328125,22.059999465942383
2020-10-16,11762.4501953125,11789.75,11667.849609375,11727.400390625,555800,1900.800048828125,40.880001068115234,73.37100219726562,21.649999618530277
2020-10-19,11873.0498046875,11898.25,11820.400390625,11879.2001953125,541400,1906.4000244140625,40.83000183105469,73.44380187988281,21.81999969482422
2020-10-20,11896.7998046875,11949.25,11837.25,11861.0,453600,1910.4000244140625,41.459999084472656,73.57499694824219,22.690000534057617
2020-10-21,11937.650390625,12018.650390625,11775.75,11958.5498046875,623700,1924.5999755859373,40.02999877929688,73.64749908447266,22.920000076293945
2020-10-22,11896.4501953125,11939.5498046875,11823.4501953125,11890.0,544900,1901.0999755859373,40.63999938964844,73.6812973022461,22.63999938964844
2020-10-23,11930.349609375,11974.5498046875,11908.75,11957.900390625,502300,1902.0,39.84999847412109,73.72000122070312,21.82999992370605
2020-10-26,11767.75,11942.849609375,11711.7001953125,11937.400390625,519800,1902.699951171875,38.560001373291016,73.8228988647461,22.82999992370605
2020-10-27,11889.400390625,11899.0498046875,11723.0,11807.099609375,616300,1908.800048828125,39.56999969482422,73.94850158691406,22.200000762939453
2020-10-28,11729.599609375,11929.400390625,11684.849609375,11922.599609375,704000,1876.199951171875,37.38999938964844,73.80500030517578,23.280000686645508
2020-10-29,11670.7998046875,11744.150390625,11606.4501953125,11633.2998046875,555000,1865.5999755859373,36.16999816894531,74.44000244140625,24.020000457763672
2020-10-30,11642.400390625,11748.9501953125,11535.4501953125,11678.4501953125,553700,1877.4000244140625,35.790000915527344,74.26399993896484,24.75
2020-11-02,11669.150390625,11725.650390625,11557.400390625,11697.349609375,568400,1890.4000244140625,36.810001373291016,74.55049896240234,25.209999084472656
2020-11-03,11813.5,11836.2001953125,11723.2998046875,11734.4501953125,674300,1908.5,37.65999984741211,74.45680236816406,24.239999771118164
2020-11-04,11908.5,11929.650390625,11756.400390625,11783.349609375,667300,1894.5999755859373,39.150001525878906,74.65560150146484,23.200000762939453
2020-11-05,12120.2998046875,12131.099609375,12027.599609375,12062.400390625,632500,1945.300048828125,38.790000915527344,74.37999725341797,20.96999931335449
2020-11-06,12263.5498046875,12280.400390625,12131.849609375,12156.650390625,576800,1950.300048828125,37.13999938964844,74.12000274658203,20.5
2020-11-09,12461.0498046875,12474.0498046875,12367.349609375,12399.400390625,553400,1853.199951171875,40.290000915527344,73.97979736328125,20.11000061035156
2020-11-10,12631.099609375,12643.900390625,12475.25,12556.400390625,847500,1875.4000244140625,41.36000061035156,73.95320129394531,21.57999992370605
2020-11-11,12749.150390625,12769.75,12571.099609375,12680.599609375,880500,1860.699951171875,41.45000076293945,74.28160095214844,22.030000686645508
2020-11-12,12690.7998046875,12741.150390625,12624.849609375,12702.150390625,622000,1872.5999755859373,41.119998931884766,74.56999969482422,20.6200008392334
2020-11-13,12719.9501953125,12735.9501953125,12607.7001953125,12659.7001953125,513900,1885.699951171875,40.130001068115234,74.86499786376953,19.700000762939453
2020-11-17,12874.2001953125,12934.0498046875,12797.099609375,12932.5,707700,1884.5,41.43000030517578,74.41809844970703,19.799999237060547
2020-11-18,12938.25,12948.849609375,12819.349609375,12860.099609375,731300,1873.5,41.81999969482422,74.47969818115234,19.1200008392334
2020-11-19,12771.7001953125,12963.0,12745.75,12839.5,768800,1861.0999755859373,41.7400016784668,74.41999816894531,19.56999969482422
2020-11-20,12859.0498046875,12892.4501953125,12730.25,12813.400390625,664000,1872.5999755859373,42.150001525878906,74.09960174560547,19.6200008392334
2020-11-23,12926.4501953125,12968.849609375,12825.7001953125,12960.2998046875,633100,1837.800048828125,43.060001373291016,74.16239929199219,20.799999237060547
2020-11-24,13055.150390625,13079.099609375,12978.0,13002.599609375,571900,1804.800048828125,44.90999984741211,74.24490356445312,21.059999465942383
2020-11-25,12858.400390625,13145.849609375,12833.650390625,13130.0,679000,1805.699951171875,45.709999084472656,73.96080017089844,23.1299991607666
2020-11-26,12987.0,13018.0,12790.400390625,12906.4501953125,549800,1805.699951171875,45.709999084472656,73.77989959716797,20.020000457763672
2020-11-27,12968.9501953125,13035.2998046875,12914.2998046875,13012.0498046875,1162400,1781.9000244140625,45.52999877929688,74.04879760742188,19.81999969482422
2020-12-01,13109.0498046875,13128.400390625,12962.7998046875,13062.2001953125,583600,1814.0999755859373,44.54999923706055,74.02519989013672,20.18000030517578
2020-12-02,13113.75,13128.5,12983.5498046875,13121.400390625,717700,1825.699951171875,45.27999877929688,73.65499877929688,19.90999984741211
2020-12-03,13133.900390625,13216.599609375,13107.900390625,13215.2998046875,713700,1836.800048828125,45.63999938964844,73.66259765625,19.0
2020-12-04,13258.5498046875,13280.0498046875,13152.849609375,13177.400390625,640500,1835.9000244140625,46.2599983215332,73.86489868164062,18.030000686645508
2020-12-07,13355.75,13366.650390625,13241.9501953125,13264.849609375,591700,1861.800048828125,45.7599983215332,73.79029846191406,18.020000457763672
2020-12-08,13392.9501953125,13435.4501953125,13311.0498046875,13393.849609375,543200,1870.800048828125,45.59999847412109,74.0199966430664,18.6200008392334
2020-12-09,13529.099609375,13548.900390625,13449.599609375,13458.099609375,502600,1834.5999755859373,45.52000045776367,73.72640228271484,18.920000076293945
2020-12-10,13478.2998046875,13503.5498046875,13399.2998046875,13488.5,553400,1833.5999755859373,46.77999877929688,73.93499755859375,18.709999084472656
2020-12-11,13513.849609375,13579.349609375,13402.849609375,13512.2998046875,787700,1839.800048828125,46.56999969482422,73.72669982910156,18.790000915527344
2020-12-14,13558.150390625,13597.5,13472.4501953125,13571.4501953125,558400,1828.699951171875,46.9900016784668,73.73799896240234,19.399999618530277
2020-12-15,13567.849609375,13589.650390625,13447.0498046875,13547.2001953125,497600,1852.300048828125,47.619998931884766,73.86000061035156,19.350000381469727
2020-12-16,13682.7001953125,13692.349609375,13606.4501953125,13663.099609375,462200,1856.0999755859373,47.81999969482422,73.75980377197266,19.200000762939453
2020-12-17,13740.7001953125,13773.25,13673.5498046875,13713.5498046875,416000,1887.199951171875,48.36000061035156,73.6166000366211,19.15999984741211
2020-12-18,13760.5498046875,13772.849609375,13658.599609375,13764.400390625,519400,1885.699951171875,49.09999847412109,73.52980041503906,18.6200008392334
2020-12-21,13328.400390625,13777.5,13131.4501953125,13741.900390625,687300,1879.199951171875,47.7400016784668,73.60359954833984,23.190000534057617
2020-12-22,13466.2998046875,13492.0498046875,13192.900390625,13373.650390625,696200,1866.5999755859373,47.02000045776367,73.935302734375,21.989999771118164
2020-12-23,13601.099609375,13619.4501953125,13432.2001953125,13473.5,458700,1874.699951171875,48.119998931884766,74.2699966430664,20.5
2020-12-24,13749.25,13771.75,13626.900390625,13672.150390625,471400,1879.9000244140625,48.22999954223633,73.83979797363281,19.96999931335449
2020-12-28,13873.2001953125,13885.2998046875,13811.5498046875,13815.150390625,403600,1877.199951171875,47.619998931884766,73.68900299072266,20.43000030517578
2020-12-29,13932.599609375,13967.599609375,13859.900390625,13910.349609375,439600,1879.699951171875,48.0,73.5448989868164,20.790000915527344
2020-12-30,13981.9501953125,13997.0,13864.9501953125,13980.900390625,380700,1891.0,48.400001525878906,73.45359802246094,21.11000061035156
2020-12-31,13981.75,14024.849609375,13936.4501953125,13970.0,452400,1893.0999755859373,48.52000045776367,73.13400268554688,21.100000381469727
2021-01-01,14018.5,14049.849609375,13991.349609375,13996.099609375,358100,1893.0999755859373,48.52000045776367,73.08920288085938,21.100000381469727
2021-01-04,14132.900390625,14147.9501953125,13953.75,14104.349609375,495000,1944.699951171875,47.619998931884766,73.09200286865234,20.030000686645508
2021-01-05,14199.5,14215.599609375,14048.150390625,14075.150390625,492500,1952.699951171875,49.93000030517578,73.31999969482422,20.459999084472656
2021-01-06,14146.25,14244.150390625,14039.900390625,14240.9501953125,632300,1906.9000244140625,50.630001068115234,73.37480163574219,21.0
2021-01-07,14137.349609375,14256.25,14123.099609375,14253.75,559200,1912.300048828125,50.83000183105469,73.36000061035156,20.6200008392334
2021-01-08,14347.25,14367.2998046875,14221.650390625,14258.400390625,613500,1834.0999755859373,52.2400016784668,73.44599914550781,20.63999938964844
2021-01-11,14484.75,14498.2001953125,14383.099609375,14474.0498046875,672900,1849.5999755859373,52.25,73.37339782714844,22.3799991607666
2021-01-12,14563.4501953125,14590.650390625,14432.849609375,14473.7998046875,929600,1842.9000244140625,53.209999084472656,73.51349639892578,22.850000381469727
2021-01-13,14564.849609375,14653.349609375,14435.7001953125,14639.7998046875,874000,1853.5999755859373,52.90999984741211,73.16500091552734,23.290000915527344
2021-01-14,14595.599609375,14617.7998046875,14471.5,14550.0498046875,620200,1850.300048828125,53.56999969482422,73.1698989868164,23.030000686645508
2021-01-15,14433.7001953125,14617.4501953125,14357.849609375,14594.349609375,789600,1829.300048828125,52.36000061035156,73.08760070800781,24.01000022888184
2021-01-18,14281.2998046875,14459.150390625,14222.7998046875,14453.2998046875,762000,1829.300048828125,52.36000061035156,73.15899658203125,24.399999618530277
2021-01-19,14521.150390625,14546.0498046875,14350.849609375,14371.650390625,546100,1839.5,52.97999954223633,73.1886978149414,22.899999618530277
2021-01-20,14644.7001953125,14666.4501953125,14517.5498046875,14538.2998046875,623100,1865.9000244140625,53.2400016784668,73.19190216064453,21.549999237060547
2021-01-21,14590.349609375,14753.5498046875,14517.25,14730.9501953125,704600,1865.300048828125,53.130001068115234,72.91089630126953,22.18000030517578
2021-01-22,14371.900390625,14619.900390625,14357.75,14583.400390625,776800,1855.699951171875,52.27000045776367,72.95490264892578,22.18000030517578
2021-01-25,14238.900390625,14491.099609375,14218.599609375,14477.7998046875,618600,1854.9000244140625,52.77000045776367,72.99590301513672,23.25
2021-01-27,13967.5,14237.9501953125,13929.2998046875,14237.9501953125,660700,1844.9000244140625,52.84999847412109,72.91999816894531,24.38999938964844
2021-01-28,13817.5498046875,13898.25,13713.25,13810.400390625,637900,1837.9000244140625,52.34000015258789,73.03710174560547,24.290000915527344
2021-01-29,13634.599609375,13966.849609375,13596.75,13946.599609375,753200,1847.300048828125,52.20000076293945,72.93879699707031,25.34000015258789
2021-02-01,14281.2001953125,14336.349609375,13661.75,13758.599609375,870500,1860.800048828125,53.54999923706055,72.90660095214844,23.31999969482422
2021-02-02,14647.849609375,14731.7001953125,14469.150390625,14481.099609375,915000,1830.5,54.7599983215332,73.11979675292969,23.350000381469727
2021-02-03,14789.9501953125,14868.849609375,14574.150390625,14754.900390625,869500,1832.199951171875,55.68999862670898,72.91629791259766,23.75
2021-02-04,14895.650390625,14913.7001953125,14714.75,14789.0498046875,884700,1788.9000244140625,56.22999954223633,72.85800170898438,23.1200008392334
2021-02-05,14924.25,15014.650390625,14864.75,14952.599609375,935600,1810.9000244140625,56.84999847412109,72.9457015991211,23.420000076293945
2021-02-08,15115.7998046875,15159.900390625,15041.0498046875,15064.2998046875,671200,1831.9000244140625,57.970001220703125,72.78479766845703,23.959999084472656
2021-02-09,15109.2998046875,15257.099609375,15064.2998046875,15164.150390625,713300,1835.300048828125,58.36000061035156,72.92990112304688,24.270000457763672
2021-02-10,15106.5,15168.25,14977.2001953125,15119.0498046875,624800,1840.5999755859373,58.68000030517578,72.85489654541016,23.950000762939453
2021-02-11,15173.2998046875,15188.5,15065.400390625,15073.25,500100,1824.9000244140625,58.2400016784668,72.80729675292969,23.049999237060547
2021-02-12,15163.2998046875,15243.5,15081.0,15186.2001953125,571800,1821.5999755859373,59.470001220703125,72.70950317382812,22.040000915527344
2021-02-15,15314.7001953125,15340.150390625,15243.400390625,15270.2998046875,456000,1821.5999755859373,59.470001220703125,72.59480285644531,22.040000915527344
2021-02-16,15313.4501953125,15431.75,15242.2001953125,15371.4501953125,648500,1797.199951171875,60.04999923706055,72.63870239257812,21.780000686645508
2021-02-17,15208.900390625,15314.2998046875,15170.75,15279.900390625,504800,1771.0999755859375,61.13999938964844,72.93499755859375,21.780000686645508
2021-02-18,15118.9501953125,15250.75,15078.0498046875,15238.7001953125,770600,1773.4000244140625,60.52000045776367,72.79730224609375,21.540000915527344
2021-02-19,14981.75,15144.0498046875,14898.2001953125,15074.7998046875,712200,1775.800048828125,59.2400016784668,72.60540008544922,22.25
2021-02-22,14675.7001953125,15010.099609375,14635.0498046875,14999.0498046875,609900,1806.699951171875,61.4900016784668,72.5530014038086,25.46999931335449
2021-02-23,14707.7998046875,14854.5,14651.849609375,14782.25,744100,1804.4000244140625,61.66999816894531,72.44400024414062,25.229999542236328
2021-02-24,14982.0,15008.7998046875,14504.5,14729.150390625,403800,1796.4000244140625,63.220001220703125,72.37699890136719,24.170000076293945
2021-02-25,15097.349609375,15176.5,15065.349609375,15079.849609375,803900,1774.4000244140625,63.52999877929688,72.4000015258789,22.88999938964844
2021-02-26,14529.150390625,14919.4501953125,14467.75,14888.599609375,1103600,1728.0999755859375,61.5,73.1509017944336,28.13999938964844
2021-03-01,14761.5498046875,14806.7998046875,14638.5498046875,14702.5,507300,1722.5,60.63999938964844,73.59590148925781,25.6299991607666
2021-03-02,14919.099609375,14959.099609375,14760.7998046875,14865.2998046875,621700,1733.0999755859375,59.75,73.30940246582031,23.61000061035156
2021-03-03,15245.599609375,15273.150390625,14995.7998046875,15064.400390625,544200,1715.300048828125,61.27999877929688,73.27749633789062,22.09000015258789
2021-03-04,15080.75,15202.349609375,14980.2001953125,15026.75,534900,1700.199951171875,63.83000183105469,72.88069915771484,24.149999618530277
2021-03-05,14938.099609375,15092.349609375,14862.099609375,14977.9501953125,640700,1698.0,66.08999633789062,73.13179779052734,25.559999465942383
2021-03-08,14956.2001953125,15111.150390625,14919.900390625,15002.4501953125,0,1677.699951171875,65.05000305175781,73.1333999633789,24.68000030517578
2021-03-09,15098.400390625,15126.849609375,14925.4501953125,15049.900390625,675300,1716.5999755859375,64.01000213623047,73.33000183105469,22.5
2021-03-10,15174.7998046875,15218.4501953125,15100.849609375,15202.150390625,404600,1721.5,64.44000244140625,72.7759017944336,20.75
2021-03-12,15030.9501953125,15336.2998046875,14953.599609375,15321.150390625,493200,1719.5,65.61000061035156,72.63899993896484,21.709999084472656
2021-03-15,14929.5,15048.400390625,14745.849609375,15048.400390625,467500,1728.9000244140625,65.38999938964844,72.68299865722656,21.229999542236328
2021-03-16,14910.4501953125,15051.599609375,14890.650390625,14996.099609375,100,1730.5999755859375,64.80000305175781,72.51529693603516,20.190000534057617
2021-03-17,14721.2998046875,14956.5498046875,14696.0498046875,14946.5498046875,100,1726.800048828125,64.5999984741211,72.5156021118164,20.15999984741211
2021-03-18,14557.849609375,14875.2001953125,14478.599609375,14855.5,542200,1732.199951171875,60.0,72.29560089111328,20.07999992370605
2021-03-19,14744.0,14788.25,14350.099609375,14471.150390625,919200,1741.4000244140625,61.41999816894531,72.6688003540039,19.989999771118164
2021-03-22,14736.400390625,14763.900390625,14597.849609375,14736.2998046875,459000,1737.800048828125,61.54999923706055,72.40499877929688,20.489999771118164
2021-03-23,14814.75,14878.599609375,14707.0,14768.5498046875,474200,1724.699951171875,57.7599983215332,72.38050079345703,20.670000076293945
2021-03-24,14549.400390625,14752.349609375,14535.0,14712.4501953125,456400,1732.9000244140625,61.18000030517578,72.61219787597656,22.459999084472656
2021-03-25,14324.900390625,14575.599609375,14264.400390625,14570.900390625,606800,1724.9000244140625,58.560001373291016,72.64559936523438,22.700000762939453
2021-03-26,14507.2998046875,14572.900390625,14414.25,14506.2998046875,481000,1732.199951171875,60.970001220703125,72.61280059814453,20.649999618530277
2021-03-30,14845.099609375,14876.2998046875,14617.599609375,14628.5,594500,1683.9000244140625,60.54999923706055,72.74189758300781,20.489999771118164
2021-03-31,14690.7001953125,14813.75,14670.25,14811.849609375,463900,1713.800048828125,59.15999984741211,73.44529724121094,20.649999618530277
2021-04-01,14867.349609375,14883.2001953125,14692.4501953125,14798.400390625,445000,1726.5,61.45000076293945,73.20349884033203,19.989999771118164
2021-04-05,14637.7998046875,14849.849609375,14459.5,14837.7001953125,509700,1727.0,58.650001525878906,73.3759994506836,21.21999931335449
2021-04-06,14683.5,14779.099609375,14573.900390625,14737.0,475300,1741.5,59.33000183105469,73.27950286865234,20.84000015258789
2021-04-07,14819.0498046875,14879.7998046875,14649.849609375,14716.4501953125,0,1740.0999755859375,59.77000045776367,73.48999786376953,20.25
2021-04-08,14873.7998046875,14984.150390625,14821.099609375,14875.650390625,514800,1756.800048828125,59.59999847412109,74.40149688720703,20.309999465942383
2021-04-09,14834.849609375,14918.4501953125,14785.650390625,14882.650390625,504100,1743.300048828125,59.31999969482422,74.54450225830078,19.790000915527344
2021-04-12,14310.7998046875,14652.5,14248.7001953125,14644.650390625,650200,1731.199951171875,59.70000076293945,74.72949981689453,23.0
2021-04-13,14504.7998046875,14528.900390625,14274.900390625,14364.900390625,605100,1746.199951171875,60.18000030517578,74.99099731445312,20.459999084472656
2021-04-15,14581.4501953125,14597.5498046875,14353.2001953125,14522.400390625,568000,1765.4000244140625,63.459999084472656,75.0261001586914,20.88999938964844
2021-04-16,14617.849609375,14697.7001953125,14559.0,14599.599609375,577200,1779.0,63.130001068115234,74.72740173339844,20.399999618530277
2021-04-19,14359.4501953125,14382.2998046875,14191.400390625,14306.599609375,512300,1769.4000244140625,63.380001068115234,74.56320190429688,22.489999771118164
2021-04-20,14296.400390625,14526.9501953125,14207.2998046875,14526.7001953125,467400,1777.300048828125,62.43999862670898,74.8781967163086,22.43000030517578
2021-04-22,14406.150390625,14424.75,14151.400390625,14219.150390625,524600,1781.199951171875,61.43000030517578,75.42949676513672,23.030000686645508
2021-04-23,14341.349609375,14461.150390625,14273.2998046875,14326.349609375,498100,1777.0,62.13999938964844,75.0916976928711,22.690000534057617
2021-04-26,14485.0,14557.5,14421.2998046875,14449.4501953125,452700,1779.199951171875,61.90999984741211,74.86810302734375,23.5
2021-04-27,14653.0498046875,14667.5498046875,14484.849609375,14493.7998046875,451800,1778.0,62.93999862670898,74.81490325927734,23.07999992370605
2021-04-28,14864.5498046875,14890.25,14694.9501953125,14710.5,457000,1773.199951171875,63.86000061035156,74.57499694824219,22.57999992370605
2021-04-29,14894.900390625,15044.349609375,14814.4501953125,14979.0,517500,1768.0999755859375,65.01000213623047,74.31179809570312,23.309999465942383
2021-04-30,14631.099609375,14855.4501953125,14601.7001953125,14747.349609375,613900,1767.300048828125,63.58000183105469,74.10579681396484,23.030000686645508
2021-05-03,14634.150390625,14673.849609375,14416.25,14481.0498046875,448900,1791.4000244140625,64.48999786376953,74.09480285644531,23.690000534057617
2021-05-04,14496.5,14723.400390625,14461.5,14687.25,503400,1775.800048828125,65.69000244140625,73.8375015258789,23.01000022888184
2021-05-05,14617.849609375,14637.900390625,14506.599609375,14604.150390625,455900,1784.0999755859375,65.62999725341797,73.77890014648438,23.01000022888184
2021-05-06,14724.7998046875,14743.900390625,14611.5,14668.349609375,467800,1815.5,64.70999908447266,73.79940032958984,22.040000915527344
2021-05-07,14823.150390625,14863.0498046875,14765.5,14816.849609375,488000,1831.0999755859373,64.9000015258789,73.61519622802734,20.81999969482422
2021-05-10,14942.349609375,14966.900390625,14892.5,14928.25,522000,1837.5,64.91999816894531,73.29029846191406,20.229999542236328
2021-05-11,14850.75,14900.0,14771.400390625,14789.7001953125,647400,1835.9000244140625,65.27999877929688,73.5,20.229999542236328
2021-05-12,14696.5,14824.0498046875,14649.7001953125,14823.5498046875,643800,1822.5999755859373,66.08000183105469,73.3750991821289,20.07999992370605
2021-05-14,14677.7998046875,14749.650390625,14591.900390625,14749.400390625,620700,1837.9000244140625,65.37000274658203,73.44490051269531,20.270000457763672
2021-05-17,14923.150390625,14938.0,14725.349609375,14756.25,546400,1867.5,66.2699966430664,73.27890014648438,19.61000061035156
2021-05-18,15108.099609375,15137.25,15043.7001953125,15067.2001953125,583900,1867.800048828125,65.48999786376953,73.26969909667969,19.239999771118164
2021-05-19,15030.150390625,15133.400390625,15008.849609375,15058.599609375,569100,1881.300048828125,63.36000061035156,73.1281967163086,19.31999969482422
2021-05-20,14906.0498046875,15069.7998046875,14884.900390625,15042.599609375,480300,1881.800048828125,62.04999923706055,73.222900390625,19.31999969482422
2021-05-21,15175.2998046875,15190.0,14985.849609375,14987.7998046875,572900,1876.699951171875,63.58000183105469,73.02189636230469,19.07999992370605
2021-05-24,15197.7001953125,15256.25,15145.4501953125,15211.349609375,579800,1884.5999755859373,66.05000305175781,72.90979766845703,19.1299991607666
2021-05-25,15208.4501953125,15293.849609375,15163.400390625,15291.75,441500,1898.0999755859373,66.06999969482422,72.83660125732422,19.1299991607666
2021-05-26,15301.4501953125,15319.900390625,15194.9501953125,15257.0498046875,384000,1901.300048828125,66.20999908447266,72.80490112304688,20.8700008392334
2021-05-27,15337.849609375,15384.5498046875,15272.5,15323.9501953125,0,1895.699951171875,66.8499984741211,72.67250061035156,19.90999984741211
2021-05-28,15435.650390625,15469.650390625,15394.75,15421.2001953125,468100,1902.5,66.31999969482422,72.68299865722656,17.399999618530273
2021-05-31,15582.7998046875,15606.349609375,15374.0,15437.75,436000,1902.5,66.31999969482422,72.39350128173828,17.399999618530273
2021-06-01,15574.849609375,15660.75,15528.2998046875,15629.650390625,409600,1902.9000244140625,67.72000122070312,72.48719787597656,17.389999389648438
2021-06-02,15576.2001953125,15597.4501953125,15459.849609375,15520.349609375,428600,1907.5,68.83000183105469,72.8550033569336,17.209999084472656
2021-06-03,15690.349609375,15705.099609375,15611.0,15655.5498046875,410200,1871.199951171875,68.80999755859375,72.96510314941406,15.75
2021-06-04,15670.25,15733.599609375,15622.349609375,15712.5,414200,1889.800048828125,69.62000274658203,73.04419708251953,15.9399995803833
2021-06-07,15751.650390625,15773.4501953125,15678.099609375,15725.099609375,394000,1896.800048828125,69.2300033569336,72.90969848632812,15.56999969482422
2021-06-08,15740.099609375,15778.7998046875,15680.0,15773.900390625,378200,1892.199951171875,70.05000305175781,72.80940246582031,15.229999542236328
2021-06-09,15635.349609375,15800.4501953125,15566.900390625,15766.2998046875,457900,1893.199951171875,69.95999908447266,72.97530364990234,14.75
2021-06-10,15737.75,15751.25,15648.5,15692.099609375,298300,1894.199951171875,70.29000091552734,72.98529815673828,15.0
2021-06-11,15799.349609375,15835.5498046875,15749.7998046875,15796.4501953125,363000,1877.4000244140625,70.91000366210938,73.01229858398438,14.100000381469728
2021-06-14,15811.849609375,15823.0498046875,15606.5,15791.400390625,392900,1864.0,70.87999725341797,73.23159790039062,14.720000267028809
2021-06-15,15869.25,15901.599609375,15842.400390625,15866.9501953125,323300,1854.5,72.12000274658203,73.18080139160156,14.609999656677246
2021-06-16,15767.5498046875,15880.849609375,15742.599609375,15847.5,340200,1859.5,72.1500015258789,73.3447036743164,14.869999885559082
2021-06-17,15691.400390625,15769.349609375,15616.75,15648.2998046875,357600,1773.800048828125,71.04000091552734,73.8240966796875,15.289999961853027
2021-06-18,15683.349609375,15761.5,15450.900390625,15756.5,640800,1767.9000244140625,71.63999938964844,74.25389862060547,14.800000190734863
2021-06-21,15746.5,15765.150390625,15505.650390625,15525.849609375,351500,1781.800048828125,73.66000366210938,74.1438980102539,15.0600004196167
2021-06-22,15772.75,15895.75,15752.099609375,15840.5,322200,1776.300048828125,73.05999755859375,74.13520050048828,14.739999771118164
2021-06-23,15686.9501953125,15862.9501953125,15673.9501953125,15862.7998046875,287500,1782.300048828125,73.08000183105469,74.33219909667969,15.369999885559082
2021-06-24,15790.4501953125,15821.400390625,15702.7001953125,15737.2998046875,316700,1775.5999755859375,73.30000305175781,74.24690246582031,15.100000381469728
2021-06-25,15860.349609375,15870.7998046875,15772.2998046875,15839.349609375,314600,1776.5999755859375,74.05000305175781,74.19029998779297,13.369999885559082
2021-06-28,15814.7001953125,15915.650390625,15792.150390625,15915.349609375,255100,1779.5999755859375,72.91000366210938,74.21299743652344,13.399999618530272
2021-06-29,15748.4501953125,15835.900390625,15724.0498046875,15807.5,360300,1762.800048828125,72.9800033569336,74.285400390625,13.0
2021-06-30,15721.5,15839.099609375,15708.75,15776.900390625,262400,1770.800048828125,73.47000122070312,74.28759765625,13.050000190734863
2021-07-01,15680.0,15755.5498046875,15667.0498046875,15755.0498046875,224900,1775.9000244140625,75.2300033569336,74.37100219726562,12.84000015258789
2021-07-02,15722.2001953125,15738.349609375,15635.9501953125,15705.849609375,254800,1782.5999755859375,75.16000366210938,74.54499816894531,12.09000015258789
2021-07-05,15834.349609375,15845.9501953125,15762.0498046875,15793.400390625,207000,1782.5999755859375,75.16000366210938,74.48179626464844,12.09000015258789
2021-07-06,15818.25,15914.2001953125,15801.0,15813.75,391400,1793.5,73.37000274658203,74.31780242919922,12.279999732971191
2021-07-07,15879.650390625,15893.5498046875,15779.7001953125,15819.599609375,329300,1801.5,72.19999694824219,74.76290130615234,12.210000038146973
2021-07-08,15727.900390625,15885.75,15682.900390625,15855.400390625,307900,1799.5999755859375,72.94000244140625,74.8218994140625,13.5600004196167
2021-07-09,15689.7998046875,15730.849609375,15632.75,15688.25,243200,1810.0,74.55999755859375,74.72139739990234,12.9399995803833
2021-07-12,15692.599609375,15789.2001953125,15644.75,15766.7998046875,216300,1805.5,74.0999984741211,74.4905014038086,12.989999771118164
2021-07-13,15812.349609375,15820.7998046875,15744.599609375,15794.0,246700,1809.4000244140625,75.25,74.54170227050781,12.619999885559082
2021-07-14,15853.9501953125,15877.349609375,15764.2001953125,15808.7001953125,0,1824.300048828125,73.12999725341797,74.65910339355469,12.59000015258789
2021-07-15,15924.2001953125,15952.349609375,15855.0,15872.150390625,284900,1828.4000244140625,71.6500015258789,74.46910095214844,12.270000457763672
2021-07-16,15923.400390625,15962.25,15882.599609375,15958.349609375,276300,1814.5,71.80999755859375,74.53700256347656,11.710000038146973
2021-07-19,15752.400390625,15836.900390625,15707.5,15754.5,242100,1808.699951171875,66.41999816894531,74.63179779052734,12.68000030517578
2021-07-20,15632.099609375,15728.4501953125,15578.5498046875,15703.9501953125,274300,1810.9000244140625,67.41999816894531,74.99340057373047,13.210000038146973
2021-07-22,15824.0498046875,15834.7998046875,15726.400390625,15736.599609375,265300,1805.0,71.91000366210938,74.44020080566406,11.890000343322754
2021-07-23,15856.0498046875,15899.7998046875,15768.400390625,15856.7998046875,294100,1801.4000244140625,72.06999969482422,74.4520034790039,11.760000228881836
2021-07-26,15824.4501953125,15893.349609375,15797.0,15849.2998046875,267100,1798.699951171875,71.91000366210938,74.44889831542969,12.449999809265137
2021-07-27,15746.4501953125,15881.5498046875,15701.0,15860.5,311000,1799.5,71.6500015258789,74.28949737548828,13.229999542236328
2021-07-28,15709.400390625,15767.5,15513.4501953125,15761.5498046875,318600,1799.5,72.38999938964844,74.5022964477539,13.6899995803833
2021-07-29,15778.4501953125,15817.349609375,15737.7998046875,15762.7001953125,401600,1831.199951171875,73.62000274658203,74.38999938964844,12.949999809265137
2021-07-30,15763.0498046875,15862.7998046875,15744.849609375,15800.599609375,400000,1812.5999755859373,73.94999694824219,74.25199890136719,12.800000190734863
2021-08-02,15885.150390625,15892.900390625,15834.650390625,15874.900390625,244800,1818.0999755859373,71.26000213623047,74.37909698486328,12.8100004196167
2021-08-03,16130.75,16146.900390625,15914.349609375,15951.5498046875,341300,1810.0999755859373,70.55999755859375,74.33200073242188,13.75
2021-08-04,16258.7998046875,16290.2001953125,16176.150390625,16195.25,427300,1810.5,68.1500015258789,74.21440124511719,13.210000038146973
2021-08-05,16294.599609375,16349.4501953125,16210.2998046875,16288.9501953125,418200,1805.0999755859373,69.08999633789062,74.18399810791016,12.869999885559082
2021-08-06,16238.2001953125,16336.75,16223.2998046875,16304.400390625,320100,1760.0,68.27999877929688,74.08200073242188,12.609999656677246
2021-08-09,16258.25,16320.75,16179.0498046875,16281.349609375,240500,1723.4000244140625,66.4800033569336,74.49140167236328,12.609999656677246
2021-08-10,16280.099609375,16359.25,16202.25,16274.7998046875,288000,1728.800048828125,68.29000091552734,74.46620178222656,12.710000038146973
2021-08-11,16282.25,16338.75,16162.5498046875,16327.2998046875,277900,1750.4000244140625,69.25,74.43550109863281,12.710000038146973
2021-08-12,16364.400390625,16375.5,16286.900390625,16303.650390625,280200,1749.0,69.08999633789062,74.10299682617188,12.369999885559082
2021-08-13,16529.099609375,16543.599609375,16376.2998046875,16385.69921875,321900,1775.199951171875,68.44000244140625,74.26010131835938,12.989999771118164
2021-08-16,16563.05078125,16589.400390625,16480.75,16518.400390625,254000,1786.9000244140625,67.29000091552734,74.216796875,13.460000038146973
2021-08-17,16614.599609375,16628.55078125,16495.400390625,16545.25,297400,1785.0,66.58999633789062,74.13500213623047,13.40999984741211
2021-08-18,16568.849609375,16701.849609375,16535.849609375,16691.94921875,251800,1781.5999755859375,65.45999908447266,74.364501953125,12.90999984741211
2021-08-20,16450.5,16509.55078125,16376.0498046875,16382.5,350800,1781.0,62.31999969482422,74.4292984008789,14.020000457763672
2021-08-23,16496.44921875,16592.5,16395.69921875,16592.25,275600,1803.199951171875,65.63999938964844,74.30149841308594,13.6899995803833
2021-08-24,16624.599609375,16647.099609375,16495.30078125,16561.400390625,275400,1805.5999755859373,67.54000091552734,74.10590362548828,13.1899995803833
2021-08-25,16634.650390625,16712.44921875,16617.5,16654.0,265900,1788.199951171875,68.36000061035156,74.1447982788086,13.5
2021-08-26,16636.900390625,16683.69921875,16603.400390625,16627.94921875,253500,1792.199951171875,67.41999816894531,74.0999984741211,13.539999961853027
2021-08-27,16705.19921875,16722.05078125,16565.599609375,16642.55078125,217400,1816.5999755859373,68.73999786376953,74.15599822998047,13.40999984741211
2021-08-30,16931.05078125,16951.5,16764.849609375,16775.849609375,283500,1809.0,69.20999908447266,73.49659729003906,13.31999969482422
2021-08-31,17132.19921875,17153.5,16915.849609375,16947.5,464400,1815.0,68.5,73.41120147705078,14.520000457763672
2021-09-01,17076.25,17225.75,17055.05078125,17185.599609375,301900,1813.0999755859373,68.58999633789062,72.99669647216797,14.1899995803833
2021-09-02,17234.150390625,17245.5,17059.69921875,17095.400390625,242400,1808.699951171875,69.98999786376953,72.98509979248047,14.239999771118164
2021-09-03,17323.599609375,17340.099609375,17212.19921875,17262.44921875,261400,1830.9000244140625,69.29000091552734,73.0542984008789,14.539999961853027
2021-09-06,17377.80078125,17429.55078125,17345.55078125,17399.349609375,228000,1830.9000244140625,69.29000091552734,72.99449920654297,15.109999656677246
2021-09-07,17362.099609375,17436.5,17287.0,17401.55078125,243400,1795.9000244140625,68.3499984741211,73.11000061035156,14.899999618530272
2021-09-08,17353.5,17383.400390625,17254.19921875,17375.75,252700,1790.699951171875,69.30000305175781,73.3904037475586,14.40999984741211
2021-09-09,17369.25,17379.650390625,17302.69921875,17312.849609375,241500,1797.4000244140625,68.13999938964844,73.78900146484375,13.9399995803833
2021-09-13,17355.30078125,17378.349609375,17269.150390625,17363.55078125,241100,1792.0,70.44999694824219,73.52429962158203,14.029999732971191
2021-09-14,17380.0,17438.55078125,17367.05078125,17420.349609375,230400,1804.699951171875,70.45999908447266,73.54080200195312,13.579999923706056
2021-09-15,17519.44921875,17532.69921875,17386.900390625,17387.650390625,388200,1792.4000244140625,72.61000061035156,73.65080261230469,13.729999542236328
2021-09-16,17629.5,17644.599609375,17510.44921875,17539.19921875,503300,1754.5999755859375,72.61000061035156,73.43800354003906,14.40999984741211
2021-09-17,17585.150390625,17792.94921875,17537.650390625,17709.650390625,508300,1749.4000244140625,71.97000122070312,73.56490325927734,15.229999542236328
2021-09-20,17396.900390625,17622.75,17361.80078125,17443.849609375,339100,1761.800048828125,70.29000091552734,73.69609832763672,17.489999771118164
2021-09-21,17562.0,17578.349609375,17326.099609375,17450.5,363600,1776.0,70.55999755859375,73.65899658203125,16.520000457763672
2021-09-22,17546.650390625,17610.44921875,17524.0,17580.900390625,295200,1776.699951171875,72.2300033569336,73.7927017211914,16.489999771118164
2021-09-23,17822.94921875,17843.900390625,17646.55078125,17670.849609375,320500,1747.699951171875,73.30000305175781,73.8749008178711,16.600000381469727
2021-09-24,17853.19921875,17947.650390625,17819.400390625,17897.44921875,360100,1749.699951171875,73.9800033569336,73.83999633789062,16.920000076293945
2021-09-27,17855.099609375,17943.5,17802.900390625,17932.19921875,295700,1750.0,75.44999694824219,73.81289672851562,18.049999237060547
2021-09-28,17748.599609375,17912.849609375,17576.099609375,17906.44921875,398000,1735.800048828125,75.29000091552734,73.82530212402344,18.540000915527344
2021-09-29,17711.30078125,17781.75,17608.150390625,17657.94921875,562200,1721.5,74.83000183105469,74.16329956054688,18.84000015258789
2021-09-30,17618.150390625,17742.150390625,17585.349609375,17718.900390625,378600,1755.300048828125,75.02999877929688,74.3219985961914,18.399999618530277
2021-10-01,17532.05078125,17557.150390625,17452.900390625,17531.900390625,305800,1757.0,75.87999725341797,74.25440216064453,17.209999084472656
2021-10-04,17691.25,17750.900390625,17581.349609375,17615.55078125,295800,1766.199951171875,77.62000274658203,74.152099609375,16.739999771118164
2021-10-05,17822.30078125,17833.44921875,17640.900390625,17661.349609375,427000,1759.5999755859375,78.93000030517578,74.57279968261719,16.399999618530273
2021-10-06,17646.0,17884.599609375,17613.150390625,17861.5,395800,1760.5,77.43000030517578,74.56320190429688,17.329999923706055
2021-10-07,17790.349609375,17857.55078125,17763.80078125,17810.55078125,419900,1757.9000244140625,78.30000305175781,74.76000213623047,16.15999984741211
2021-10-08,17895.19921875,17941.849609375,17840.349609375,17886.849609375,324100,1756.300048828125,79.3499984741211,74.83000183105469,15.649999618530272
2021-10-11,17945.94921875,18041.94921875,17839.099609375,17867.55078125,375800,1754.5999755859375,80.5199966430664,75.30580139160156,16.09000015258789
2021-10-12,17991.94921875,18008.650390625,17864.94921875,17915.80078125,355600,1758.300048828125,80.63999938964844,75.40260314941406,15.850000381469728
2021-10-13,18161.75,18197.80078125,18050.75,18097.849609375,506700,1793.699951171875,80.44000244140625,75.48390197753906,16.100000381469727
2021-10-14,18338.55078125,18350.75,18248.69921875,18272.849609375,538700,1796.699951171875,81.30999755859375,75.3062973022461,15.770000457763672
2021-10-18,18477.05078125,18543.150390625,18445.30078125,18500.099609375,469900,1764.800048828125,82.44000244140625,75.00589752197266,17.18000030517578
2021-10-19,18418.75,18604.44921875,18377.69921875,18602.349609375,368200,1769.699951171875,82.95999908447266,75.2354965209961,17.3799991607666
2021-10-20,18266.599609375,18458.30078125,18209.349609375,18439.900390625,371300,1784.0999755859375,83.87000274658203,75.12010192871094,18.309999465942383
2021-10-21,18178.099609375,18384.19921875,18048.0,18382.69921875,365900,1781.199951171875,82.5,74.80919647216797,18.040000915527344
2021-10-22,18114.900390625,18314.25,18034.349609375,18230.69921875,324700,1795.5,83.76000213623047,74.86540222167969,17.549999237060547
2021-10-25,18125.400390625,18241.400390625,17968.5,18229.5,418700,1806.0,83.76000213623047,74.99369812011719,17.610000610351562
2021-10-26,18268.400390625,18310.44921875,18099.30078125,18154.5,341400,1792.699951171875,84.6500015258789,75.08989715576172,16.75
2021-10-27,18210.94921875,18342.05078125,18167.900390625,18295.849609375,335200,1797.9000244140625,82.66000366210938,74.88890075683594,16.829999923706055
2021-10-28,17857.25,18190.69921875,17799.44921875,18187.650390625,374200,1801.5999755859373,82.80999755859375,75.05000305175781,17.90999984741211
2021-10-29,17671.650390625,17915.849609375,17613.099609375,17833.05078125,336500,1783.0,83.56999969482422,74.79720306396484,17.43000030517578
2021-11-01,17929.650390625,17954.099609375,17697.099609375,17783.150390625,281200,1795.0999755859375,84.05000305175781,74.92829895019531,17.239999771118164
2021-11-02,17888.94921875,18012.25,17847.599609375,17970.900390625,296400,1788.699951171875,83.91000366210938,74.82990264892578,17.059999465942383
2021-11-03,17829.19921875,17988.75,17757.94921875,17947.94921875,331000,1763.5999755859375,80.86000061035156,74.71199798583984,16.1299991607666
2021-11-04,17916.80078125,17947.55078125,17900.599609375,17935.05078125,48500,1793.0,78.80999755859375,74.43550109863281,15.75
2021-11-08,18068.55078125,18087.80078125,17836.099609375,18040.19921875,338900,1827.4000244140625,81.93000030517578,74.19110107421875,16.34000015258789
2021-11-09,18044.25,18112.599609375,17983.05078125,18084.349609375,270200,1830.199951171875,84.1500015258789,73.91850280761719,16.0
2021-11-10,18017.19921875,18061.25,17915.0,17973.44921875,261400,1847.5999755859373,81.33999633789062,74.17479705810547,16.309999465942383
2021-11-11,17873.599609375,17971.349609375,17798.19921875,17967.44921875,232100,1863.199951171875,81.58999633789062,74.40489959716797,16.350000381469727
2021-11-12,18102.75,18123.0,17905.900390625,17977.599609375,249100,1867.9000244140625,80.79000091552734,74.32209777832031,15.220000267028809
2021-11-15,18109.44921875,18210.150390625,18071.30078125,18140.94921875,280400,1866.0999755859373,80.87999725341797,74.33999633789062,15.470000267028809
2021-11-16,17999.19921875,18132.650390625,17958.80078125,18127.05078125,267400,1853.5999755859373,80.76000213623047,74.43509674072266,15.199999809265137
2021-11-17,17898.650390625,18022.650390625,17879.25,17939.349609375,295700,1869.699951171875,78.36000061035156,74.45860290527344,14.979999542236328
2021-11-18,17764.80078125,17945.599609375,17688.5,17890.55078125,278400,1861.0,79.01000213623047,74.25980377197266,14.859999656677246
2021-11-22,17416.55078125,17805.25,17280.44921875,17796.25,356400,1806.0,76.75,74.30259704589844,17.520000457763672
2021-11-23,17503.349609375,17553.69921875,17216.099609375,17281.75,308800,1783.5,78.5,74.42980194091797,18.020000457763672
2021-11-24,17415.05078125,17600.599609375,17354.0,17550.05078125,298100,1784.0999755859375,78.38999938964844,74.4469985961914,17.100000381469727
2021-11-25,17536.25,17564.349609375,17351.69921875,17417.30078125,255900,1784.0999755859375,78.38999938964844,74.625,16.65999984741211
2021-11-26,17026.44921875,17355.400390625,16985.69921875,17338.75,356300,1785.300048828125,68.1500015258789,74.50579833984375,20.799999237060547
2021-11-29,17053.94921875,17160.69921875,16782.400390625,17055.80078125,348900,1782.300048828125,69.94999694824219,74.98159790039062,20.82999992370605
2021-11-30,16983.19921875,17324.650390625,16931.400390625,17051.150390625,498000,1773.5999755859375,66.18000030517578,75.05490112304688,21.170000076293945
2021-12-01,17166.900390625,17213.05078125,17064.25,17104.400390625,295500,1781.5999755859375,65.56999969482422,75.0509033203125,19.450000762939453
2021-12-02,17401.650390625,17420.349609375,17149.30078125,17183.19921875,279900,1760.699951171875,66.5,75.01789855957031,18.09000015258789
2021-12-03,17196.69921875,17489.80078125,17180.80078125,17424.900390625,292500,1782.0,66.26000213623047,74.9834976196289,18.450000762939453
2021-12-06,16912.25,17216.75,16891.69921875,17209.05078125,231700,1777.5,69.48999786376953,75.23400115966797,20.07999992370605
2021-12-07,17176.69921875,17251.650390625,16987.75,17044.099609375,254100,1782.5999755859375,72.05000305175781,75.39129638671875,18.459999084472656
2021-12-08,17469.75,17484.599609375,17308.94921875,17315.25,257800,1783.4000244140625,72.36000061035156,75.40859985351562,17.270000457763672
2021-12-09,17516.849609375,17543.25,17379.599609375,17524.400390625,237200,1774.5999755859375,70.94000244140625,75.38330078125,16.600000381469727
2021-12-10,17511.30078125,17534.349609375,17405.25,17476.05078125,204500,1782.9000244140625,71.66999816894531,75.59919738769531,16.059999465942383
2021-12-13,17368.25,17639.5,17355.94921875,17619.099609375,256600,1786.300048828125,71.29000091552734,75.70999908447266,16.56999969482422
2021-12-14,17324.900390625,17376.19921875,17225.80078125,17283.19921875,271000,1770.4000244140625,70.7300033569336,75.82689666748047,16.950000762939453
2021-12-15,17221.400390625,17351.19921875,17192.19921875,17323.650390625,215000,1762.5999755859375,70.87000274658203,76.04720306396484,17.219999313354492
2021-12-16,17248.400390625,17379.349609375,17184.94921875,17373.0,219500,1796.5999755859375,72.37999725341797,76.2114028930664,15.899999618530272
2021-12-17,16985.19921875,17298.150390625,16966.44921875,17276.0,354600,1803.800048828125,70.86000061035156,76.1675033569336,16.34000015258789
2021-12-20,16614.19921875,16840.099609375,16410.19921875,16824.25,330600,1793.699951171875,68.2300033569336,76.00599670410156,18.96999931335449
2021-12-21,16770.849609375,16936.400390625,16688.25,16773.150390625,241000,1787.9000244140625,71.12000274658203,75.75869750976562,17.540000915527344
2021-12-22,16955.44921875,16971.0,16819.5,16865.55078125,207900,1801.5999755859373,72.76000213623047,75.6864013671875,16.579999923706055
2021-12-23,17072.599609375,17118.650390625,17015.55078125,17066.80078125,197000,1811.199951171875,73.79000091552734,75.45850372314453,15.829999923706056
2021-12-24,17003.75,17155.599609375,16909.599609375,17149.5,182600,1811.199951171875,73.79000091552734,75.06739807128906,16.149999618530273
2021-12-27,17086.25,17112.05078125,16833.19921875,16937.75,144800,1808.0999755859373,75.56999969482422,75.31500244140625,17.1200008392334
2021-12-28,17233.25,17250.25,17161.150390625,17177.599609375,176000,1810.199951171875,75.9800033569336,74.98030090332031,16.479999542236328
2021-12-29,17213.599609375,17285.94921875,17176.650390625,17220.099609375,161700,1805.0999755859373,76.55999755859375,74.74500274658203,16.239999771118164
2021-12-30,17203.94921875,17264.05078125,17146.349609375,17201.44921875,320800,1812.699951171875,76.98999786376953,74.57029724121094,16.56999969482422
2021-12-31,17354.05078125,17400.80078125,17238.5,17244.5,167000,1827.5,75.20999908447266,74.43119812011719,16.219999313354492
2022-01-03,17625.69921875,17646.650390625,17383.30078125,17387.150390625,200500,1799.4000244140625,76.08000183105469,74.51380157470703,16.450000762939453
2022-01-04,17805.25,17827.599609375,17593.55078125,17681.400390625,247400,1814.0,76.98999786376953,74.4032974243164,16.1200008392334
2022-01-05,17925.25,17944.69921875,17748.849609375,17820.099609375,251500,1824.5999755859373,77.8499984741211,74.53489685058594,17.229999542236328
2022-01-06,17745.900390625,17797.94921875,17655.55078125,17768.5,236500,1788.699951171875,79.45999908447266,74.43009948730469,17.979999542236328
2022-01-07,17812.69921875,17905.0,17704.55078125,17797.599609375,239300,1797.0,78.9000015258789,74.41929626464844,17.600000381469727
2022-01-10,18003.30078125,18017.44921875,17879.150390625,17913.30078125,232400,1798.4000244140625,78.2300033569336,74.2699966430664,17.68000030517578
2022-01-11,18055.75,18081.25,17964.400390625,17997.75,220200,1818.5999755859373,81.22000122070312,74.05699920654297,17.760000228881836
2022-01-12,18212.349609375,18227.94921875,18128.80078125,18170.400390625,245000,1827.199951171875,82.63999938964844,73.81529998779297,17.18000030517578
2022-01-13,18257.80078125,18272.25,18163.80078125,18257.0,303700,1821.199951171875,82.12000274658203,73.79910278320312,16.700000762939453
2022-01-14,18255.75,18286.94921875,18119.650390625,18185.0,229500,1816.5,83.81999969482422,73.97229766845703,16.559999465942383
2022-01-17,18308.099609375,18321.55078125,18228.75,18235.650390625,266700,1816.5,83.81999969482422,74.37899780273438,16.770000457763672
2022-01-18,18113.05078125,18350.94921875,18085.900390625,18337.19921875,227500,1812.300048828125,85.43000030517578,74.25509643554688,17.780000686645508
2022-01-19,17938.400390625,18129.19921875,17884.900390625,18129.19921875,276700,1843.0999755859373,86.95999908447266,74.61969757080078,17.81999969482422
2022-01-20,17757.0,17943.69921875,17648.44921875,17921.0,258100,1842.5,86.9000015258789,74.44920349121094,17.790000915527344
2022-01-21,17617.150390625,17707.599609375,17485.849609375,17613.69921875,277600,1831.800048828125,85.13999938964844,74.45220184326172,18.88999938964844
2022-01-24,17149.099609375,17599.400390625,16997.849609375,17575.150390625,323800,1841.699951171875,83.30999755859375,74.41320037841797,22.82999992370605
2022-01-25,17277.94921875,17309.150390625,16836.80078125,17001.55078125,326500,1852.699951171875,85.5999984741211,74.6447982788086,21.36000061035156
2022-01-27,17110.150390625,17182.5,16866.75,17062.0,395600,1793.300048828125,86.61000061035156,74.8949966430664,21.06999969482422
2022-01-28,17101.94921875,17373.5,17077.099609375,17208.30078125,355300,1784.9000244140625,86.81999969482422,75.20929718017578,20.700000762939453
2022-01-31,17339.849609375,17410.0,17264.150390625,17301.05078125,321700,1795.0,88.1500015258789,75.03900146484375,21.950000762939453
2022-02-01,17576.849609375,17622.400390625,17244.55078125,17529.44921875,386400,1800.300048828125,88.19999694824219,74.55580139160156,19.979999542236328
2022-02-02,17780.0,17794.599609375,17674.80078125,17706.19921875,271200,1809.199951171875,88.26000213623047,74.74549865722656,18.649999618530277
2022-02-03,17560.19921875,17781.150390625,17511.150390625,17767.75,226600,1803.0,90.2699966430664,74.82240295410156,19.15999984741211
2022-02-04,17516.30078125,17617.80078125,17462.55078125,17590.19921875,261400,1806.5999755859373,92.30999755859376,74.6438980102539,18.899999618530277
2022-02-07,17213.599609375,17536.75,17119.400390625,17456.30078125,265000,1820.5999755859373,91.31999969482422,74.64219665527344,20.440000534057617
2022-02-08,17266.75,17306.44921875,17043.650390625,17279.849609375,268500,1826.5999755859373,89.36000061035156,74.6583023071289,19.68000030517578
2022-02-09,17463.80078125,17477.150390625,17339.0,17370.099609375,236400,1835.199951171875,89.66000366210938,74.69519805908203,18.559999465942383
2022-02-10,17605.849609375,17639.44921875,17427.150390625,17554.099609375,273600,1836.199951171875,89.87999725341797,74.80889892578125,17.709999084472656
2022-02-11,17374.75,17454.75,17303.0,17451.0,253100,1840.800048828125,93.0999984741211,75.53839874267578,18.68000030517578
2022-02-14,16842.80078125,17099.5,16809.650390625,17076.150390625,305500,1868.0,95.45999908447266,75.34100341796875,22.979999542236328
2022-02-15,17352.44921875,17375.0,16839.25,16933.25,298700,1854.800048828125,92.06999969482422,75.6854019165039,20.61000061035156
2022-02-16,17322.19921875,17490.599609375,17257.69921875,17408.44921875,244500,1870.199951171875,93.66000366210938,75.17479705810547,20.59000015258789
2022-02-17,17304.599609375,17442.900390625,17235.849609375,17396.55078125,232100,1900.699951171875,91.76000213623048,75.04199981689453,22.01000022888184
2022-02-18,17276.30078125,17380.80078125,17219.19921875,17236.05078125,189600,1898.5999755859373,91.06999969482422,75.06300354003906,22.170000076293945
2022-02-21,17206.650390625,17351.05078125,17070.69921875,17192.25,215200,1898.5999755859373,91.06999969482422,74.68240356445312,22.899999618530277
2022-02-22,17092.19921875,17148.55078125,16843.80078125,16847.94921875,300100,1906.0999755859373,92.3499984741211,74.51699829101562,26.65999984741211
2022-02-23,17063.25,17220.69921875,17027.849609375,17194.5,200200,1909.199951171875,92.0999984741211,74.62300109863281,24.540000915527344
2022-02-24,16247.9501953125,16705.25,16203.25,16548.900390625,458000,1925.0999755859373,92.80999755859376,74.63300323486328,31.979999542236328
2022-02-25,16658.400390625,16748.80078125,16478.30078125,16515.650390625,329800,1886.5,91.58999633789062,75.4083023071289,26.739999771118164
2022-02-28,16793.900390625,16815.900390625,16356.2998046875,16481.599609375,404200,1899.4000244140625,95.72000122070312,75.06800079345703,28.56999969482422
2022-03-02,16605.94921875,16678.5,16478.650390625,16593.099609375,517700,1920.9000244140625,110.5999984741211,75.80120086669922,29.229999542236328
2022-03-03,16498.05078125,16768.94921875,16442.94921875,16723.19921875,442100,1934.4000244140625,107.66999816894533,75.63099670410156,28.15999984741211
2022-03-04,16245.349609375,16456.0,16133.7998046875,16339.4501953125,456100,1965.0999755859373,115.68000030517578,75.8917007446289,27.959999084472656
2022-03-07,15863.150390625,15944.599609375,15711.4501953125,15867.9501953125,585400,1993.9000244140625,119.4000015258789,76.41799926757812,29.32999992370605
2022-03-08,16013.4501953125,16028.75,15671.4501953125,15747.75,543600,2040.0999755859373,123.6999969482422,77.08080291748047,28.59000015258789
2022-03-09,16345.349609375,16418.05078125,15990.0,16078.0,462200,1985.9000244140625,108.6999969482422,76.91449737548828,27.46999931335449
2022-03-10,16594.900390625,16757.30078125,16447.900390625,16757.099609375,486400,1998.0999755859373,106.0199966430664,76.13490295410156,25.57999992370605
2022-03-11,16630.44921875,16694.400390625,16470.900390625,16528.80078125,343700,1982.699951171875,109.33000183105467,76.310302734375,25.350000381469727
2022-03-14,16871.30078125,16887.94921875,16606.5,16633.69921875,314700,1959.5999755859373,103.01000213623048,76.75370025634766,25.68000030517578
2022-03-15,16663.0,16927.75,16555.0,16900.650390625,381600,1928.5,96.44000244140624,76.49009704589844,26.729999542236328
2022-03-16,16975.349609375,16987.900390625,16837.849609375,16876.650390625,260000,1908.0,95.04000091552734,76.26589965820312,24.1200008392334
2022-03-17,17287.05078125,17344.599609375,17175.75,17202.900390625,448300,1942.0999755859373,102.9800033569336,76.02420043945312,22.61000061035156
2022-03-21,17117.599609375,17353.349609375,17096.400390625,17329.5,285500,1928.5999755859373,112.12000274658205,75.94640350341797,24.6200008392334
2022-03-22,17315.5,17334.400390625,17006.30078125,17120.400390625,338300,1920.699951171875,111.76000213623048,76.30709838867188,24.06999969482422
2022-03-23,17245.650390625,17442.400390625,17199.599609375,17405.05078125,292100,1936.5999755859373,114.93000030517578,76.10189819335938,24.75
2022-03-24,17222.75,17291.75,17091.150390625,17094.94921875,290300,1961.5999755859373,112.33999633789062,76.55239868164062,23.93000030517578
2022-03-25,17153.0,17294.900390625,17076.55078125,17289.0,237100,1953.800048828125,113.9000015258789,76.32350158691406,23.43000030517578
2022-03-28,17222.0,17235.099609375,17003.900390625,17181.849609375,253200,1939.5999755859373,105.95999908447266,76.27850341796875,22.61000061035156
2022-03-29,17325.30078125,17343.650390625,17235.69921875,17297.19921875,235100,1912.0,104.23999786376952,76.03410339355469,21.299999237060547
2022-03-30,17498.25,17522.5,17387.19921875,17468.150390625,505000,1933.5,107.81999969482422,75.66670227050781,20.61000061035156
2022-03-31,17464.75,17559.80078125,17435.19921875,17519.19921875,281100,1949.199951171875,100.27999877929688,75.82779693603516,20.559999465942383
2022-04-01,17670.44921875,17703.69921875,17422.69921875,17436.900390625,291800,1919.0999755859373,99.2699966430664,75.9092025756836,18.43000030517578
2022-04-04,18053.400390625,18114.650390625,17791.400390625,17809.099609375,345500,1929.199951171875,103.27999877929688,75.99479675292969,17.90999984741211
2022-04-05,17957.400390625,18095.44921875,17921.55078125,18080.599609375,283500,1922.9000244140625,101.95999908447266,75.47799682617188,18.489999771118164
2022-04-06,17807.650390625,17901.0,17779.849609375,17842.75,328800,1918.4000244140625,96.2300033569336,75.45069885253906,19.020000457763672
2022-04-07,17639.55078125,17787.5,17623.69921875,17723.30078125,308800,1933.800048828125,96.02999877929688,75.94509887695312,19.0
2022-04-08,17784.349609375,17842.75,17600.55078125,17698.150390625,274400,1941.5999755859373,98.26000213623048,75.91320037841797,17.690000534057617
2022-04-11,17674.94921875,17779.05078125,17650.94921875,17740.900390625,251700,1944.300048828125,94.29000091552734,75.91729736328125,18.270000457763672
2022-04-12,17530.30078125,17595.30078125,17442.349609375,17584.849609375,266000,1972.0999755859373,100.5999984741211,75.83699798583984,18.15999984741211
2022-04-13,17475.650390625,17663.650390625,17457.400390625,17599.900390625,245100,1981.0,104.25,76.1498031616211,17.790000915527344
2022-04-18,17173.650390625,17237.75,17067.849609375,17183.44921875,376100,1982.9000244140625,108.20999908447266,76.3313980102539,19.34000015258789
2022-04-19,16958.650390625,17275.650390625,16824.69921875,17258.94921875,401400,1955.699951171875,102.55999755859376,76.28019714355469,19.770000457763672
2022-04-20,17136.55078125,17186.900390625,16978.94921875,17045.25,286100,1952.300048828125,102.75,76.44539642333984,18.670000076293945
2022-04-21,17392.599609375,17414.69921875,17215.5,17234.599609375,285200,1944.9000244140625,103.79000091552734,76.27619934082031,17.850000381469727
2022-04-22,17171.94921875,17315.30078125,17149.19921875,17242.75,262700,1931.0,102.06999969482422,76.28520202636719,18.350000381469727
2022-04-25,16953.94921875,17054.30078125,16888.69921875,17009.05078125,275700,1893.199951171875,98.54000091552734,76.4635009765625,21.26000022888184
2022-04-26,17200.80078125,17223.849609375,17064.44921875,17121.30078125,261100,1901.4000244140625,101.6999969482422,76.52780151367188,19.190000534057617
2022-04-27,17038.400390625,17110.69921875,16958.44921875,17073.349609375,265100,1885.9000244140625,102.0199966430664,76.79409790039062,20.61000061035156
2022-04-28,17245.05078125,17322.5,17071.05078125,17189.5,312900,1888.699951171875,105.36000061035156,76.47219848632812,19.3799991607666
2022-04-29,17102.55078125,17377.650390625,17053.25,17329.25,336200,1909.300048828125,104.69000244140624,76.58899688720703,19.420000076293945
2022-05-02,17069.099609375,17092.25,16917.25,16924.44921875,278200,1861.800048828125,105.16999816894533,76.52310180664062,20.280000686645508
2022-05-04,16677.599609375,17132.849609375,16623.94921875,17096.599609375,310600,1867.0,107.80999755859376,76.46730041503906,21.8799991607666
2022-05-05,16682.650390625,16945.69921875,16651.849609375,16854.75,265800,1874.0,108.26000213623048,76.00160217285156,20.290000915527344
2022-05-06,16411.25,16484.19921875,16340.900390625,16415.55078125,300500,1881.199951171875,109.7699966430664,76.54180145263672,21.25
2022-05-09,16301.849609375,16403.69921875,16142.099609375,16227.7001953125,288400,1857.0999755859373,103.08999633789062,76.9574966430664,22.030000686645508
2022-05-10,16240.0498046875,16404.55078125,16197.2998046875,16248.900390625,283100,1839.9000244140625,99.76000213623048,77.3655014038086,22.299999237060547
2022-05-11,16167.099609375,16318.75,15992.599609375,16270.0498046875,284300,1852.5999755859373,105.70999908447266,77.27140045166016,22.799999237060547
2022-05-12,15808.0,16041.9501953125,15735.75,16021.099609375,314900,1823.800048828125,106.12999725341795,77.41840362548828,24.270000457763672
2022-05-13,15782.150390625,16083.599609375,15740.849609375,15977.0,369100,1807.4000244140625,110.48999786376952,77.44380187988281,23.489999771118164
2022-05-16,15842.2998046875,15977.9501953125,15739.650390625,15845.099609375,217600,1813.5,114.1999969482422,77.48629760742188,24.530000686645508
2022-05-17,16259.2998046875,16284.25,15900.7998046875,15912.599609375,295700,1818.199951171875,112.4000015258789,77.8053970336914,22.739999771118164
2022-05-18,16240.2998046875,16399.80078125,16211.2001953125,16318.150390625,290400,1815.9000244140625,109.58999633789062,77.37239837646484,22.299999237060547
2022-05-19,15809.400390625,15984.75,15775.2001953125,15917.400390625,313900,1841.199951171875,112.20999908447266,77.81999969482422,24.559999465942383
2022-05-20,16266.150390625,16283.0498046875,16003.849609375,16043.7998046875,252400,1841.800048828125,113.2300033569336,77.42109680175781,23.100000381469727
2022-05-23,16214.7001953125,16414.69921875,16185.75,16290.9501953125,293800,1847.800048828125,110.29000091552734,77.81839752197266,23.399999618530277
2022-05-24,16125.150390625,16262.7998046875,16078.599609375,16225.5498046875,249800,1865.0999755859373,109.7699966430664,77.52680206298828,25.63999938964844
2022-05-25,16025.7998046875,16223.349609375,16006.9501953125,16196.349609375,243300,1846.199951171875,110.33000183105467,77.47879791259766,25.280000686645508
2022-05-26,16170.150390625,16204.4501953125,15903.7001953125,16105.0,314300,1847.4000244140625,114.08999633789062,77.49729919433594,22.71999931335449
2022-05-27,16352.4501953125,16370.599609375,16221.9501953125,16296.599609375,274100,1851.300048828125,115.06999969482422,77.63020324707031,21.479999542236328
2022-05-30,16661.400390625,16695.5,16506.150390625,16527.900390625,251400,1851.300048828125,115.06999969482422,77.69200134277344,19.979999542236328
2022-05-31,16584.55078125,16690.75,16521.900390625,16578.44921875,651600,1842.699951171875,114.66999816894533,77.5208969116211,20.479999542236328
2022-06-01,16522.75,16649.19921875,16438.849609375,16594.400390625,249600,1843.300048828125,115.26000213623048,77.5989990234375,20.850000381469727
2022-06-02,16628.0,16646.400390625,16443.05078125,16481.650390625,236000,1866.5,116.87000274658205,77.58409881591797,20.31999969482422
2022-06-03,16584.30078125,16793.849609375,16567.900390625,16761.650390625,245500,1845.4000244140625,118.87000274658205,77.3604965209961,19.979999542236328
2022-06-06,16569.55078125,16610.94921875,16444.55078125,16530.69921875,233600,1839.199951171875,118.5,77.69419860839844,20.200000762939453
2022-06-07,16416.349609375,16487.25,16347.099609375,16469.599609375,233800,1847.5,119.41000366210938,77.82099914550781,20.43000030517578
2022-06-08,16356.25,16514.30078125,16293.349609375,16474.94921875,243500,1851.9000244140625,122.11000061035156,77.67060089111328,19.84000015258789
2022-06-09,16478.099609375,16492.80078125,16243.849609375,16263.849609375,205000,1848.800048828125,121.51000213623048,77.72429656982422,19.13999938964844
2022-06-10,16201.7998046875,16324.7001953125,16172.599609375,16283.9501953125,189700,1871.5,120.66999816894533,77.8187026977539,19.57999992370605
2022-06-13,15774.400390625,15886.150390625,15684.0,15877.5498046875,225500,1828.0,120.93000030517578,78.17759704589844,22.3700008392334
2022-06-14,15732.099609375,15858.0,15659.4501953125,15674.25,225400,1809.5,118.93000030517578,78.16059875488281,21.88999938964844
2022-06-15,15692.150390625,15783.650390625,15678.900390625,15729.25,183000,1815.300048828125,115.30999755859376,77.9854965209961,22.149999618530277
2022-06-16,15360.599609375,15863.150390625,15335.099609375,15832.25,264700,1845.699951171875,117.58999633789062,77.90019989013672,22.8700008392334
2022-06-17,15293.5,15400.400390625,15183.400390625,15272.650390625,342600,1835.5999755859373,109.55999755859376,77.97769927978516,22.76000022888184
2022-06-20,15350.150390625,15382.5,15191.099609375,15334.5,260000,1835.5999755859373,109.55999755859376,77.9614028930664,22.40999984741211
2022-06-21,15638.7998046875,15707.25,15419.849609375,15455.9501953125,262800,1834.5999755859373,110.6500015258789,77.93399810791016,21.13999938964844
2022-06-22,15413.2998046875,15565.400390625,15385.9501953125,15545.650390625,220900,1834.300048828125,106.19000244140624,78.13490295410156,21.299999237060547
2022-06-23,15556.650390625,15628.4501953125,15367.5,15451.5498046875,259200,1825.699951171875,104.2699966430664,78.19309997558594,20.8799991607666
2022-06-24,15699.25,15749.25,15619.4501953125,15657.400390625,219600,1826.5,107.62000274658205,78.14240264892578,20.549999237060547
2022-06-27,15832.0498046875,15927.4501953125,15815.5,15926.2001953125,210900,1820.9000244140625,109.56999969482422,78.2522964477539,21.01000022888184
2022-06-28,15850.2001953125,15892.099609375,15710.150390625,15757.4501953125,251900,1817.5,111.76000213623048,78.44110107421875,21.450000762939453
2022-06-29,15799.099609375,15861.599609375,15687.7998046875,15701.7001953125,444900,1813.699951171875,109.77999877929688,79.07319641113281,21.899999618530277
2022-06-30,15780.25,15890.0,15728.849609375,15774.5,306000,1804.0999755859373,105.76000213623048,78.89830017089844,21.84000015258789
2022-07-01,15752.0498046875,15793.9501953125,15511.0498046875,15703.7001953125,364100,1798.9000244140625,108.43000030517578,78.96299743652344,21.25
2022-07-04,15835.349609375,15852.349609375,15661.7998046875,15710.5,304300,1798.9000244140625,108.43000030517578,78.95069885253906,20.96999931335449
2022-07-05,15810.849609375,16025.75,15785.4501953125,15909.150390625,254200,1761.800048828125,99.5,78.93949890136719,20.790000915527344
2022-07-06,15989.7998046875,16011.349609375,15800.900390625,15818.2001953125,288400,1734.9000244140625,98.52999877929688,79.36840057373047,20.270000457763672
2022-07-07,16132.900390625,16150.5,16045.9501953125,16113.75,264600,1737.9000244140625,102.7300033569336,79.04389953613281,19.200000762939453
2022-07-08,16220.599609375,16275.5,16157.900390625,16273.650390625,281100,1740.5999755859375,104.79000091552734,79.22160339355469,18.399999618530277
2022-07-11,16216.0,16248.5498046875,16115.5,16136.150390625,255900,1730.0,104.08999633789062,79.3313980102539,18.3700008392334
2022-07-12,16058.2998046875,16158.75,16031.150390625,16126.2001953125,208600,1723.300048828125,95.83999633789062,79.47779846191406,18.549999237060547
2022-07-13,15966.650390625,16140.0,15950.150390625,16128.2001953125,233300,1734.199951171875,96.3000030517578,79.47640228271484,18.520000457763672
2022-07-14,15938.650390625,16070.849609375,15858.2001953125,16018.849609375,228600,1704.5,95.77999877929688,79.80750274658203,18.34000015258789
2022-07-15,16049.2001953125,16066.9501953125,15927.2998046875,16010.7998046875,205800,1702.4000244140625,97.58999633789062,79.87830352783203,17.600000381469727
2022-07-18,16278.5,16287.9501953125,16142.2001953125,16151.400390625,227700,1709.199951171875,102.5999984741211,79.72049713134766,17.15999984741211
2022-07-19,16340.5498046875,16359.5,16187.0498046875,16187.0498046875,222600,1710.0,104.22000122070312,80.0302963256836,17.200000762939453
2022-07-20,16520.849609375,16588.0,16490.94921875,16562.80078125,284400,1699.5,102.26000213623048,79.85590362548828,16.81999969482422
2022-07-21,16605.25,16626.94921875,16483.900390625,16523.55078125,243600,1712.699951171875,96.3499984741211,80.00340270996094,16.860000610351562
2022-07-22,16719.44921875,16752.25,16610.900390625,16661.25,190900,1727.0999755859375,94.6999969482422,79.7759017944336,16.649999618530273
2022-07-25,16631.0,16706.05078125,16564.25,16662.55078125,211400,1719.0,96.6999969482422,79.87680053710938,17.68000030517578
2022-07-26,16483.849609375,16636.099609375,16463.30078125,16632.900390625,208200,1717.699951171875,94.9800033569336,79.72250366210938,18.170000076293945
2022-07-27,16641.80078125,16653.44921875,16438.75,16475.349609375,185200,1719.0999755859375,97.26000213623048,79.84120178222656,18.1299991607666
2022-07-28,16929.599609375,16947.650390625,16746.25,16774.849609375,376300,1750.300048828125,96.41999816894533,79.84739685058594,17.010000228881836
2022-07-29,17158.25,17172.80078125,17018.150390625,17079.5,436100,1762.9000244140625,98.62000274658205,79.57150268554688,16.549999237060547
2022-08-01,17340.05078125,17356.25,17154.80078125,17243.19921875,381500,1769.0,93.88999938964844,79.1948013305664,17.489999771118164
2022-08-02,17345.44921875,17390.150390625,17215.849609375,17310.150390625,333600,1771.0999755859375,94.41999816894533,78.95570373535156,18.530000686645508
2022-08-03,17388.150390625,17407.5,17225.849609375,17349.25,285400,1758.0,90.66000366210938,78.60449981689453,18.450000762939453
2022-08-04,17382.0,17490.69921875,17161.25,17463.099609375,325000,1788.5,88.54000091552734,79.11830139160156,19.26000022888184
2022-08-05,17397.5,17474.400390625,17348.75,17423.650390625,355300,1772.9000244140625,89.01000213623047,79.15489959716797,18.920000076293945
2022-08-08,17525.099609375,17548.80078125,17359.75,17401.5,257000,1786.800048828125,90.76000213623048,79.41059875488281,19.299999237060547
2022-08-10,17534.75,17566.099609375,17442.80078125,17566.099609375,312700,1795.5999755859375,91.93000030517578,79.57839965820312,19.59000015258789
2022-08-11,17659.0,17719.30078125,17631.94921875,17711.650390625,311200,1789.699951171875,94.33999633789062,79.0978012084961,18.36000061035156
2022-08-12,17698.150390625,17724.650390625,17597.849609375,17659.650390625,303900,1798.5999755859375,92.08999633789062,79.61399841308594,17.610000610351562
2022-08-16,17825.25,17839.099609375,17764.05078125,17797.19921875,0,1773.199951171875,86.52999877929688,79.55290222167969,17.68000030517578
2022-08-17,17944.25,17965.94921875,17833.349609375,17868.150390625,262800,1760.300048828125,88.11000061035156,79.14600372314453,17.68000030517578
2022-08-18,17956.5,17968.44921875,17852.05078125,17898.650390625,263900,1755.300048828125,90.5,79.35970306396484,17.350000381469727
2022-08-19,17758.44921875,17992.19921875,17710.75,17966.55078125,295600,1747.5999755859375,90.7699966430664,79.7667007446289,18.290000915527344
2022-08-22,17490.69921875,17690.05078125,17467.349609375,17682.900390625,287600,1734.0,90.2300033569336,79.91790008544922,19.040000915527344
2022-08-23,17577.5,17625.55078125,17345.19921875,17357.349609375,285600,1746.800048828125,93.73999786376952,79.88379669189453,19.049999237060547
2022-08-24,17604.94921875,17623.650390625,17499.25,17525.44921875,262000,1747.800048828125,94.88999938964844,79.85449981689453,18.43000030517578
2022-08-25,17522.44921875,17726.5,17487.44921875,17679.0,230200,1757.699951171875,92.5199966430664,79.79679870605469,19.56999969482422
2022-08-26,17558.900390625,17685.849609375,17519.349609375,17619.30078125,266600,1736.0999755859375,93.05999755859376,79.88289642333984,18.21999931335449
2022-08-29,17312.900390625,17380.150390625,17166.19921875,17188.650390625,244900,1736.5999755859375,97.01000213623048,79.95909881591797,19.81999969482422
2022-08-30,17759.30078125,17777.650390625,17401.5,17414.94921875,324700,1723.199951171875,91.63999938964844,79.96790313720703,18.700000762939453
2022-09-01,17542.80078125,17695.599609375,17468.44921875,17485.69921875,308500,1696.5999755859375,86.61000061035156,79.54879760742188,19.8700008392334
2022-09-02,17539.44921875,17643.849609375,17476.44921875,17598.400390625,256300,1709.800048828125,86.87000274658203,79.716796875,19.549999237060547
2022-09-05,17665.80078125,17683.150390625,17540.349609375,17546.44921875,230300,1709.800048828125,86.87000274658203,79.72450256347656,19.65999984741211
2022-09-06,17655.599609375,17764.650390625,17587.650390625,17695.69921875,251200,1700.4000244140625,86.87999725341797,79.78299713134766,19.520000457763672
2022-09-07,17624.400390625,17650.75,17484.30078125,17519.400390625,354100,1715.300048828125,81.94000244140625,79.89510345458984,19.3700008392334
2022-09-08,17798.75,17807.650390625,17691.94921875,17748.150390625,279800,1708.0,83.54000091552734,79.6498031616211,18.309999465942383
2022-09-09,17833.349609375,17925.94921875,17786.0,17923.349609375,270300,1716.199951171875,86.79000091552734,79.706298828125,17.719999313354492
2022-09-12,17936.349609375,17980.55078125,17889.150390625,17890.849609375,228200,1728.0999755859375,87.77999877929688,79.65579986572266,17.940000534057617
2022-09-13,18070.05078125,18088.30078125,18015.44921875,18044.44921875,259900,1705.0,87.30999755859375,79.35530090332031,17.469999313354492
2022-09-14,18003.75,18091.55078125,17771.150390625,17771.150390625,365900,1696.5,88.4800033569336,79.60240173339844,18.280000686645508
2022-09-15,17877.400390625,18096.150390625,17861.5,18046.349609375,289600,1665.4000244140625,85.0999984741211,79.45369720458984,18.38999938964844
2022-09-16,17530.849609375,17820.05078125,17497.25,17796.80078125,468500,1671.699951171875,85.11000061035156,79.8490982055664,19.81999969482422
2022-09-19,17622.25,17667.19921875,17429.69921875,17540.650390625,258300,1666.199951171875,85.7300033569336,79.68949890136719,19.940000534057617
2022-09-20,17816.25,17919.30078125,17744.400390625,17770.400390625,263100,1659.699951171875,84.44999694824219,79.7074966430664,18.799999237060547
2022-09-21,17718.349609375,17838.69921875,17663.599609375,17766.349609375,245500,1664.5999755859375,82.94000244140625,79.76270294189453,19.32999992370605
2022-09-22,17629.80078125,17722.75,17532.44921875,17609.650390625,284100,1670.800048828125,83.48999786376953,80.05069732666016,18.81999969482422
2022-09-23,17327.349609375,17642.150390625,17291.650390625,17593.849609375,390800,1645.300048828125,78.73999786376953,81.06220245361328,20.59000015258789
2022-09-26,17016.30078125,17196.400390625,16978.30078125,17156.30078125,492000,1623.300048828125,76.70999908447266,81.25479888916016,21.88999938964844
2022-09-27,17007.400390625,17176.44921875,16942.349609375,17110.900390625,359900,1626.699951171875,78.5,81.61579895019531,21.56999969482422
2022-09-28,16858.599609375,17037.599609375,16820.400390625,16870.55078125,323900,1660.4000244140625,82.1500015258789,81.72460174560547,22.100000381469727
2022-09-29,16818.099609375,17026.05078125,16788.599609375,16993.599609375,340000,1658.5,81.2300033569336,81.42870330810547,21.299999237060547
2022-09-30,17094.349609375,17187.099609375,16747.69921875,16798.05078125,376100,1662.4000244140625,79.48999786376953,81.48059844970703,19.96999931335449
2022-10-03,16887.349609375,17114.650390625,16855.55078125,17102.099609375,278400,1692.9000244140625,83.62999725341797,81.52130126953125,21.3700008392334
2022-10-04,17274.30078125,17287.30078125,17117.30078125,17147.44921875,226000,1721.0999755859375,86.5199966430664,81.49500274658203,19.56999969482422
2022-10-06,17331.80078125,17428.80078125,17315.650390625,17379.25,265500,1711.699951171875,88.44999694824219,81.6488037109375,19.31999969482422
2022-10-07,17314.650390625,17337.349609375,17216.94921875,17287.19921875,216300,1700.5,92.63999938964844,82.3489990234375,18.809999465942383
2022-10-10,17241.0,17280.150390625,17064.69921875,17094.349609375,234000,1667.300048828125,91.12999725341795,82.8322982788086,19.6200008392334
2022-10-11,16983.55078125,17261.80078125,16950.30078125,17256.05078125,282600,1678.699951171875,89.3499984741211,82.42070007324219,20.489999771118164
2022-10-12,17123.599609375,17142.349609375,16960.05078125,17025.55078125,256000,1670.300048828125,87.2699966430664,82.2739028930664,20.18000030517578
2022-10-13,17014.349609375,17112.349609375,16956.94921875,17087.349609375,266400,1670.0,89.11000061035156,82.19999694824219,20.290000915527344
2022-10-14,17185.69921875,17348.55078125,17169.75,17322.30078125,227000,1641.699951171875,85.61000061035156,82.19210052490234,18.26000022888184
2022-10-17,17311.80078125,17328.55078125,17098.55078125,17144.80078125,212200,1657.0,85.45999908447266,82.41280364990234,18.420000076293945
2022-10-18,17486.94921875,17527.80078125,17434.05078125,17438.75,239500,1649.0,82.81999969482422,82.1947021484375,17.450000762939453
2022-10-19,17512.25,17607.599609375,17472.849609375,17568.150390625,210500,1627.5,85.55000305175781,82.2863998413086,17.489999771118164
2022-10-20,17563.94921875,17584.150390625,17421.0,17423.099609375,249600,1630.800048828125,85.9800033569336,82.99700164794922,17.229999542236328
2022-10-21,17576.30078125,17670.150390625,17520.75,17622.849609375,277700,1651.0,85.05000305175781,82.82569885253906,17.280000686645508
2022-10-24,17730.75,17777.55078125,17707.400390625,17736.349609375,45000,1648.699951171875,84.58000183105469,82.54129791259766,17.420000076293945
2022-10-25,17656.349609375,17811.5,17637.0,17808.30078125,251400,1652.800048828125,85.31999969482422,82.7614974975586,16.8799991607666
2022-10-27,17736.94921875,17783.900390625,17654.5,17771.400390625,324600,1660.699951171875,89.08000183105469,82.04959869384766,16.600000381469727
2022-10-28,17786.80078125,17838.900390625,17723.69921875,17756.400390625,250000,1639.5999755859375,87.9000015258789,82.44249725341797,15.920000076293944
2022-10-31,18012.19921875,18022.80078125,17899.900390625,17910.19921875,227200,1635.9000244140625,86.52999877929688,82.23919677734375,15.800000190734863
2022-11-01,18145.400390625,18175.80078125,18060.150390625,18130.69921875,349900,1645.0,88.37000274658203,82.72899627685547,16.1299991607666
2022-11-02,18082.849609375,18178.75,18048.650390625,18177.900390625,270900,1645.699951171875,90.0,82.68450164794922,16.65999984741211
2022-11-03,18052.69921875,18106.30078125,17959.19921875,17968.349609375,213000,1627.300048828125,88.16999816894531,82.88839721679688,15.9399995803833
2022-11-04,18117.150390625,18135.099609375,18017.150390625,18053.400390625,267900,1672.5,92.61000061035156,82.68180084228516,15.65999984741211
2022-11-07,18202.80078125,18255.5,18064.75,18211.75,314800,1676.5,91.79000091552734,81.9749984741211,15.59000015258789
2022-11-09,18157.0,18296.400390625,18117.5,18288.25,307200,1710.0999755859375,85.83000183105469,81.40519714355469,15.920000076293944
2022-11-10,18028.19921875,18103.099609375,17969.400390625,18044.349609375,256500,1750.300048828125,86.47000122070312,81.34380340576172,15.56999969482422
2022-11-11,18349.69921875,18362.30078125,18259.349609375,18272.349609375,378500,1766.0,88.95999908447266,80.48290252685547,14.40999984741211
2022-11-14,18329.150390625,18399.44921875,18311.400390625,18376.400390625,301400,1773.5999755859375,85.87000274658203,80.49700164794922,14.90999984741211
2022-11-15,18403.400390625,18427.94921875,18282.0,18362.75,250900,1773.800048828125,86.91999816894531,80.99199676513672,14.640000343322754
2022-11-16,18409.650390625,18442.150390625,18344.150390625,18398.25,219300,1773.0,85.58999633789062,81.07140350341797,15.100000381469728
2022-11-17,18343.900390625,18417.599609375,18312.94921875,18358.69921875,200500,1760.800048828125,81.63999938964844,81.49530029296875,14.880000114440918
2022-11-18,18307.650390625,18394.599609375,18209.80078125,18382.94921875,198800,1751.9000244140625,80.08000183105469,81.52490234375,14.390000343322754
2022-11-21,18159.94921875,18262.30078125,18133.349609375,18246.400390625,213800,1737.4000244140625,79.7300033569336,81.5198974609375,14.800000190734863
2022-11-22,18244.19921875,18261.849609375,18137.69921875,18179.150390625,177700,1738.300048828125,80.94999694824219,81.72769927978516,13.84000015258789
2022-11-23,18267.25,18325.400390625,18246.0,18325.19921875,178800,1744.9000244140625,77.94000244140625,81.71499633789062,14.039999961853027
2022-11-24,18484.099609375,18529.69921875,18294.25,18326.099609375,204000,1744.9000244140625,77.94000244140625,81.63289642333984,13.479999542236328
2022-11-25,18512.75,18534.900390625,18445.099609375,18528.44921875,205900,1753.300048828125,76.27999877929688,81.65540313720703,13.329999923706056
2022-11-28,18562.75,18614.25,18365.599609375,18430.55078125,206500,1740.0999755859375,77.23999786376953,81.6697006225586,13.56999969482422
2022-11-29,18618.05078125,18678.099609375,18552.150390625,18552.44921875,195300,1748.4000244140625,78.19999694824219,81.65029907226562,13.619999885559082
2022-11-30,18758.349609375,18816.05078125,18616.55078125,18625.69921875,345600,1746.0,80.55000305175781,81.63089752197266,13.8100004196167
2022-12-01,18812.5,18887.599609375,18778.19921875,18871.94921875,325000,1801.0999755859375,81.22000122070312,81.3052978515625,13.359999656677246
2022-12-02,18696.099609375,18781.94921875,18639.19921875,18752.400390625,254400,1795.9000244140625,79.9800033569336,81.16220092773438,13.449999809265137
2022-12-05,18701.05078125,18728.599609375,18591.349609375,18719.55078125,288400,1767.4000244140625,76.93000030517578,81.42250061035156,13.729999542236328
2022-12-06,18642.75,18654.900390625,18577.900390625,18600.650390625,217800,1769.300048828125,74.25,81.89900207519531,14.039999961853027
2022-12-07,18560.5,18668.30078125,18528.400390625,18638.849609375,200500,1785.5,72.01000213623047,82.37220001220703,14.079999923706056
2022-12-08,18609.349609375,18625.0,18536.94921875,18570.849609375,202800,1788.699951171875,71.45999908447266,82.25350189208984,13.399999618530272
2022-12-09,18496.599609375,18664.69921875,18410.099609375,18662.400390625,215800,1798.0999755859375,71.0199966430664,82.2791976928711,13.479999542236328
2022-12-12,18497.150390625,18521.55078125,18345.69921875,18402.150390625,193900,1780.5,73.16999816894531,82.41300201416016,13.31999969482422
2022-12-13,18608.0,18617.25,18490.19921875,18524.400390625,187600,1813.9000244140625,75.38999938964844,82.64469909667969,12.880000114440918
2022-12-14,18660.30078125,18696.099609375,18632.900390625,18671.25,208000,1807.5,77.27999877929688,82.40249633789062,12.890000343322754
2022-12-15,18414.900390625,18652.900390625,18387.69921875,18614.400390625,183100,1777.199951171875,76.11000061035156,82.50800323486328,13.729999542236328
2022-12-16,18269.0,18440.94921875,18255.150390625,18319.099609375,277700,1790.0,74.29000091552734,82.85790252685547,14.06999969482422
2022-12-19,18420.44921875,18431.650390625,18244.55078125,18288.099609375,154800,1787.699951171875,75.19000244140625,82.72599792480469,13.550000190734863
2022-12-20,18385.30078125,18404.900390625,18202.650390625,18340.30078125,169000,1815.9000244140625,76.08999633789062,82.58190155029297,13.779999732971191
2022-12-21,18199.099609375,18473.349609375,18162.75,18435.150390625,187600,1815.9000244140625,78.29000091552734,82.63690185546875,15.5600004196167
2022-12-22,18127.349609375,18318.75,18068.599609375,18288.80078125,195700,1787.0,77.48999786376953,82.87860107421875,15.1899995803833
2022-12-23,17806.80078125,18050.44921875,17779.5,17977.650390625,221500,1795.9000244140625,79.55999755859375,82.8749008178711,16.15999984741211
2022-12-26,18014.599609375,18084.099609375,17774.25,17830.400390625,176700,1795.9000244140625,79.55999755859375,82.6041030883789,16.15999984741211
2022-12-27,18132.30078125,18149.25,17967.44921875,18089.80078125,214300,1814.800048828125,79.52999877929688,82.90290069580078,15.289999961853027
2022-12-28,18122.5,18173.099609375,18068.349609375,18084.75,193900,1807.9000244140625,78.95999908447266,82.7761001586914,15.399999618530272
2022-12-29,18191.0,18229.69921875,17992.80078125,18045.69921875,281100,1819.5,78.4000015258789,82.85199737548828,14.8100004196167
2022-12-30,18105.30078125,18265.25,18080.30078125,18259.099609375,192000,1819.699951171875,80.26000213623047,82.83509826660156,14.869999885559082
2023-01-02,18197.44921875,18215.150390625,18086.5,18131.69921875,256100,1819.699951171875,80.26000213623047,82.74980163574219,14.6899995803833
2023-01-03,18232.55078125,18251.94921875,18149.80078125,18163.19921875,208700,1839.699951171875,76.93000030517578,82.70600128173828,14.390000343322754
2023-01-04,18042.94921875,18243.0,18020.599609375,18230.650390625,235200,1852.800048828125,72.83999633789062,82.78569793701172,15.199999809265137
2023-01-05,17992.150390625,18120.30078125,17892.599609375,18101.94921875,269900,1834.800048828125,73.66999816894531,82.66649627685547,14.979999542236328
2023-01-06,17859.44921875,18047.400390625,17795.55078125,18008.05078125,238200,1864.199951171875,73.7699966430664,82.64520263671875,15.029999732971191
2023-01-09,18101.19921875,18141.400390625,17936.150390625,17952.55078125,257200,1872.699951171875,74.62999725341797,82.27339935302734,14.649999618530272
2023-01-10,17914.150390625,18127.599609375,17856.0,18121.30078125,283300,1871.5999755859373,75.12000274658203,82.18009948730469,15.510000228881836
2023-01-11,17895.69921875,17976.349609375,17824.349609375,17924.25,259900,1874.5999755859373,77.41000366210938,81.63739776611328,15.4399995803833
2023-01-12,17858.19921875,17945.80078125,17761.650390625,17920.849609375,227800,1895.5,78.38999938964844,81.63179779052734,15.279999732971191
2023-01-13,17956.599609375,17999.349609375,17774.25,17867.5,256700,1918.4000244140625,79.86000061035156,81.1156005859375,14.460000038146973
2023-01-16,17894.849609375,18049.650390625,17853.650390625,18033.150390625,206200,1918.4000244140625,79.86000061035156,81.27799987792969,15.020000457763672
2023-01-17,18053.30078125,18072.05078125,17886.94921875,17922.80078125,219100,1907.199951171875,80.18000030517578,81.65260314941406,14.59000015258789
2023-01-18,18165.349609375,18183.75,18032.44921875,18074.30078125,255800,1904.4000244140625,79.4800033569336,81.52549743652344,14.369999885559082
2023-01-19,18107.849609375,18155.19921875,18063.75,18119.80078125,237800,1922.0999755859373,80.33000183105469,81.43599700927734,13.960000038146973
2023-01-20,18027.650390625,18145.44921875,18016.19921875,18115.599609375,237200,1926.4000244140625,81.30999755859375,81.23979949951172,13.789999961853027
2023-01-23,18118.55078125,18162.599609375,18063.44921875,18118.44921875,202500,1927.0999755859373,81.62000274658203,80.97599792480469,13.619999885559082
2023-01-24,18118.30078125,18201.25,18078.650390625,18183.94921875,216900,1933.9000244140625,80.12999725341797,81.48799896240234,13.65999984741211
2023-01-25,17891.94921875,18100.599609375,17846.150390625,18093.349609375,257200,1941.199951171875,80.1500015258789,81.60189819335938,14.65999984741211
2023-01-27,17604.349609375,17884.75,17493.55078125,17877.19921875,476300,1928.5999755859373,79.68000030517578,81.44509887695312,17.31999969482422
2023-01-30,17648.94921875,17709.150390625,17405.55078125,17541.94921875,432400,1922.9000244140625,77.9000015258789,81.50800323486328,17.709999084472656
2023-01-31,17662.150390625,17735.69921875,17537.55078125,17731.44921875,398300,1929.5,78.87000274658203,81.57990264892578,16.8799991607666
2023-02-01,17616.30078125,17972.19921875,17353.400390625,17811.599609375,512900,1927.800048828125,76.41000366210938,81.76840209960938,16.780000686645508
2023-02-02,17610.400390625,17653.900390625,17445.94921875,17517.099609375,490100,1916.300048828125,75.87999725341797,81.71029663085938,15.729999542236328
2023-02-03,17854.05078125,17870.30078125,17584.19921875,17721.75,424100,1862.9000244140625,73.38999938964844,82.0458984375,14.399999618530272
2023-02-06,17764.599609375,17823.69921875,17698.349609375,17818.55078125,282500,1866.199951171875,74.11000061035156,82.22599792480469,14.6899995803833
2023-02-07,17721.5,17811.150390625,17652.55078125,17790.099609375,354400,1871.699951171875,77.13999938964844,82.75499725341797,14.130000114440918
2023-02-08,17871.69921875,17898.69921875,17744.150390625,17750.30078125,291000,1877.4000244140625,78.47000122070312,82.74189758300781,13.600000381469728
2023-02-09,17893.44921875,17916.900390625,17779.80078125,17885.5,260900,1866.199951171875,78.05999755859375,82.65950012207031,13.039999961853027
2023-02-10,17856.5,17876.94921875,17801.0,17847.55078125,232000,1862.800048828125,79.72000122070312,82.533203125,12.75
2023-02-13,17770.900390625,17880.69921875,17719.75,17859.099609375,231300,1851.9000244140625,80.13999938964844,82.51300048828125,13.68000030517578
2023-02-14,17929.849609375,17954.55078125,17800.05078125,17840.349609375,244500,1854.0,79.05999755859375,82.59739685058594,13.449999809265137
2023-02-15,18015.849609375,18034.099609375,17853.80078125,17896.599609375,229300,1834.199951171875,78.58999633789062,82.86759948730469,12.859999656677246
2023-02-16,18035.849609375,18134.75,18000.650390625,18094.75,230200,1842.0,78.48999786376953,82.73770141601562,12.890000343322754
2023-02-17,17944.19921875,18034.25,17884.599609375,17974.849609375,208100,1840.4000244140625,76.33999633789062,82.69529724121094,13.09000015258789
2023-02-20,17844.599609375,18004.349609375,17818.400390625,17965.55078125,174600,1840.4000244140625,76.33999633789062,82.75800323486328,13.380000114440918
2023-02-21,17826.69921875,17924.900390625,17800.30078125,17905.80078125,198200,1833.0,76.16000366210938,82.69750213623047,14.010000228881836
2023-02-22,17554.30078125,17772.5,17529.44921875,17755.349609375,204000,1832.0,73.94999694824219,82.86119842529297,15.59000015258789
2023-02-23,17511.25,17620.05078125,17455.400390625,17574.650390625,240800,1818.0,75.38999938964844,82.83529663085938,15.079999923706056
2023-02-24,17465.80078125,17599.75,17421.80078125,17591.349609375,209400,1808.800048828125,76.31999969482422,82.6178970336914,14.1899995803833
2023-02-27,17392.69921875,17451.599609375,17299.0,17428.599609375,246400,1817.0,75.68000030517578,82.91799926757812,13.880000114440918
2023-02-28,17303.94921875,17440.44921875,17255.19921875,17383.25,420900,1828.9000244140625,77.05000305175781,82.6520004272461,14.020000457763672
2023-03-01,17450.900390625,17467.75,17345.25,17360.099609375,272900,1837.699951171875,77.69000244140625,82.6353988647461,13.0
2023-03-02,17321.900390625,17445.80078125,17306.0,17421.5,310700,1833.5,78.16000366210938,82.4198989868164,12.970000267028809
2023-03-03,17594.349609375,17644.75,17427.69921875,17451.25,356200,1847.699951171875,79.68000030517578,82.35569763183594,12.18000030517578
2023-03-06,17711.44921875,17799.94921875,17671.94921875,17680.349609375,362800,1847.9000244140625,80.45999908447266,81.7125015258789,12.270000457763672
2023-03-08,17754.400390625,17766.5,17602.25,17665.75,267000,1812.699951171875,76.66000366210938,82.07460021972656,12.449999809265137
2023-03-09,17589.599609375,17772.349609375,17573.599609375,17772.05078125,262400,1829.300048828125,75.72000122070312,81.9645004272461,12.729999542236328
2023-03-10,17412.900390625,17451.5,17324.349609375,17443.80078125,235900,1862.0,76.68000030517578,82.01840209960938,13.40999984741211
2023-03-13,17154.30078125,17529.900390625,17113.44921875,17421.900390625,254900,1911.699951171875,74.80000305175781,81.95800018310547,16.219999313354492
2023-03-14,17043.30078125,17224.650390625,16987.099609375,17160.55078125,290600,1906.199951171875,71.33000183105469,82.41739654541016,16.219999313354492
2023-03-15,16972.150390625,17211.349609375,16938.900390625,17166.44921875,248200,1926.5999755859373,67.61000061035156,82.30490112304688,16.299999237060547
2023-03-16,16985.599609375,17062.44921875,16850.150390625,16994.650390625,349800,1919.0,68.3499984741211,82.7156982421875,16.219999313354492
2023-03-17,17100.05078125,17145.80078125,16958.150390625,17111.80078125,408100,1969.800048828125,66.73999786376953,82.622802734375,14.770000457763672
2023-03-20,16988.400390625,17066.599609375,16828.349609375,17066.599609375,241800,1979.199951171875,67.63999938964844,82.53299713134766,16.010000228881836
2023-03-21,17107.5,17127.69921875,17016.0,17060.400390625,246700,1938.0,69.33000183105469,82.52909851074219,15.079999923706056
2023-03-22,17151.900390625,17207.25,17107.849609375,17177.44921875,0,1946.800048828125,70.9000015258789,82.677001953125,14.8100004196167
2023-03-23,17076.900390625,17205.400390625,17045.30078125,17097.400390625,219200,1993.800048828125,69.95999908447266,82.52580261230469,14.489999771118164
2023-03-24,16945.05078125,17109.44921875,16917.349609375,17076.19921875,228000,1982.0999755859373,69.26000213623047,82.26529693603516,15.239999771118164
2023-03-27,16985.69921875,17091.0,16918.55078125,16984.30078125,218400,1952.4000244140625,72.80999755859375,82.33879852294922,15.449999809265137
2023-03-28,16951.69921875,17061.75,16913.75,17031.75,238800,1972.4000244140625,73.19999694824219,82.21489715576172,15.100000381469728
2023-03-29,17080.69921875,17126.150390625,16940.599609375,16977.30078125,345900,1966.0999755859373,72.97000122070312,82.16429901123047,13.630000114440918
2023-03-31,17359.75,17381.599609375,17204.650390625,17210.349609375,263900,1969.0,75.66999816894531,82.10050201416016,12.9399995803833
2023-04-03,17398.05078125,17428.05078125,17312.75,17427.94921875,230200,1983.9000244140625,80.41999816894531,82.18479919433594,12.59000015258789
2023-04-05,17557.05078125,17570.55078125,17402.69921875,17422.30078125,248300,2020.9000244140625,80.61000061035156,82.11479949951172,12.40999984741211
2023-04-06,17599.150390625,17638.69921875,17502.849609375,17533.849609375,242700,2011.9000244140625,80.69999694824219,81.94999694824219,11.800000190734863
2023-04-10,17624.05078125,17694.099609375,17597.94921875,17634.900390625,254800,1989.0999755859373,79.73999786376953,81.88480377197266,12.270000457763672
2023-04-11,17722.30078125,17748.75,17655.150390625,17704.80078125,304300,2004.800048828125,81.52999877929688,81.98390197753906,11.979999542236328
2023-04-12,17812.400390625,17825.75,17717.25,17759.55078125,232800,2010.9000244140625,83.26000213623047,82.07009887695312,12.270000457763672
2023-04-13,17828.0,17842.150390625,17729.650390625,17807.30078125,285800,2041.300048828125,82.16000366210938,81.96060180664062,11.90999984741211
2023-04-17,17706.849609375,17863.0,17574.05078125,17863.0,357400,1994.199951171875,80.83000183105469,81.84480285644531,12.270000457763672
2023-04-18,17660.150390625,17766.599609375,17610.19921875,17766.599609375,258900,2007.4000244140625,80.86000061035156,82.00370025634766,12.079999923706056
2023-04-19,17618.75,17666.150390625,17579.849609375,17653.349609375,281500,1995.199951171875,79.16000366210938,82.10790252685547,12.149999618530272
2023-04-20,17624.44921875,17684.44921875,17584.349609375,17638.599609375,215100,2007.5999755859373,77.29000091552734,82.34010314941406,11.9399995803833
2023-04-21,17624.05078125,17663.19921875,17553.94921875,17639.75,230200,1979.5,77.87000274658203,82.14089965820312,11.630000114440918
2023-04-24,17743.400390625,17754.5,17612.5,17707.55078125,255700,1989.0999755859373,78.76000213623047,82.05480194091797,11.670000076293944
2023-04-25,17769.25,17807.44921875,17716.849609375,17761.55078125,297400,1994.0,77.06999969482422,81.85230255126953,11.520000457763672
2023-04-26,17813.599609375,17827.75,17711.19921875,17767.30078125,233000,1985.699951171875,74.30000305175781,81.9916000366211,11.649999618530272
2023-04-27,17915.05078125,17931.599609375,17797.900390625,17813.099609375,241400,1989.9000244140625,74.76000213623047,81.76689910888672,11.43000030517578
2023-04-28,18065.0,18089.150390625,17885.30078125,17950.400390625,290300,1990.0999755859373,76.77999877929688,81.76509857177734,10.949999809265137
2023-05-02,18147.650390625,18180.25,18101.75,18124.80078125,265200,2014.300048828125,71.66000366210938,81.77469635009766,11.899999618530272
2023-05-03,18089.849609375,18116.349609375,18042.400390625,18113.80078125,226200,2028.5999755859373,68.5999984741211,81.77870178222656,11.84000015258789
2023-05-04,18255.80078125,18267.44921875,18066.69921875,18081.0,226600,2048.0,68.55999755859375,81.77999877929688,11.729999542236328
2023-05-05,18069.0,18216.94921875,18055.44921875,18117.30078125,239700,2017.4000244140625,71.33999633789062,81.71610260009766,12.300000190734863
2023-05-08,18264.400390625,18286.94921875,18100.30078125,18120.599609375,228400,2026.300048828125,73.16000366210938,81.72979736328125,12.640000343322754
2023-05-09,18265.94921875,18344.19921875,18229.650390625,18303.400390625,245400,2036.199951171875,73.70999908447266,81.78710174560547,12.68000030517578
2023-05-10,18315.099609375,18326.75,18211.94921875,18313.599609375,220500,2030.5,72.55999755859375,82.1050033569336,13.079999923706056
2023-05-11,18297.0,18389.69921875,18270.400390625,18357.80078125,248900,2014.699951171875,70.87000274658203,81.9198989868164,13.220000267028809
2023-05-12,18314.80078125,18342.75,18194.55078125,18273.75,241700,2014.5,70.04000091552734,82.10030364990234,12.850000381469728
2023-05-15,18398.849609375,18458.900390625,18287.900390625,18339.30078125,216100,2018.0,71.11000061035156,82.20030212402344,13.170000076293944
2023-05-16,18286.5,18432.349609375,18264.349609375,18432.349609375,219500,1988.4000244140625,70.86000061035156,82.2667007446289,13.289999961853027
2023-05-17,18181.75,18309.0,18115.349609375,18300.44921875,229900,1980.699951171875,72.83000183105469,82.2959976196289,13.109999656677246
2023-05-18,18129.94921875,18297.19921875,18104.849609375,18287.5,272100,1956.5,71.86000061035156,82.45030212402344,12.800000190734863
2023-05-19,18203.400390625,18218.099609375,18060.400390625,18186.150390625,260900,1978.699951171875,71.55000305175781,82.72509765625,12.300000190734863
2023-05-22,18314.400390625,18335.25,18178.849609375,18201.099609375,262600,1974.800048828125,71.98999786376953,82.90480041503906,12.56999969482422
2023-05-23,18348.0,18419.75,18324.19921875,18362.900390625,270400,1972.4000244140625,72.91000366210938,82.82499694824219,12.609999656677246
2023-05-24,18285.400390625,18392.599609375,18262.94921875,18294.80078125,232600,1962.800048828125,74.33999633789062,82.8906021118164,13.109999656677246
2023-05-25,18321.150390625,18338.099609375,18202.400390625,18268.900390625,235900,1943.0999755859373,71.83000183105469,82.71369934082031,12.520000457763672
2023-05-26,18499.349609375,18508.55078125,18333.150390625,18368.349609375,198700,1944.0999755859373,72.66999816894531,82.74210357666016,11.899999618530272
2023-05-29,18598.650390625,18641.19921875,18581.25,18619.150390625,265300,1944.0999755859373,72.66999816894531,82.57479858398438,12.300000190734863
2023-05-30,18633.849609375,18662.44921875,18575.5,18606.650390625,234400,1958.0,69.45999908447266,82.57969665527344,12.010000228881836
2023-05-31,18534.400390625,18603.900390625,18483.849609375,18594.19921875,696500,1963.9000244140625,68.08999633789062,82.68389892578125,11.970000267028809
2023-06-01,18487.75,18580.30078125,18464.55078125,18579.400390625,265600,1978.0,70.0999984741211,82.66680145263672,11.600000381469728
2023-06-02,18534.099609375,18573.69921875,18478.400390625,18550.849609375,270900,1952.4000244140625,71.73999786376953,82.27670288085938,11.130000114440918
2023-06-05,18593.849609375,18640.150390625,18582.80078125,18612.0,256100,1958.0,72.1500015258789,82.40979766845703,11.140000343322754
2023-06-06,18599.0,18622.75,18531.599609375,18600.80078125,220800,1965.5,71.73999786376953,82.51119995117188,11.380000114440918
2023-06-07,18726.400390625,18738.94921875,18636.0,18665.599609375,260100,1942.699951171875,72.52999877929688,82.51719665527344,11.4399995803833
2023-06-08,18634.55078125,18777.900390625,18615.599609375,18725.349609375,286500,1963.5999755859373,71.29000091552734,82.61810302734375,11.260000228881836
2023-06-09,18563.400390625,18676.650390625,18555.400390625,18655.900390625,221800,1962.199951171875,70.16999816894531,82.48829650878906,11.119999885559082
2023-06-12,18601.5,18633.599609375,18559.75,18595.05078125,179500,1955.300048828125,67.12000274658203,82.4448013305664,11.25
2023-06-13,18716.150390625,18728.900390625,18631.80078125,18631.80078125,233200,1944.5999755859373,69.41999816894531,82.33719635009766,11.109999656677246
2023-06-14,18755.900390625,18769.69921875,18690.0,18744.599609375,261400,1955.300048828125,68.2699966430664,82.29039764404297,11.15999984741211
2023-06-15,18688.099609375,18794.099609375,18669.05078125,18774.44921875,263000,1957.800048828125,70.62000274658203,82.04499816894531,11.079999923706056
2023-06-16,18826.0,18864.69921875,18710.5,18723.30078125,272800,1958.4000244140625,71.77999877929688,81.9126968383789,10.84000015258789
2023-06-19,18755.44921875,18881.44921875,18719.150390625,18873.30078125,219800,1958.4000244140625,71.77999877929688,81.91480255126953,11.229999542236328
2023-06-20,18816.69921875,18839.69921875,18660.650390625,18752.349609375,211600,1935.5,70.5,81.98139953613281,11.130000114440918
2023-06-21,18856.849609375,18875.900390625,18794.849609375,18849.400390625,217500,1933.300048828125,72.52999877929688,81.9917984008789,11.289999961853027
2023-06-22,18771.25,18886.599609375,18759.5,18853.599609375,252700,1912.699951171875,69.51000213623047,81.94149780273438,11.550000190734863
2023-06-23,18665.5,18756.400390625,18647.099609375,18741.849609375,210600,1919.0999755859373,69.16000366210938,81.91929626464844,11.239999771118164
2023-06-26,18691.19921875,18722.05078125,18646.69921875,18682.349609375,171300,1923.699951171875,69.37000274658203,81.98480224609375,11.399999618530272
2023-06-27,18817.400390625,18829.25,18714.25,18748.55078125,222500,1914.0,67.69999694824219,82.00650024414062,10.779999732971191
2023-06-28,18972.099609375,19011.25,18861.349609375,18908.150390625,398800,1912.300048828125,69.55999755859375,81.99839782714844,10.890000343322754
2023-06-30,19189.05078125,19201.69921875,19024.599609375,19076.849609375,247900,1921.0999755859373,70.63999938964844,82.07540130615234,10.800000190734863
2023-07-03,19322.55078125,19345.099609375,19234.400390625,19246.5,226100,1921.699951171875,69.79000091552734,82.09629821777344,11.539999961853027
2023-07-04,19389.0,19434.150390625,19300.0,19406.599609375,226900,1921.699951171875,69.79000091552734,81.95010375976562,11.699999809265137
2023-07-05,19398.5,19421.599609375,19339.599609375,19405.94921875,224400,1919.5999755859373,71.79000091552734,82.0071029663086,11.880000114440918
2023-07-06,19497.30078125,19512.19921875,19373.0,19385.69921875,268300,1908.699951171875,71.80000305175781,82.39409637451172,11.84000015258789
2023-07-07,19331.80078125,19523.599609375,19303.599609375,19422.80078125,237100,1926.199951171875,73.86000061035156,82.76840209960938,11.529999732971191
2023-07-10,19355.900390625,19435.849609375,19327.099609375,19400.349609375,268200,1925.0,72.98999786376953,82.61530303955078,11.460000038146973
2023-07-11,19439.400390625,19515.099609375,19406.44921875,19427.099609375,251300,1931.300048828125,74.83000183105469,82.52529907226562,11.010000228881836
2023-07-12,19384.30078125,19507.69921875,19361.75,19497.44921875,327900,1956.199951171875,75.75,82.39990234375,10.9399995803833
2023-07-13,19413.75,19567.0,19385.80078125,19495.19921875,310400,1959.199951171875,76.88999938964844,82.00180053710938,10.9399995803833
2023-07-14,19564.5,19595.349609375,19433.5,19493.44921875,291200,1960.0999755859373,75.41999816894531,82.03079986572266,10.68000030517578
2023-07-17,19711.44921875,19731.849609375,19562.94921875,19612.150390625,268700,1952.4000244140625,74.1500015258789,82.07679748535156,11.31999969482422
2023-07-18,19749.25,19819.44921875,19690.19921875,19787.5,286400,1977.199951171875,75.75,82.06159973144531,11.710000038146973
2023-07-19,19833.150390625,19851.69921875,19727.44921875,19802.94921875,259700,1977.5,75.3499984741211,82.07540130615234,11.600000381469728
2023-07-20,19979.150390625,19991.849609375,19758.400390625,19831.69921875,274700,1968.300048828125,75.62999725341797,82.06169891357422,11.789999961853027
2023-07-21,19745.0,19887.400390625,19700.0,19800.44921875,312500,1964.300048828125,77.06999969482422,82.0823974609375,11.489999771118164
2023-07-24,19672.349609375,19782.75,19658.30078125,19748.44921875,265600,1960.300048828125,78.73999786376953,81.99030303955078,11.649999618530272
2023-07-25,19680.599609375,19729.349609375,19615.94921875,19729.349609375,369700,1962.0999755859373,79.62999725341797,81.81420135498047,10.239999771118164
2023-07-26,19778.30078125,19825.599609375,19716.69921875,19733.349609375,244700,1968.9000244140625,78.77999877929688,81.95010375976562,10.460000038146973
2023-07-27,19659.900390625,19867.55078125,19603.55078125,19850.900390625,334900,1945.4000244140625,80.08999633789062,81.97550201416016,10.510000228881836
2023-07-28,19646.05078125,19695.900390625,19563.099609375,19659.75,258700,1960.4000244140625,80.58000183105469,82.3749008178711,10.140000343322754
2023-07-31,19753.80078125,19772.75,19597.599609375,19666.349609375,295100,1970.5,81.80000305175781,82.25279998779297,10.40999984741211
2023-08-01,19733.55078125,19795.599609375,19704.599609375,19784.0,298000,1940.699951171875,81.37000274658203,82.2332992553711,10.279999732971191
2023-08-02,19526.55078125,19678.25,19423.55078125,19655.400390625,290700,1937.4000244140625,79.48999786376953,82.30729675292969,11.279999732971191
2023-08-03,19381.650390625,19537.650390625,19296.44921875,19463.75,315700,1932.0,81.55000305175781,82.7332992553711,11.1899995803833
2023-08-04,19517.0,19538.849609375,19436.44921875,19462.80078125,280800,1939.5999755859373,82.81999969482422,82.7843017578125,10.56999969482422
2023-08-07,19597.30078125,19620.44921875,19524.80078125,19576.849609375,216600,1933.5,81.94000244140625,82.69529724121094,11.100000381469728
2023-08-08,19570.849609375,19634.400390625,19533.099609375,19627.19921875,260300,1924.0999755859373,82.91999816894531,82.74829864501953,11.329999923706056
2023-08-09,19632.55078125,19645.5,19467.5,19578.80078125,266500,1915.4000244140625,84.4000015258789,82.84500122070312,11.140000343322754
2023-08-10,19543.099609375,19623.599609375,19495.400390625,19605.55078125,312200,1914.4000244140625,82.81999969482422,82.86630249023438,11.399999618530272
2023-08-11,19428.30078125,19557.75,19412.75,19554.25,235500,1912.9000244140625,83.19000244140625,82.79989624023438,11.520000457763672
2023-08-14,19434.55078125,19465.849609375,19257.900390625,19383.94921875,243900,1910.5999755859373,82.51000213623047,82.89730072021484,12.0
2023-08-16,19465.0,19482.75,19317.19921875,19369.0,0,1896.0999755859373,79.37999725341797,83.19419860839844,12.130000114440918
2023-08-17,19365.25,19461.55078125,19326.25,19450.55078125,268700,1884.0999755859373,80.38999938964844,83.23699951171875,12.239999771118164
2023-08-18,19310.150390625,19373.80078125,19253.599609375,19301.75,256100,1886.0999755859373,81.25,83.09829711914062,12.140000343322754
2023-08-21,19393.599609375,19425.94921875,19296.30078125,19320.650390625,262600,1893.300048828125,80.72000122070312,83.16729736328125,11.960000038146973
2023-08-22,19396.44921875,19443.5,19381.30078125,19417.099609375,208700,1896.4000244140625,80.3499984741211,83.1135025024414,11.75
2023-08-23,19444.0,19472.05078125,19366.599609375,19439.19921875,225200,1918.5,78.88999938964844,83.07330322265625,11.729999542236328
2023-08-24,19386.69921875,19584.44921875,19369.0,19535.150390625,268300,1918.199951171875,79.05000305175781,82.5447006225586,11.699999809265137
2023-08-25,19265.80078125,19339.55078125,19229.69921875,19297.400390625,466500,1911.0999755859373,79.83000183105469,82.64140319824219,12.079999923706056
2023-08-28,19306.05078125,19366.849609375,19249.69921875,19298.349609375,248200,1917.9000244140625,80.0999984741211,82.66429901123047,12.399999618530272
2023-08-29,19342.650390625,19377.900390625,19309.099609375,19374.849609375,307400,1936.5,81.16000366210938,82.69149780273438,12.229999542236328
2023-08-30,19347.44921875,19452.80078125,19334.75,19433.44921875,233000,1944.300048828125,81.62999725341797,82.49469757080078,11.800000190734863
2023-08-31,19253.80078125,19388.19921875,19223.650390625,19375.55078125,562600,1938.199951171875,83.62999725341797,82.70040130615234,12.0600004196167
2023-09-01,19435.30078125,19458.55078125,19255.69921875,19258.150390625,333000,1939.800048828125,85.55000305175781,82.68240356445312,11.369999885559082
2023-09-04,19528.80078125,19545.150390625,19432.849609375,19525.05078125,296800,1939.800048828125,85.55000305175781,82.6969985961914,10.960000038146973
2023-09-05,19574.900390625,19587.05078125,19525.75,19564.650390625,256800,1926.199951171875,86.69000244140625,82.7345962524414,10.81999969482422
2023-09-06,19611.05078125,19636.44921875,19491.5,19581.19921875,287600,1918.0999755859373,87.54000091552734,83.08609771728516,10.68000030517578
2023-09-07,19727.05078125,19737.0,19550.05078125,19598.650390625,304900,1917.5,86.87000274658203,83.25740051269531,10.869999885559082
2023-09-08,19819.94921875,19867.150390625,19727.05078125,19774.80078125,288100,1918.4000244140625,87.51000213623047,83.24150085449219,10.779999732971191
2023-09-11,19996.349609375,20008.150390625,19865.349609375,19890.0,248800,1923.300048828125,87.29000091552734,83.03130340576172,11.350000381469728
2023-09-12,19993.19921875,20110.349609375,19914.650390625,20110.150390625,328100,1911.300048828125,88.83999633789062,82.94329833984375,11.6899995803833
2023-09-13,20070.0,20096.900390625,19944.099609375,19989.5,251400,1909.0999755859373,88.5199966430664,82.84300231933594,11.829999923706056
2023-09-14,20103.099609375,20167.650390625,20043.44921875,20127.94921875,275100,1910.0,90.16000366210938,82.93679809570312,11.31999969482422
2023-09-15,20192.349609375,20222.44921875,20129.69921875,20156.44921875,438200,1923.699951171875,90.7699966430664,83.0282974243164,10.899999618530272
2023-09-18,20133.30078125,20195.349609375,20115.69921875,20155.94921875,264900,1931.5,91.4800033569336,83.08580017089844,10.84000015258789
2023-09-20,19901.400390625,20050.650390625,19878.849609375,19980.75,378100,1945.5999755859373,90.27999877929688,83.19499969482422,11.130000114440918
2023-09-21,19742.349609375,19848.75,19709.94921875,19840.55078125,275100,1919.199951171875,89.62999725341797,83.08699798583984,10.81999969482422
2023-09-22,19674.25,19798.650390625,19657.5,19744.849609375,246400,1925.4000244140625,90.02999877929688,82.89129638671875,10.65999984741211
2023-09-25,19674.55078125,19734.150390625,19601.55078125,19678.19921875,188400,1916.5999755859373,89.68000030517578,82.97480010986328,10.899999618530272
2023-09-26,19664.69921875,19699.349609375,19637.44921875,19682.80078125,204900,1900.4000244140625,90.38999938964844,83.0282974243164,11.1899995803833
2023-09-27,19716.44921875,19730.69921875,19554.0,19637.05078125,203600,1871.5999755859373,93.68000030517578,83.29869842529297,11.59000015258789
2023-09-28,19523.55078125,19766.650390625,19492.099609375,19761.80078125,352800,1860.4000244140625,91.70999908447266,83.22270202636719,12.81999969482422
2023-09-29,19638.30078125,19726.25,19551.05078125,19581.19921875,243500,1848.0999755859373,90.79000091552734,83.19300079345703,11.449999809265137
2023-10-03,19528.75,19623.19921875,19479.650390625,19622.400390625,221700,1824.5999755859373,89.2300033569336,83.3593978881836,11.789999961853027
2023-10-04,19436.099609375,19457.80078125,19333.599609375,19446.30078125,277100,1818.5,84.22000122070312,83.22979736328125,11.65999984741211
2023-10-05,19545.75,19576.94921875,19487.30078125,19521.849609375,234900,1816.5999755859373,82.30999755859375,83.44979858398438,10.9399995803833
2023-10-06,19653.5,19675.75,19589.400390625,19621.19921875,159100,1830.199951171875,82.79000091552734,83.22489929199219,10.300000190734863
2023-10-09,19512.349609375,19588.94921875,19480.5,19539.44921875,165100,1849.5,86.37999725341797,83.12460327148438,11.399999618530272
2023-10-10,19689.849609375,19717.80078125,19565.44921875,19565.599609375,216600,1861.0,85.97000122070312,83.27030181884766,11.270000457763672
2023-10-11,19811.349609375,19839.19921875,19756.94921875,19767.0,213700,1872.800048828125,83.48999786376953,83.25029754638672,10.989999771118164
2023-10-12,19794.0,19843.30078125,19772.650390625,19822.69921875,217900,1869.300048828125,82.91000366210938,83.21800231933594,10.619999885559082
2023-10-13,19751.05078125,19805.400390625,19635.30078125,19654.55078125,255000,1927.4000244140625,87.69000244140625,83.26239776611328,10.619999885559082
2023-10-16,19731.75,19781.30078125,19691.849609375,19737.25,181000,1921.0999755859373,86.66000366210938,83.28230285644531,11.06999969482422
2023-10-17,19811.5,19849.75,19775.650390625,19843.19921875,185800,1922.699951171875,86.66000366210938,83.19950103759766,10.699999809265137
2023-10-18,19671.099609375,19840.94921875,19659.94921875,19820.44921875,198900,1955.300048828125,88.31999969482422,83.26429748535156,10.970000267028809
2023-10-19,19624.69921875,19681.80078125,19512.349609375,19545.19921875,230300,1968.4000244140625,89.37000274658203,83.26860046386719,10.899999618530272
2023-10-20,19542.650390625,19593.80078125,19518.69921875,19542.150390625,198300,1982.5,88.75,83.12229919433594,10.81999969482422
2023-10-23,19281.75,19556.849609375,19257.849609375,19521.599609375,176000,1976.300048828125,85.48999786376953,83.15979766845703,10.90999984741211
2023-10-25,19122.150390625,19347.30078125,19074.150390625,19286.44921875,225300,1984.0999755859373,85.38999938964844,82.98780059814453,11.3100004196167
2023-10-26,18857.25,19041.69921875,18837.849609375,19027.25,300400,1987.199951171875,83.20999908447266,83.1709976196289,11.729999542236328
2023-10-27,19047.25,19076.150390625,18926.650390625,18928.75,205200,1988.5999755859373,85.54000091552734,83.28250122070312,10.90999984741211
2023-10-30,19140.900390625,19158.5,18940.0,19053.400390625,180100,1996.199951171875,82.30999755859375,83.41339874267578,11.489999771118164
2023-10-31,19079.599609375,19233.69921875,19056.44921875,19232.94921875,206000,1985.199951171875,81.0199966430664,83.29650115966797,11.829999923706056
2023-11-01,18989.150390625,19096.05078125,18973.69921875,19064.05078125,194100,1978.800048828125,80.44000244140625,83.2771987915039,12.050000190734863
2023-11-02,19133.25,19175.25,19064.150390625,19120.0,245600,1985.5999755859373,82.45999908447266,85.19400024414062,11.079999923706056
2023-11-03,19230.599609375,19276.25,19210.900390625,19241.0,189500,1991.5,80.51000213623047,83.24729919433594,10.880000114440918
2023-11-06,19411.75,19423.0,19309.69921875,19345.849609375,180700,1981.5999755859373,80.81999969482422,83.15850067138672,11.109999656677246
2023-11-07,19406.69921875,19423.5,19329.099609375,19404.05078125,198700,1966.800048828125,77.37000274658203,83.2228012084961,11.1899995803833
2023-11-08,19443.5,19464.400390625,19401.5,19449.599609375,195000,1951.5,75.33000183105469,83.23269653320312,11.039999961853027
2023-11-09,19395.30078125,19463.900390625,19378.349609375,19457.400390625,208400,1964.199951171875,75.73999786376953,83.21769714355469,10.979999542236328
2023-11-10,19425.349609375,19451.30078125,19329.44921875,19351.849609375,152200,1932.5999755859373,77.16999816894531,83.31939697265625,11.109999656677246
2023-11-13,19443.55078125,19494.400390625,19414.75,19486.75,189300,1945.5,78.26000213623047,83.29889678955078,11.1899995803833
2023-11-15,19675.44921875,19693.19921875,19579.650390625,19651.400390625,291500,1960.0999755859373,76.66000366210938,82.98159790039062,11.140000343322754
2023-11-16,19765.19921875,19875.25,19627.0,19674.69921875,282700,1983.9000244140625,72.9000015258789,83.18620300292969,11.649999618530272
2023-11-17,19731.80078125,19806.0,19667.44921875,19674.75,236800,1981.5999755859373,75.88999938964844,83.12030029296875,11.829999923706056
2023-11-20,19694.0,19756.44921875,19670.5,19731.150390625,173800,1977.699951171875,77.5999984741211,83.29149627685547,12.149999618530272
2023-11-21,19783.400390625,19829.099609375,19754.05078125,19770.900390625,195000,1999.300048828125,77.7699966430664,83.32219696044922,12.229999542236328
2023-11-22,19811.849609375,19825.55078125,19703.849609375,19784.0,184500,1991.4000244140625,77.0999984741211,83.345703125,11.869999885559082
2023-11-23,19802.0,19875.150390625,19786.75,19828.44921875,170000,1991.4000244140625,77.0999984741211,83.54830169677734,11.31999969482422
2023-11-24,19794.69921875,19832.849609375,19768.849609375,19809.599609375,145900,2002.199951171875,75.54000091552734,83.34400177001953,11.329999923706056
2023-11-28,19889.69921875,19916.849609375,19800.0,19844.650390625,229600,2039.699951171875,76.41000366210938,83.364501953125,12.18000030517578
2023-11-29,20096.599609375,20104.650390625,19956.30078125,19976.55078125,236200,2047.0999755859373,77.86000061035156,83.41809844970703,12.710000038146973
2023-11-30,20133.150390625,20158.69921875,20015.849609375,20108.5,486600,2038.0999755859373,75.95999908447266,83.3302993774414,12.6899995803833
2023-12-01,20267.900390625,20291.55078125,20183.69921875,20194.099609375,265800,2071.0,74.06999969482422,83.35269927978516,12.380000114440918
2023-12-04,20686.80078125,20702.650390625,20507.75,20601.94921875,381100,2024.0999755859373,73.04000091552734,83.21859741210938,12.989999771118164
2023-12-05,20855.099609375,20864.05078125,20711.150390625,20808.900390625,421000,2018.5,72.31999969482422,83.41709899902344,13.460000038146973
2023-12-06,20937.69921875,20961.94921875,20852.150390625,20950.75,359200,2030.5,69.37999725341797,83.31590270996094,13.739999771118164
2023-12-07,20901.150390625,20941.25,20850.80078125,20932.400390625,275000,2029.9000244140625,69.33999633789062,83.28959655761719,12.670000076293944
2023-12-08,20969.400390625,21006.099609375,20862.69921875,20934.099609375,292400,1998.300048828125,71.2300033569336,83.35489654541016,12.470000267028809
2023-12-11,20997.099609375,21026.099609375,20923.69921875,20965.30078125,212900,1978.0,71.31999969482422,83.43009948730469,12.760000228881836
2023-12-12,20906.400390625,21037.900390625,20867.150390625,21018.55078125,244900,1977.800048828125,68.61000061035156,83.34349822998047,12.710000038146973
2023-12-13,20926.349609375,20950.0,20769.5,20929.75,260300,1982.300048828125,69.47000122070312,83.39600372314453,12.06999969482422
2023-12-14,21182.69921875,21210.900390625,21074.44921875,21110.400390625,334400,2030.199951171875,71.58000183105469,83.2853012084961,12.31999969482422
2023-12-15,21456.650390625,21492.30078125,21235.30078125,21287.44921875,508800,2021.0999755859373,71.43000030517578,83.29660034179688,13.130000114440918
2023-12-18,21418.650390625,21482.80078125,21365.349609375,21434.80078125,249700,2026.300048828125,72.47000122070312,83.04170227050781,13.899999618530272
2023-12-19,21453.099609375,21505.05078125,21337.75,21477.650390625,249800,2038.4000244140625,73.44000244140625,83.11119842529297,13.869999885559082
2023-12-20,21150.150390625,21593.0,21087.349609375,21543.5,363900,2034.5,74.22000122070312,83.09159851074219,14.449999809265137
2023-12-21,21255.05078125,21288.349609375,20976.80078125,21033.94921875,277500,2039.0999755859373,73.88999938964844,83.26719665527344,13.760000228881836
2023-12-22,21349.400390625,21390.5,21232.44921875,21295.849609375,284700,2057.10009765625,73.55999755859375,83.13159942626953,13.710000038146973
2023-12-26,21441.349609375,21477.150390625,21329.44921875,21365.19921875,219500,2058.199951171875,75.56999969482422,83.17230224609375,14.68000030517578
2023-12-27,21654.75,21675.75,21495.80078125,21497.650390625,256500,2081.89990234375,74.11000061035156,83.18280029296875,15.5600004196167
2023-12-28,21778.69921875,21801.44921875,21678.0,21715.0,393100,2073.89990234375,71.7699966430664,83.26719665527344,15.140000343322754
2023-12-29,21731.400390625,21770.30078125,21676.900390625,21737.650390625,270900,2062.39990234375,71.6500015258789,82.302001953125,14.5
2024-01-01,21741.900390625,21834.349609375,21680.849609375,21727.75,154000,2062.39990234375,71.6500015258789,83.24859619140625,14.5
2024-01-02,21665.80078125,21755.599609375,21555.650390625,21751.349609375,263700,2064.39990234375,70.37999725341797,83.20259857177734,14.579999923706056
2024-01-03,21517.349609375,21677.0,21500.349609375,21661.099609375,311900,2034.199951171875,72.69999694824219,83.25700378417969,14.100000381469728
2024-01-04,21658.599609375,21685.650390625,21564.55078125,21605.80078125,339200,2042.300048828125,72.19000244140625,83.31809997558594,13.329999923706056
2024-01-05,21710.80078125,21749.599609375,21629.19921875,21705.75,309300,2042.4000244140625,73.80999755859375,83.2406005859375,12.630000114440918
2024-01-08,21513.0,21763.94921875,21492.900390625,21747.599609375,231500,2026.5999755859373,70.7699966430664,83.19110107421875,13.460000038146973
2024-01-09,21544.849609375,21724.44921875,21517.849609375,21653.599609375,228600,2026.4000244140625,72.23999786376953,83.05069732666016,13.260000228881836
2024-01-10,21618.69921875,21641.849609375,21448.650390625,21529.30078125,217000,2021.699951171875,71.37000274658203,83.131103515625,12.970000267028809
2024-01-11,21647.19921875,21726.5,21593.75,21688.0,212500,2014.300048828125,72.0199966430664,83.02559661865234,12.770000457763672
2024-01-12,21894.55078125,21928.25,21715.150390625,21773.55078125,294700,2046.699951171875,72.68000030517578,83.07610321044922,13.100000381469728
2024-01-15,22097.44921875,22115.55078125,21963.55078125,22053.150390625,345500,2046.699951171875,72.68000030517578,82.87210083007812,13.789999961853027
2024-01-16,22032.30078125,22124.150390625,21969.80078125,22080.5,292400,2026.0,72.4000015258789,82.8593978881836,13.56999969482422
2024-01-17,21571.94921875,21851.5,21550.44921875,21647.25,456000,2002.5999755859373,72.55999755859375,83.08899688720703,15.079999923706056
2024-01-18,21462.25,21539.400390625,21285.55078125,21414.19921875,387300,2018.5999755859373,74.08000183105469,83.17759704589844,14.06999969482422
2024-01-19,21622.400390625,21670.599609375,21575.0,21615.19921875,343100,2026.5,73.41000366210938,83.16059875488281,13.880000114440918
2024-01-23,21238.80078125,21750.25,21192.599609375,21716.69921875,449700,2023.699951171875,74.37000274658203,83.09510040283203,14.850000381469728
2024-01-24,21453.94921875,21482.349609375,21137.19921875,21185.25,407500,2013.9000244140625,75.08999633789062,83.22139739990234,14.380000114440918
2024-01-25,21352.599609375,21459.0,21247.05078125,21454.599609375,418100,2016.9000244140625,77.36000061035156,83.09760284423828,13.869999885559082
2024-01-29,21737.599609375,21763.25,21429.599609375,21433.099609375,376700,2025.199951171875,76.77999877929688,83.12129974365234,15.68000030517578
2024-01-30,21522.099609375,21813.05078125,21501.80078125,21775.75,375100,2031.5,77.81999969482422,83.1530990600586,16.100000381469727
2024-01-31,21725.69921875,21741.349609375,21448.849609375,21487.25,410600,2048.39990234375,75.8499984741211,83.10970306396484,16.049999237060547
2024-02-01,21697.44921875,21832.94921875,21658.75,21780.650390625,332500,2053.0,73.81999969482422,83.05359649658203,14.460000038146973
2024-02-02,21853.80078125,22126.80078125,21805.55078125,21812.75,442800,2036.0999755859373,72.27999877929688,82.92759704589844,14.699999809265137
2024-02-05,21771.69921875,21964.30078125,21726.94921875,21921.05078125,440800,2025.699951171875,72.77999877929688,82.99929809570312,15.619999885559082
2024-02-06,21929.400390625,21951.400390625,21737.55078125,21825.19921875,371000,2034.5,73.30999755859375,83.10369873046875,15.789999961853027
2024-02-07,21930.5,22053.30078125,21860.150390625,22045.05078125,346300,2035.199951171875,73.86000061035156,83.07060241699219,15.510000228881836
2024-02-08,21717.94921875,22011.05078125,21665.30078125,22009.650390625,491100,2032.199951171875,76.22000122070312,83.01260375976562,15.829999923706056
2024-02-09,21782.5,21804.44921875,21629.900390625,21727.0,349200,2023.300048828125,76.83999633789062,82.98529815673828,15.449999809265137
2024-02-12,21616.05078125,21831.69921875,21574.75,21800.80078125,287400,2018.199951171875,76.91999816894531,83.0145034790039,16.059999465942383
2024-02-13,21743.25,21766.80078125,21543.349609375,21664.30078125,365800,1992.9000244140625,77.87000274658203,82.99019622802734,15.8100004196167
2024-02-14,21840.05078125,21870.849609375,21530.19921875,21578.150390625,359100,1990.300048828125,76.63999938964844,83.07460021972656,15.4399995803833
2024-02-15,21910.75,21953.849609375,21794.80078125,21906.55078125,345400,2002.0999755859373,78.02999877929688,83.04309844970703,15.229999542236328
2024-02-16,22040.69921875,22068.650390625,21968.94921875,22020.30078125,343900,2011.5,79.19000244140625,83.00959777832031,15.220000267028809
2024-02-19,22122.25,22186.650390625,22021.05078125,22103.44921875,0,2011.5,79.19000244140625,83.01599884033203,15.220000267028809
2024-02-20,22196.94921875,22215.599609375,22045.849609375,22099.19921875,295700,2027.5,78.18000030517578,83.02100372314453,16.06999969482422
2024-02-21,22055.05078125,22249.400390625,21997.94921875,22248.849609375,364500,2022.300048828125,77.91000366210938,82.8291015625,15.93000030517578
2024-02-22,22217.44921875,22252.5,21875.25,22081.55078125,343500,2019.699951171875,78.61000061035156,82.93840026855469,15.199999809265137
2024-02-23,22212.69921875,22297.5,22186.099609375,22290.0,226000,2038.5999755859373,76.48999786376953,82.87229919433594,14.970000267028809
2024-02-26,22122.05078125,22202.150390625,22075.150390625,22169.19921875,207800,2028.5,77.58000183105469,82.88179779052734,15.600000381469728
2024-02-27,22198.349609375,22218.25,22085.650390625,22090.19921875,252200,2034.0,78.87000274658203,82.85199737548828,15.729999542236328
2024-02-28,21951.150390625,22229.150390625,21915.849609375,22214.099609375,203000,2033.0,78.54000091552734,82.94819641113281,16.329999923706055
2024-02-29,21982.80078125,22060.55078125,21860.650390625,21935.19921875,360200,2045.699951171875,78.26000213623047,82.91190338134766,15.56999969482422
2024-03-01,22338.75,22353.30078125,22047.75,22048.30078125,351500,2086.89990234375,79.97000122070312,82.910400390625,15.239999771118164
2024-03-04,22405.599609375,22440.900390625,22358.30078125,22403.5,298800,2117.699951171875,78.73999786376953,82.84609985351562,14.920000076293944
2024-03-05,22356.30078125,22416.900390625,22269.150390625,22371.25,296200,2133.5,78.1500015258789,82.9104995727539,14.380000114440918
2024-03-06,22474.05078125,22497.19921875,22224.349609375,22327.5,312300,2150.300048828125,79.12999725341797,82.88480377197266,14.300000190734863
2024-03-07,22493.55078125,22525.650390625,22430.0,22505.30078125,379900,2158.0,78.93000030517578,82.81909942626953,13.609999656677246
2024-03-11,22332.650390625,22526.599609375,22307.25,22517.5,277900,2182.5,77.93000030517578,82.7520980834961,14.0
2024-03-12,22335.69921875,22452.55078125,22256.0,22334.44921875,299200,2160.39990234375,77.55999755859375,82.7782974243164,13.640000343322754
2024-03-13,21997.69921875,22446.75,21905.650390625,22432.19921875,493300,2175.39990234375,79.72000122070312,82.83509826660156,14.43000030517578
2024-03-14,22146.650390625,22204.599609375,21917.5,21982.55078125,426700,2163.0,81.26000213623047,82.83110046386719,13.619999885559082
2024-03-15,22023.349609375,22120.900390625,21931.69921875,22064.849609375,661500,2157.300048828125,81.04000091552734,82.9655990600586,13.6899995803833
2024-03-18,22055.69921875,22123.69921875,21916.55078125,21990.099609375,356300,2160.699951171875,82.72000122070312,82.88890075683594,13.899999618530272
2024-03-19,21817.44921875,21978.30078125,21793.099609375,21946.44921875,344200,2156.300048828125,83.47000122070312,82.86360168457031,14.109999656677246
2024-03-20,21839.099609375,21930.900390625,21710.19921875,21843.900390625,312400,2157.89990234375,81.68000030517578,83.04239654541016,13.470000267028809
2024-03-21,22011.94921875,22080.94921875,21941.30078125,21989.900390625,353200,2182.39990234375,81.06999969482422,83.05460357666016,12.510000228881836
2024-03-22,22096.75,22180.69921875,21883.30078125,21932.19921875,388700,2158.10009765625,80.62999725341797,83.22660064697266,12.220000267028809
2024-03-26,22004.69921875,22073.19921875,21947.55078125,21947.900390625,328400,2175.60009765625,81.62000274658203,83.41739654541016,12.81999969482422
2024-03-27,22123.650390625,22193.599609375,22052.849609375,22053.94921875,409100,2190.60009765625,81.3499984741211,83.34549713134766,12.699999809265137
2024-03-28,22326.900390625,22516.0,22163.599609375,22163.599609375,410500,2217.39990234375,83.16999816894531,83.36499786376953,12.829999923706056
2024-04-01,22462.0,22529.94921875,22427.75,22455.0,0,2236.5,83.70999908447266,83.36479949951172,12.079999923706056
2024-04-02,22453.30078125,22497.599609375,22388.150390625,22458.80078125,289500,2261.0,85.1500015258789,83.40969848632812,11.649999618530272
2024-04-03,22434.650390625,22521.099609375,22346.5,22385.69921875,309600,2294.39990234375,85.43000030517578,83.35030364990234,11.369999885559082
2024-04-04,22514.650390625,22619.0,22303.80078125,22592.099609375,401000,2288.800048828125,86.58999633789062,83.37329864501953,11.220000267028809
2024-04-05,22513.69921875,22537.599609375,22427.599609375,22486.400390625,242200,2325.699951171875,86.91000366210938,83.47779846191406,11.34000015258789
2024-04-08,22666.30078125,22697.30078125,22550.349609375,22578.349609375,227600,2331.699951171875,86.43000030517578,83.29679870605469,11.609999656677246
2024-04-09,22642.75,22768.400390625,22612.25,22765.099609375,232400,2343.5,85.2300033569336,83.26959991455078,11.359999656677246
2024-04-10,22753.80078125,22775.69921875,22673.69921875,22720.25,276800,2329.60009765625,86.20999908447266,83.22429656982422,11.109999656677246
2024-04-12,22519.400390625,22726.44921875,22503.75,22677.400390625,357200,2356.199951171875,85.66000366210938,83.34929656982422,11.529999732971191
2024-04-15,22272.5,22427.44921875,22259.55078125,22339.05078125,355500,2365.800048828125,85.41000366210938,83.61109924316406,12.470000267028809
2024-04-16,22147.900390625,22213.75,22079.44921875,22125.30078125,317300,2390.800048828125,85.36000061035156,83.50599670410156,12.619999885559082
2024-04-18,21995.849609375,22326.5,21961.69921875,22212.349609375,456900,2382.300048828125,82.7300033569336,83.5958023071289,13.039999961853027
2024-04-19,22147.0,22179.55078125,21777.650390625,21861.5,362500,2398.39990234375,83.13999938964844,83.54499816894531,13.460000038146973
2024-04-22,22336.400390625,22375.650390625,22198.150390625,22336.900390625,279300,2332.199951171875,82.8499984741211,83.38529968261719,12.699999809265137
2024-04-23,22368.0,22447.55078125,22349.44921875,22447.05078125,231500,2327.699951171875,83.36000061035156,83.38619995117188,10.199999809265137
2024-04-24,22402.400390625,22476.44921875,22384.0,22421.55078125,235900,2324.5,82.80999755859375,83.2833023071289,10.279999732971191
2024-04-25,22570.349609375,22625.94921875,22305.25,22316.900390625,475000,2329.800048828125,83.56999969482422,83.3405990600586,10.729999542236328
2024-04-26,22419.94921875,22620.400390625,22385.55078125,22620.400390625,329900,2334.800048828125,83.8499984741211,83.30180358886719,10.93000030517578
2024-04-29,22643.400390625,22655.80078125,22441.900390625,22475.55078125,292000,2345.39990234375,82.62999725341797,83.40229797363281,12.239999771118164
2024-04-30,22604.849609375,22783.349609375,22568.400390625,22679.650390625,361900,2291.39990234375,81.93000030517578,83.45110321044922,12.869999885559082
2024-05-02,22648.19921875,22710.5,22567.849609375,22567.849609375,445900,2299.199951171875,78.94999694824219,83.40640258789062,13.449999809265137
2024-05-03,22475.849609375,22794.69921875,22348.05078125,22766.349609375,438100,2299.0,78.11000061035156,83.40630340576172,14.619999885559082
2024-05-06,22442.69921875,22588.80078125,22409.44921875,22561.599609375,320300,2321.60009765625,78.4800033569336,83.37999725341797,16.600000381469727
2024-05-07,22302.5,22499.05078125,22232.05078125,22489.75,297800,2315.199951171875,78.37999725341797,83.4728012084961,17.010000228881836
2024-05-08,22302.5,22368.650390625,22185.19921875,22231.19921875,277400,2313.60009765625,78.98999786376953,83.46990203857422,17.079999923706055
2024-05-09,21957.5,22307.75,21932.400390625,22224.80078125,331300,2332.10009765625,79.26000213623047,83.46430206298828,18.200000762939453
2024-05-10,22055.19921875,22131.30078125,21950.30078125,21990.94921875,265800,2367.300048828125,78.26000213623047,83.45939636230469,18.46999931335449
2024-05-13,22104.05078125,22131.650390625,21821.05078125,22027.94921875,278200,2336.10009765625,79.12000274658203,83.5248031616211,20.600000381469727
2024-05-14,22217.849609375,22270.05078125,22081.25,22112.900390625,230200,2353.39990234375,78.0199966430664,83.50550079345703,20.200000762939453
2024-05-15,22200.55078125,22297.55078125,22151.75,22255.599609375,231900,2388.699951171875,78.62999725341797,83.52420043945312,20.270000457763672
2024-05-16,22403.849609375,22432.25,22054.55078125,22319.19921875,368900,2380.0,79.2300033569336,83.40509796142578,20.0
2024-05-17,22466.099609375,22502.150390625,22345.650390625,22415.25,242700,2412.199951171875,80.05999755859375,83.47010040283203,19.799999237060547
2024-05-21,22529.05078125,22591.099609375,22404.55078125,22404.55078125,347600,2421.699951171875,79.26000213623047,83.31500244140625,21.809999465942383
2024-05-22,22597.80078125,22629.5,22483.150390625,22576.599609375,290300,2389.199951171875,77.56999969482422,83.31680297851562,21.46999931335449
2024-05-23,22967.650390625,22993.599609375,22577.44921875,22614.099609375,369800,2335.0,76.87000274658203,83.26709747314453,21.3799991607666
2024-05-24,22957.099609375,23026.400390625,22908.0,22930.75,261900,2332.5,77.72000122070312,83.2863998413086,21.709999084472656
2024-05-27,22932.44921875,23110.80078125,22871.19921875,23038.94921875,260000,2332.5,77.72000122070312,83.05220031738281,23.190000534057617
2024-05-28,22888.150390625,22998.55078125,22858.5,22977.150390625,217900,2355.199951171875,79.83000183105469,83.14569854736328,24.200000762939453
2024-05-29,22704.69921875,22825.5,22685.44921875,22762.75,269900,2340.300048828125,79.2300033569336,83.20649719238281,24.18000030517578
2024-05-30,22488.650390625,22705.75,22417.0,22617.44921875,373400,2342.89990234375,77.91000366210938,83.3656005859375,24.18000030517578
2024-05-31,22530.69921875,22653.75,22465.099609375,22568.099609375,572100,2322.89990234375,76.98999786376953,83.3208999633789,24.600000381469727
2024-06-03,23263.900390625,23338.69921875,23062.30078125,23337.900390625,569400,2346.60009765625,74.22000122070312,83.45079803466797,20.940000534057617
2024-06-04,21884.5,23179.5,21281.44921875,23179.5,1006100,2325.5,73.25,83.09339904785156,26.75
2024-06-05,22620.349609375,22670.400390625,21791.94921875,22128.349609375,638500,2354.10009765625,74.06999969482422,83.62940216064453,18.88999938964844
2024-06-06,22821.400390625,22910.150390625,22642.599609375,22798.599609375,480400,2370.300048828125,75.55000305175781,83.38079833984375,16.799999237060547
2024-06-07,23290.150390625,23320.19921875,22789.05078125,22821.849609375,473600,2305.199951171875,75.52999877929688,83.47309875488281,16.8799991607666
2024-06-10,23259.19921875,23411.900390625,23227.150390625,23319.150390625,304400,2307.699951171875,77.73999786376953,83.52760314941406,16.399999618530273
2024-06-11,23264.849609375,23389.44921875,23206.650390625,23283.75,305200,2307.5,77.9000015258789,83.52980041503906,14.770000457763672
2024-06-12,23322.94921875,23441.94921875,23295.94921875,23344.44921875,295600,2336.0,78.5,83.5968017578125,14.390000343322754
2024-06-13,23398.900390625,23481.05078125,23353.900390625,23480.94921875,268300,2300.199951171875,78.62000274658203,83.5343017578125,13.489999771118164
2024-06-14,23465.599609375,23490.400390625,23334.25,23464.94921875,223100,2331.39990234375,78.44999694824219,83.52210235595703,12.81999969482422
2024-06-18,23557.900390625,23579.05078125,23499.69921875,23570.80078125,272200,2330.39990234375,81.56999969482422,83.51010131835938,12.970000267028809
2024-06-19,23516.0,23664.0,23412.900390625,23629.849609375,328800,2330.39990234375,81.56999969482422,83.37409973144531,13.710000038146973
2024-06-20,23567.0,23624.0,23442.599609375,23586.150390625,280300,2353.800048828125,82.16999816894531,83.41950225830078,13.350000381469728
2024-06-21,23501.099609375,23667.099609375,23398.19921875,23661.150390625,609900,2316.39990234375,80.7300033569336,83.60160064697266,13.18000030517578
2024-06-24,23537.849609375,23558.099609375,23350.0,23382.30078125,239400,2330.0,81.62999725341797,83.5625,14.0600004196167
2024-06-25,23721.30078125,23754.150390625,23562.05078125,23577.099609375,298100,2316.60009765625,80.83000183105469,83.46040344238281,14.3100004196167
2024-06-26,23868.80078125,23889.900390625,23670.44921875,23723.099609375,287800,2299.199951171875,80.9000015258789,83.41459655761719,14.050000190734863
2024-06-27,24044.5,24087.44921875,23805.400390625,23881.55078125,515200,2324.5,81.73999786376953,83.58039855957031,14.149999618530272
2024-06-28,24010.599609375,24174.0,23985.80078125,24085.900390625,354800,2327.699951171875,81.54000091552734,83.45089721679688,13.800000190734863
2024-07-01,24141.94921875,24164.0,23992.69921875,23992.94921875,0,2327.60009765625,83.37999725341797,83.36750030517578,13.829999923706056
2024-07-02,24123.849609375,24236.349609375,24056.400390625,24228.75,0,2323.0,82.80999755859375,83.44129943847656,13.640000343322754
2024-07-03,24286.5,24309.150390625,24207.099609375,24291.75,0,2359.800048828125,83.87999725341797,83.4791030883789,13.210000038146973
2024-07-04,24302.150390625,24401.0,24281.0,24369.94921875,251200,2359.800048828125,83.87999725341797,83.49120330810547,12.859999656677246
2024-07-05,24323.849609375,24363.0,24168.849609375,24213.349609375,298400,2388.5,83.16000366210938,83.49340057373047,12.699999809265137
2024-07-08,24320.55078125,24344.599609375,24240.55078125,24329.44921875,266300,2355.199951171875,82.33000183105469,83.47209930419922,13.600000381469728
2024-07-09,24433.19921875,24443.599609375,24331.900390625,24351.0,250500,2360.10009765625,81.41000366210938,83.45760345458984,14.279999732971191
2024-07-10,24324.44921875,24461.05078125,24141.80078125,24459.849609375,292300,2372.199951171875,82.0999984741211,83.49299621582031,14.43000030517578
2024-07-11,24315.94921875,24402.650390625,24193.75,24396.55078125,306400,2415.0,82.62000274658203,83.49590301513672,14.0
2024-07-12,24502.150390625,24592.19921875,24331.150390625,24387.94921875,325800,2414.0,82.20999908447266,83.51850128173828,13.729999542236328
2024-07-15,24586.69921875,24635.05078125,24522.75,24587.599609375,305400,2422.89990234375,81.91000366210938,83.52030181884766,14.1899995803833
2024-07-16,24613.0,24661.25,24587.650390625,24615.900390625,283200,2462.39990234375,80.76000213623047,83.58760070800781,14.220000267028809
2024-07-18,24800.849609375,24837.75,24504.44921875,24543.80078125,350900,2451.800048828125,82.81999969482422,83.57209777832031,14.510000228881836
2024-07-19,24530.900390625,24854.80078125,24508.150390625,24853.80078125,343800,2395.5,80.12999725341797,83.67430114746094,14.829999923706056
2024-07-22,24509.25,24595.19921875,24362.30078125,24445.75,324200,2392.0,79.77999877929688,83.73030090332031,15.4399995803833
2024-07-23,24479.05078125,24582.55078125,24074.19921875,24568.900390625,436400,2404.60009765625,76.95999908447266,83.67130279541016,12.75
2024-07-24,24413.5,24504.25,24307.25,24444.94921875,366600,2413.300048828125,77.58999633789062,83.70680236816406,11.760000228881836
2024-07-25,24406.099609375,24426.150390625,24210.80078125,24230.94921875,391800,2351.89990234375,78.27999877929688,83.74299621582031,12.619999885559082
2024-07-26,24834.849609375,24861.150390625,24410.900390625,24423.349609375,383800,2380.0,77.16000366210938,83.73760223388672,12.25
2024-07-29,24836.099609375,24999.75,24774.599609375,24943.30078125,355000,2377.300048828125,75.80999755859375,83.72779846191406,12.949999809265137
2024-07-30,24857.30078125,24971.75,24798.650390625,24839.400390625,385000,2405.0,74.7300033569336,83.75050354003906,12.880000114440918
2024-07-31,24951.150390625,24984.599609375,24856.5,24886.69921875,333600,2426.5,77.91000366210938,83.73899841308594,13.25
2024-08-01,25010.900390625,25078.30078125,24956.400390625,25030.94921875,431300,2435.0,76.30999755859375,83.7177963256836,12.93000030517578
2024-08-02,24717.69921875,24851.900390625,24686.849609375,24789.0,345000,2425.699951171875,73.5199966430664,83.743896484375,14.31999969482422
2024-08-05,24055.599609375,24350.05078125,23893.69921875,24302.849609375,487000,2401.699951171875,72.94000244140625,83.73529815673828,20.3700008392334
2024-08-06,23992.55078125,24382.599609375,23960.400390625,24189.849609375,312300,2389.10009765625,73.19999694824219,84.00260162353516,18.739999771118164
2024-08-07,24297.5,24337.69921875,24184.900390625,24289.400390625,317600,2390.5,75.2300033569336,83.93489837646484,16.170000076293945
2024-08-08,24117.0,24340.5,24079.69921875,24248.55078125,311900,2422.199951171875,76.19000244140625,83.94239807128906,16.600000381469727
2024-08-09,24367.5,24419.75,24311.19921875,24386.849609375,215100,2432.10009765625,76.83999633789062,83.98899841308594,15.34000015258789
2024-08-12,24347.0,24472.80078125,24212.099609375,24320.05078125,279900,2462.39990234375,80.05999755859375,83.94979858398438,15.869999885559082
2024-08-13,24139.0,24359.94921875,24116.5,24342.349609375,239700,2466.699951171875,78.3499984741211,83.88999938964844,16.170000076293945
2024-08-14,24143.75,24196.5,24099.69921875,24184.400390625,303300,2439.39990234375,76.9800033569336,83.88200378417969,15.4399995803833
2024-08-16,24541.150390625,24563.900390625,24204.5,24334.849609375,271600,2498.60009765625,76.6500015258789,83.94830322265625,14.399999618530272
2024-08-19,24572.650390625,24638.80078125,24522.94921875,24636.349609375,243600,2501.800048828125,74.37000274658203,83.88980102539062,14.31999969482422
2024-08-20,24698.849609375,24734.30078125,24607.19921875,24648.900390625,238300,2511.300048828125,74.04000091552734,83.87860107421875,13.81999969482422
2024-08-21,24770.19921875,24787.94921875,24654.5,24680.55078125,257100,2508.39990234375,71.93000030517578,83.77940368652344,13.329999923706056
2024-08-22,24811.5,24867.349609375,24784.44921875,24863.400390625,220300,2478.89990234375,73.01000213623047,83.88860321044922,13.0
2024-08-23,24823.150390625,24858.400390625,24771.650390625,24845.400390625,206800,2508.39990234375,74.83000183105469,83.94059753417969,13.550000190734863
2024-08-26,25010.599609375,25043.80078125,24874.69921875,24906.099609375,210300,2517.699951171875,77.41999816894531,83.81379699707031,13.800000190734863
2024-08-27,25017.75,25073.099609375,24973.650390625,25024.80078125,223300,2516.0,75.52999877929688,83.88369750976562,13.630000114440918
2024-08-28,25052.349609375,25129.599609375,24964.650390625,25030.80078125,220400,2501.0,74.5199966430664,83.92160034179688,13.949999809265137
2024-08-29,25151.94921875,25192.900390625,24998.5,25035.30078125,354000,2525.699951171875,75.91000366210938,83.94149780273438,13.789999961853027
2024-08-30,25235.900390625,25268.349609375,25199.400390625,25249.69921875,638200,2493.800048828125,73.55000305175781,83.89510345458984,13.390000343322754
2024-09-02,25278.69921875,25333.650390625,25235.5,25333.599609375,222800,2493.800048828125,73.55000305175781,83.86380004882812,14.0600004196167
2024-09-03,25279.849609375,25321.69921875,25235.80078125,25313.400390625,212100,2489.89990234375,70.33999633789062,83.92729949951172,13.84000015258789
2024-09-04,25198.69921875,25216.0,25083.80078125,25089.94921875,253800,2493.39990234375,69.19999694824219,83.95030212402344,14.380000114440918
2024-09-05,25145.099609375,25275.44921875,25127.75,25250.5,222200,2511.39990234375,69.1500015258789,83.98249816894531,14.210000038146973
2024-09-06,24852.150390625,25168.75,24801.30078125,25093.69921875,311700,2493.5,67.66999816894531,83.98359680175781,15.220000267028809
2024-09-09,24936.400390625,24957.5,24753.150390625,24823.400390625,254400,2501.800048828125,68.70999908447266,83.98259735107422,14.239999771118164
2024-09-10,25041.099609375,25130.5,24896.80078125,24999.400390625,251300,2512.300048828125,65.75,83.98090362548828,13.359999656677246
2024-09-11,24918.44921875,25113.69921875,24885.150390625,25034.0,279200,2512.10009765625,67.30999755859375,83.98200225830078,13.630000114440918
2024-09-12,25388.900390625,25433.349609375,24941.44921875,25059.650390625,380100,2551.199951171875,68.97000122070312,83.99259948730469,13.18000030517578
2024-09-13,25356.5,25430.5,25292.44921875,25430.44921875,250800,2581.300048828125,68.6500015258789,83.93479919433594,12.550000190734863
2024-09-16,25383.75,25445.69921875,25336.19921875,25406.650390625,168700,2580.39990234375,70.08999633789062,83.88480377197266,12.460000038146973
2024-09-17,25418.55078125,25441.650390625,25352.25,25416.900390625,216000,2564.300048828125,71.19000244140625,83.88400268554688,12.59000015258789
2024-09-18,25377.55078125,25482.19921875,25285.55078125,25402.400390625,215700,2570.699951171875,70.91000366210938,83.77059936523438,13.369999885559082
2024-09-19,25415.80078125,25611.94921875,25376.05078125,25487.05078125,314500,2588.0,71.94999694824219,83.69170379638672,12.470000267028809
2024-09-20,25790.94921875,25849.25,25426.599609375,25525.94921875,533100,2619.89990234375,71.91999816894531,83.61470031738281,12.789999961853027
2024-09-23,25939.05078125,25956.0,25847.349609375,25872.55078125,209200,2626.5,70.37000274658203,83.48709869384766,13.789999961853027
2024-09-24,25940.400390625,26011.55078125,25886.849609375,25921.44921875,384100,2651.199951171875,71.55999755859375,83.55960083007812,13.390000343322754
2024-09-25,26004.150390625,26032.80078125,25871.349609375,25899.44921875,278500,2659.199951171875,69.69000244140625,83.56759643554688,12.739999771118164
2024-09-26,26216.05078125,26250.900390625,25998.400390625,26005.400390625,370900,2669.89990234375,67.66999816894531,83.62409973144531,12.0
2024-09-27,26178.94921875,26277.349609375,26151.400390625,26248.25,490300,2644.300048828125,68.18000030517578,83.61710357666016,11.960000038146973
2024-09-30,25810.849609375,26134.69921875,25794.099609375,26061.30078125,343100,2636.10009765625,68.16999816894531,83.71640014648438,12.789999961853027
2024-10-01,25796.900390625,25907.599609375,25739.19921875,25788.44921875,247400,2667.300048828125,69.83000183105469,83.82730102539062,11.989999771118164
2024-10-03,25250.099609375,25639.44921875,25230.30078125,25452.849609375,423400,2657.10009765625,73.70999908447266,83.91960144042969,13.170000076293944
2024-10-04,25014.599609375,25485.05078125,24966.80078125,25181.900390625,374900,2645.800048828125,74.37999725341797,84.0093994140625,14.130000114440918
2024-10-07,24795.75,25143.0,24694.349609375,25084.099609375,374300,2644.800048828125,77.13999938964844,84.02780151367188,15.079999923706056
2024-10-08,25013.150390625,25044.0,24756.80078125,24832.19921875,333200,2615.0,73.56999969482422,83.96410369873047,14.59000015258789
2024-10-09,24981.94921875,25234.05078125,24947.69921875,25065.80078125,290600,2606.0,73.23999786376953,83.91459655761719,14.119999885559082
2024-10-10,24998.44921875,25134.05078125,24979.400390625,25067.05078125,261400,2620.60009765625,75.8499984741211,83.94219970703125,13.5
2024-10-11,24964.25,25028.650390625,24920.05078125,24985.30078125,210500,2657.60009765625,75.55999755859375,83.94599914550781,13.220000267028809
2024-10-14,25127.94921875,25159.75,25017.5,25023.44921875,206400,2647.800048828125,73.83000183105469,84.16829681396484,13.0
2024-10-15,25057.349609375,25212.05078125,25008.150390625,25186.30078125,257200,2661.39990234375,70.58000183105469,84.04850006103516,13.0
2024-10-16,24971.30078125,25093.400390625,24908.44921875,25008.55078125,226800,2674.0,70.38999938964844,84.05619812011719,13.050000190734863
2024-10-17,24749.849609375,25029.5,24728.900390625,25027.400390625,252800,2691.0,70.66999816894531,84.03929901123047,13.390000343322754
2024-10-18,24854.05078125,24886.19921875,24567.650390625,24664.94921875,290900,2713.699951171875,69.22000122070312,84.05380249023438,13.039999961853027
2024-10-21,24781.099609375,24978.30078125,24679.599609375,24956.150390625,242000,2723.10009765625,70.55999755859375,84.0687026977539,13.760000228881836
2024-10-22,24472.099609375,24882.0,24445.80078125,24798.650390625,279500,2744.199951171875,72.08999633789062,84.07350158691406,14.399999618530272
2024-10-23,24435.5,24604.25,24378.099609375,24378.150390625,284600,2714.39990234375,70.7699966430664,84.08399963378906,14.619999885559082
2024-10-24,24399.400390625,24480.650390625,24341.19921875,24412.69921875,216700,2734.89990234375,70.19000244140625,84.06759643554688,13.970000267028809
2024-10-25,24180.80078125,24440.25,24073.900390625,24418.05078125,372600,2740.89990234375,71.77999877929688,84.08180236816406,14.630000114440918
2024-10-28,24339.150390625,24492.599609375,24134.900390625,24251.099609375,278600,2742.89990234375,67.37999725341797,84.10199737548828,14.289999961853027
2024-10-29,24466.849609375,24484.5,24140.849609375,24328.849609375,332000,2768.39990234375,67.20999908447266,84.10279846191406,14.520000457763672
2024-10-30,24340.849609375,24498.19921875,24307.30078125,24371.44921875,285200,2788.5,68.61000061035156,84.08930206298828,15.510000228881836
2024-10-31,24205.349609375,24372.44921875,24172.599609375,24349.849609375,287000,2738.300048828125,69.26000213623047,84.08910369873047,15.550000190734863
2024-11-01,24304.349609375,24368.25,24280.19921875,24302.75,38800,2738.60009765625,69.48999786376953,84.09149932861328,15.899999618530272
2024-11-04,23995.349609375,24316.75,23816.150390625,24315.75,285500,2736.10009765625,71.47000122070312,84.13359832763672,16.690000534057617
2024-11-05,24213.30078125,24229.05078125,23842.75,23916.5,289500,2740.300048828125,71.98999786376953,84.15249633789062,16.1200008392334
2024-11-06,24484.05078125,24537.599609375,24204.05078125,24308.75,351100,2667.60009765625,71.69000244140625,84.11630249023438,14.869999885559082
2024-11-07,24199.349609375,24503.349609375,24179.05078125,24489.599609375,322200,2698.39990234375,72.36000061035156,84.2511978149414,14.9399995803833
2024-11-08,24148.19921875,24276.150390625,24066.650390625,24207.69921875,298700,2687.5,70.37999725341797,84.306396484375,14.470000267028809
2024-11-11,24141.30078125,24336.80078125,24004.599609375,24087.25,273400,2611.199951171875,68.04000091552734,84.38289642333984,14.270000457763672
2024-11-12,23883.44921875,24242.0,23839.150390625,24225.80078125,255800,2600.0,68.12000274658203,84.39649963378906,14.59000015258789
2024-11-13,23559.05078125,23873.599609375,23509.599609375,23822.44921875,304600,2580.800048828125,68.43000030517578,84.39530181884766,15.4399995803833
2024-11-14,23532.69921875,23675.900390625,23484.150390625,23542.150390625,257700,2568.199951171875,68.69999694824219,84.4229965209961,14.779999732971191
2024-11-18,23453.80078125,23606.80078125,23350.400390625,23605.30078125,263300,2610.60009765625,69.16000366210938,84.47750091552734,15.170000076293944
2024-11-19,23518.5,23780.650390625,23464.80078125,23529.55078125,297500,2627.10009765625,69.38999938964844,84.39849853515625,15.65999984741211
2024-11-21,23349.900390625,23507.30078125,23263.150390625,23488.44921875,420300,2672.10009765625,70.0999984741211,84.38310241699219,15.989999771118164
2024-11-22,23907.25,23956.099609375,23359.0,23411.80078125,367600,2709.89990234375,71.23999786376953,84.48829650878906,16.100000381469727
2024-11-25,24221.900390625,24351.55078125,24135.44921875,24253.55078125,687200,2616.800048828125,68.94000244140625,84.43599700927734,15.300000190734863
2024-11-26,24194.5,24343.30078125,24125.400390625,24343.30078125,230700,2620.300048828125,68.7699966430664,84.37750244140625,15.3100004196167
2024-11-27,24274.900390625,24354.55078125,24145.650390625,24204.80078125,295000,2639.89990234375,68.72000122070312,84.33910369873047,14.630000114440918
2024-11-28,23914.150390625,24345.75,23873.349609375,24274.150390625,366700,2639.89990234375,68.72000122070312,84.42030334472656,15.210000038146973
2024-11-29,24131.099609375,24188.44921875,23927.150390625,23927.150390625,282100,2657.0,68.0,84.47160339355469,14.43000030517578
2024-12-02,24276.05078125,24301.69921875,24008.650390625,24140.849609375,220400,2634.89990234375,68.0999984741211,84.55699920654297,14.699999809265137
2024-12-03,24457.150390625,24481.349609375,24280.0,24367.5,339500,2644.699951171875,69.94000244140625,84.73709869384766,14.369999885559082
2024-12-04,24467.44921875,24573.19921875,24366.30078125,24488.75,348000,2653.800048828125,68.54000091552734,84.68309783935547,14.449999809265137
2024-12-05,24708.400390625,24857.75,24295.55078125,24539.150390625,361500,2626.60009765625,68.30000305175781,84.70700073242188,14.529999732971191
2024-12-06,24677.80078125,24751.05078125,24620.5,24729.44921875,226700,2638.60009765625,67.19999694824219,84.68379974365234,14.140000343322754
2024-12-09,24619.0,24705.0,24580.05078125,24633.900390625,248100,2664.89990234375,68.37000274658203,84.66600036621094,14.109999656677246
2024-12-10,24610.05078125,24677.80078125,24510.650390625,24652.650390625,261000,2697.60009765625,68.58999633789062,84.84729766845703,13.779999732971191
2024-12-11,24641.80078125,24691.75,24583.849609375,24620.5,187300,2733.800048828125,70.29000091552734,84.8740005493164,13.270000457763672
2024-12-12,24548.69921875,24675.25,24527.94921875,24604.44921875,266100,2687.5,70.0199966430664,84.85710144042969,13.1899995803833
2024-12-13,24768.30078125,24792.30078125,24180.80078125,24498.349609375,310100,2656.0,71.29000091552734,84.83920288085938,13.050000190734863
2024-12-16,24668.25,24781.25,24601.75,24753.400390625,187600,2651.39990234375,70.70999908447266,84.802001953125,14.020000457763672
2024-12-17,24336.0,24624.099609375,24303.44921875,24584.80078125,264900,2644.39990234375,70.08000183105469,84.91729736328125,14.489999771118164
2024-12-18,24198.849609375,24394.44921875,24149.849609375,24297.94921875,235300,2636.5,70.58000183105469,84.91539764404297,14.369999885559082
2024-12-19,23951.69921875,24004.900390625,23870.30078125,23877.150390625,271100,2592.199951171875,69.91000366210938,85.16549682617188,14.510000228881836
2024-12-20,23587.5,24065.80078125,23537.349609375,23960.69921875,442700,2628.699951171875,69.45999908447266,85.27940368652344,15.06999969482422
2024-12-23,23753.44921875,23869.55078125,23647.19921875,23738.19921875,189800,2612.300048828125,69.23999786376953,84.94499969482422,13.520000457763672
2024-12-24,23727.650390625,23867.650390625,23685.150390625,23769.099609375,177700,2620.0,70.0999984741211,85.0988998413086,13.18000030517578
2024-12-26,23750.19921875,23854.5,23653.599609375,23775.80078125,177700,2638.800048828125,69.62000274658203,85.41339874267578,14.039999961853027
2024-12-27,23813.400390625,23938.849609375,23800.599609375,23801.400390625,176800,2617.199951171875,70.5999984741211,85.26090240478516,13.239999771118164
2024-12-30,23644.900390625,23915.349609375,23599.30078125,23796.900390625,364900,2606.10009765625,70.98999786376953,85.38600158691406,13.970000267028809
2024-12-31,23644.80078125,23689.849609375,23460.44921875,23560.599609375,193600,2629.199951171875,71.72000122070312,85.7865982055664,14.449999809265137
2025-01-01,23742.900390625,23822.80078125,23562.80078125,23637.650390625,154900,2629.199951171875,71.72000122070312,85.7865982055664,14.449999809265137
2025-01-02,24188.650390625,24226.69921875,23751.55078125,23783.0,283200,2658.89990234375,73.12999725341797,85.78569793701172,13.739999771118164
2025-01-03,24004.75,24196.44921875,23976.0,24196.400390625,312300,2645.0,73.95999908447266,85.80400085449219,13.539999961853027
2025-01-06,23616.05078125,24089.94921875,23551.900390625,24045.80078125,278100,2638.39990234375,73.55999755859375,85.75900268554688,15.649999618530272
2025-01-07,23707.900390625,23795.19921875,23637.80078125,23679.900390625,262300,2656.699951171875,74.25,85.68070220947266,14.65999984741211
2025-01-08,23688.94921875,23751.849609375,23496.150390625,23746.650390625,266400,2664.5,73.31999969482422,85.80650329589844,14.470000267028809
2025-01-09,23526.5,23689.5,23503.05078125,23674.75,269200,2683.800048828125,73.91999816894531,85.90750122070312,14.65999984741211
2025-01-10,23431.5,23596.599609375,23344.349609375,23551.900390625,261000,2708.5,76.56999969482422,85.91999816894531,14.920000076293944
2025-01-13,23085.94921875,23340.94921875,23047.25,23195.400390625,316500,2673.5,78.81999969482422,86.18800354003906,16.0
2025-01-14,23176.05078125,23264.94921875,23134.150390625,23165.900390625,311200,2677.5,77.5,86.65059661865234,15.470000267028809
2025-01-15,23213.19921875,23293.650390625,23146.44921875,23250.44921875,228000,2712.5,80.04000091552734,86.535400390625,15.260000228881836
2025-01-16,23311.80078125,23391.650390625,23272.05078125,23377.25,299400,2746.39990234375,78.68000030517578,86.43099975585938,15.470000267028809
2025-01-17,23203.19921875,23292.099609375,23100.349609375,23277.099609375,272900,2744.300048828125,77.87999725341797,86.6061019897461,15.75
2025-01-20,23344.75,23391.099609375,23170.650390625,23290.400390625,301500,2744.300048828125,77.87999725341797,86.56900024414062,16.420000076293945
2025-01-21,23024.650390625,23426.30078125,22976.849609375,23421.650390625,312900,2755.0,75.88999938964844,86.21109771728516,17.059999465942383
2025-01-22,23155.349609375,23169.55078125,22981.30078125,23099.150390625,276000,2767.60009765625,75.44000244140625,86.45189666748047,16.770000457763672
2025-01-23,23205.349609375,23270.80078125,23090.650390625,23128.30078125,275600,2763.10009765625,74.62000274658203,86.47270202636719,16.700000762939453
2025-01-24,23092.19921875,23347.30078125,23050.0,23183.900390625,264300,2777.300048828125,74.66000366210938,86.44020080566406,16.75
2025-01-27,22829.150390625,23007.44921875,22786.900390625,22940.150390625,257400,2737.5,73.16999816894531,86.2030029296875,18.1299991607666
2025-01-28,22957.25,23137.94921875,22857.650390625,22960.44921875,361900,2766.800048828125,73.7699966430664,86.46839904785156,18.200000762939453
2025-01-29,23163.099609375,23183.349609375,22976.5,23026.75,226300,2769.10009765625,72.62000274658203,86.58460235595703,18.63999938964844
2025-01-30,23249.5,23322.05078125,23139.19921875,23169.5,361900,2823.0,72.7300033569336,86.6406021118164,17.389999389648438
2025-01-31,23508.400390625,23546.80078125,23277.400390625,23296.75,304900,2812.5,72.52999877929688,86.64700317382812,16.25
2025-02-01,23482.150390625,23632.44921875,23318.30078125,23528.599609375,281000,2812.5,72.52999877929688,86.64700317382812,16.25
2025-02-03,23361.05078125,23381.599609375,23222.0,23319.349609375,329700,2833.89990234375,73.16000366210938,86.55400085449219,14.350000381469728
2025-02-04,23739.25,23762.75,23423.150390625,23509.900390625,376700,2853.300048828125,72.69999694824219,86.94339752197266,14.020000457763672
2025-02-05,23696.30078125,23807.30078125,23680.44921875,23801.75,267000,2871.60009765625,71.02999877929688,87.13009643554688,14.079999923706056
2025-02-06,23603.349609375,23773.55078125,23556.25,23761.94921875,307000,2856.0,70.61000061035156,87.33409881591797,14.18000030517578
2025-02-07,23559.94921875,23694.5,23443.19921875,23649.5,368100,2867.300048828125,71.0,87.58830261230469,13.6899995803833
2025-02-10,23381.599609375,23568.599609375,23316.30078125,23543.80078125,234200,2914.300048828125,72.31999969482422,87.51309967041016,14.449999809265137
2025-02-11,23071.80078125,23390.05078125,22986.650390625,23383.55078125,268000,2912.5,73.31999969482422,87.49009704589844,14.869999885559082
2025-02-12,23045.25,23144.69921875,22798.349609375,23050.80078125,279700,2909.0,71.37000274658203,86.81120300292969,14.899999618530272
2025-02-13,23031.400390625,23235.5,22992.19921875,23055.75,265700,2925.89990234375,71.29000091552734,86.8740005493164,14.960000038146973
2025-02-14,22929.25,23133.69921875,22774.849609375,23096.44921875,254500,2883.60009765625,70.73999786376953,86.75409698486328,15.020000457763672
2025-02-17,22959.5,22974.19921875,22725.44921875,22809.900390625,207400,2883.60009765625,70.73999786376953,86.43460083007812,15.720000267028809
2025-02-18,22945.30078125,22992.5,22801.5,22963.650390625,210600,2931.60009765625,71.8499984741211,86.85479736328125,15.670000076293944
2025-02-19,22932.900390625,23049.94921875,22814.849609375,22847.25,207000,2919.39990234375,72.25,86.88719940185547,15.420000076293944
2025-02-20,22913.150390625,22923.849609375,22812.75,22821.099609375,240800,2940.0,72.56999969482422,86.872802734375,14.68000030517578
2025-02-21,22795.900390625,22921.0,22720.30078125,22857.19921875,242800,2937.60009765625,70.4000015258789,86.45120239257812,14.529999732971191
2025-02-24,22553.349609375,22668.05078125,22518.80078125,22609.349609375,214300,2947.89990234375,70.69999694824219,86.52940368652344,14.4399995803833
2025-02-25,22547.55078125,22625.30078125,22513.900390625,22516.44921875,250300,2904.5,68.93000030517578,86.69010162353516,13.720000267028809
2025-02-27,22545.05078125,22613.30078125,22508.400390625,22568.94921875,289200,2883.199951171875,70.3499984741211,87.16220092773438,13.3100004196167
2025-02-28,22124.69921875,22450.349609375,22104.849609375,22433.400390625,551300,2836.800048828125,69.76000213623047,87.3270034790039,13.90999984741211
2025-03-03,22119.30078125,22261.55078125,22004.69921875,22194.55078125,282400,2890.199951171875,68.37000274658203,87.46399688720703,13.760000228881836
2025-03-04,22082.650390625,22105.05078125,21964.599609375,21974.44921875,253300,2909.60009765625,68.26000213623047,87.32959747314453,13.829999923706056
2025-03-05,22337.30078125,22394.900390625,22067.80078125,22073.05078125,305900,2915.300048828125,66.30999755859375,87.21700286865234,13.670000076293944
2025-03-06,22544.69921875,22556.44921875,22245.849609375,22476.349609375,372100,2916.60009765625,66.36000061035156,86.88929748535156,13.729999542236328
2025-03-07,22552.5,22633.80078125,22464.75,22508.650390625,289800,2904.699951171875,67.04000091552734,87.12879943847656,13.470000267028809
2025-03-10,22460.30078125,22676.75,22429.05078125,22521.849609375,293900,2891.0,66.02999877929688,87.07379913330078,13.989999771118164
2025-03-11,22497.900390625,22522.099609375,22314.69921875,22345.94921875,347900,2912.89990234375,66.25,87.3551025390625,14.06999969482422
2025-03-12,22470.5,22577.400390625,22329.55078125,22536.349609375,369700,2939.10009765625,67.68000030517578,87.20010375976562,13.6899995803833
2025-03-13,22397.19921875,22558.05078125,22377.349609375,22541.5,287500,2984.300048828125,66.55000305175781,87.3405990600586,13.279999732971191
2025-03-17,22508.75,22577.0,22353.150390625,22353.150390625,251100,3000.0,67.58000183105469,86.93900299072266,13.420000076293944
2025-03-18,22834.30078125,22857.80078125,22599.19921875,22662.25,272600,3035.10009765625,66.9000015258789,86.91639709472656,13.210000038146973
2025-03-19,22907.599609375,22940.69921875,22807.94921875,22874.94921875,324000,3035.89990234375,67.16000366210938,86.57610321044922,13.300000190734863
2025-03-20,23190.650390625,23216.69921875,22973.94921875,23036.599609375,313700,3040.0,68.26000213623047,86.33709716796875,12.600000381469728
2025-03-21,23350.400390625,23402.69921875,23132.80078125,23168.25,541000,3018.199951171875,68.27999877929688,86.33609771728516,12.579999923706056
2025-03-24,23658.349609375,23708.75,23433.5,23515.400390625,311900,3013.10009765625,69.11000061035156,85.98699951171875,13.699999809265137
2025-03-25,23668.650390625,23869.599609375,23601.400390625,23751.5,338200,3023.699951171875,69.0,85.53209686279297,13.640000343322754
2025-03-26,23486.849609375,23736.5,23451.69921875,23700.94921875,278600,3020.89990234375,69.6500015258789,85.59040069580078,13.470000267028809
2025-03-27,23591.94921875,23646.44921875,23412.19921875,23433.94921875,510300,3060.199951171875,69.91999816894531,86.09539794921875,13.300000190734863
2025-03-28,23519.349609375,23649.19921875,23450.19921875,23600.400390625,295400,3086.5,69.36000061035156,85.69490051269531,12.720000267028809
2025-04-01,23165.69921875,23565.150390625,23136.400390625,23341.099609375,314300,3118.89990234375,71.19999694824219,85.46810150146484,13.779999732971191
2025-04-02,23332.349609375,23350.0,23158.44921875,23192.599609375,341000,3139.89990234375,71.70999908447266,85.61009979248047,13.720000267028809
2025-04-03,23250.099609375,23306.5,23145.80078125,23150.30078125,283200,3097.0,66.94999694824219,85.65119934082031,13.600000381469728
2025-04-04,22904.44921875,23214.69921875,22857.44921875,23190.400390625,466800,3012.0,61.9900016784668,85.28289794921875,13.760000228881836
2025-04-07,22161.599609375,22254.0,21743.650390625,21758.400390625,647100,2951.300048828125,60.70000076293945,85.529296875,22.790000915527344
2025-04-08,22535.849609375,22697.19921875,22270.849609375,22446.75,468300,2968.39990234375,59.58000183105469,86.0270004272461,20.440000534057617
2025-04-09,22399.150390625,22468.69921875,22353.25,22460.30078125,383800,3056.5,62.34999847412109,86.435302734375,21.43000030517578
2025-04-11,22828.55078125,22923.900390625,22695.400390625,22695.400390625,402200,3222.199951171875,61.5,86.2603988647461,20.11000061035156
2025-04-15,23328.55078125,23368.349609375,23207.0,23368.349609375,388300,3218.699951171875,61.33000183105469,86.0447998046875,16.1299991607666
2025-04-16,23437.19921875,23452.19921875,23273.05078125,23344.099609375,348400,3326.60009765625,62.470001220703125,85.72669982910156,15.869999885559082
2025-04-17,23851.650390625,23872.349609375,23298.55078125,23401.849609375,505300,3308.699951171875,64.68000030517578,85.62049865722656,15.470000267028809
2025-04-21,24125.55078125,24189.55078125,23903.650390625,23949.150390625,406100,3406.199951171875,63.08000183105469,85.62049865722656,15.520000457763672
2025-04-22,24167.25,24242.599609375,24072.0,24185.400390625,440900,3400.800048828125,64.30999755859375,85.15889739990234,15.229999542236328
2025-04-23,24328.94921875,24359.30078125,24119.94921875,24357.599609375,415000,3276.300048828125,62.27000045776367,85.2323989868164,15.960000038146973
2025-04-24,24246.69921875,24347.849609375,24216.150390625,24277.900390625,358800,3332.0,62.790000915527344,85.4999008178711,16.25
2025-04-25,24039.349609375,24365.44921875,23847.849609375,24289.0,387700,3282.39990234375,63.02000045776367,85.2573013305664,17.15999984741211
2025-04-28,24328.5,24355.099609375,24054.05078125,24070.25,320500,3332.5,62.04999923706055,85.38490295410156,16.940000534057617
2025-04-29,24335.94921875,24457.650390625,24290.75,24370.69921875,357600,3318.800048828125,60.41999816894531,85.1603012084961,17.3700008392334
2025-04-30,24334.19921875,24396.150390625,24198.75,24342.05078125,424500,3305.0,58.209999084472656,85.1707992553711,18.21999931335449
2025-05-02,24346.69921875,24589.150390625,24238.5,24311.900390625,421100,3231.89990234375,58.290000915527344,84.69670104980469,18.26000022888184
2025-05-05,24461.150390625,24526.400390625,24400.650390625,24419.5,291500,3311.300048828125,57.130001068115234,84.52629852294922,18.34000015258789
2025-05-06,24379.599609375,24509.650390625,24331.80078125,24500.75,302400,3411.39990234375,59.09000015258789,84.2208023071289,19.0
2025-05-07,24414.400390625,24449.599609375,24220.0,24233.30078125,330100,3381.39990234375,58.06999969482422,84.79319763183594,19.059999465942383
2025-05-08,24273.80078125,24447.25,24150.19921875,24431.5,411400,3296.60009765625,59.90999984741211,84.81719970703125,21.01000022888184
2025-05-09,24008.0,24164.25,23935.75,23935.75,335600,3335.39990234375,61.02000045776367,86.08219909667969,21.6299991607666
2025-05-12,24924.69921875,24944.80078125,24378.849609375,24420.099609375,368700,3220.0,61.95000076293945,85.4083023071289,18.38999938964844
2025-05-13,24578.349609375,24973.80078125,24547.5,24864.05078125,423000,3240.300048828125,63.66999816894531,84.9656982421875,18.200000762939453
2025-05-14,24666.900390625,24767.55078125,24535.55078125,24613.80078125,345500,3181.39990234375,63.150001525878906,85.060302734375,17.229999542236328
2025-05-15,25062.099609375,25116.25,24494.44921875,24694.44921875,500800,3220.699951171875,61.619998931884766,85.48760223388672,16.889999389648438
2025-05-16,25019.80078125,25070.0,24953.05078125,25064.650390625,432700,3182.0,62.4900016784668,85.44490051269531,16.549999237060547
2025-05-19,24945.44921875,25062.94921875,24916.650390625,25005.349609375,255300,3228.89990234375,62.68999862670898,85.50029754638672,17.360000610351562
2025-05-20,24683.900390625,25010.349609375,24669.69921875,24996.19921875,414800,3280.300048828125,62.560001373291016,85.37210083007812,17.389999389648438
2025-05-21,24813.44921875,24946.19921875,24685.349609375,24744.25,332700,3309.300048828125,61.56999969482422,85.53610229492188,17.549999237060547
2025-05-22,24609.69921875,24737.5,24462.400390625,24733.94921875,403300,3292.300048828125,61.20000076293945,85.60030364990234,17.260000228881836
2025-05-23,24853.150390625,24909.05078125,24614.05078125,24639.5,270500,3363.60009765625,61.52999877929688,85.97489929199219,17.280000686645508
2025-05-26,25001.150390625,25079.19921875,24900.5,24919.349609375,302800,3363.60009765625,61.52999877929688,85.19930267333984,18.020000457763672
2025-05-27,24826.19921875,25062.900390625,24704.099609375,24956.650390625,525700,3299.10009765625,60.88999938964844,85.158203125,18.540000915527344
2025-05-28,24752.44921875,24864.25,24737.05078125,24832.5,684400,3293.60009765625,61.84000015258789,85.3604965209961,18.020000457763672
2025-05-29,24833.599609375,24892.599609375,24677.30078125,24825.099609375,345400,3317.10009765625,60.93999862670898,85.38590240478516,16.420000076293945
2025-05-30,24750.69921875,24863.94921875,24717.400390625,24812.599609375,853900,3288.89990234375,60.790000915527344,85.36129760742188,16.079999923706055
2025-06-02,24716.599609375,24754.400390625,24526.150390625,24669.69921875,311100,3370.60009765625,62.52000045776367,85.52429962158203,17.15999984741211
2025-06-03,24542.5,24845.099609375,24502.150390625,24786.30078125,349300,3350.199951171875,63.40999984741211,85.36370086669922,16.559999465942383
2025-06-04,24620.19921875,24644.25,24530.44921875,24560.44921875,280900,3373.5,62.84999847412109,85.70880126953125,15.75
2025-06-05,24750.900390625,24899.849609375,24613.099609375,24691.19921875,388400,3350.699951171875,63.369998931884766,85.9041976928711,15.079999923706056
2025-06-06,25003.05078125,25029.5,24671.44921875,24748.69921875,335600,3322.699951171875,64.58000183105469,85.87750244140625,14.630000114440918
2025-06-09,25103.19921875,25160.099609375,25077.150390625,25160.099609375,279200,3332.10009765625,65.29000091552734,85.7853012084961,14.6899995803833
2025-06-10,25104.25,25199.30078125,25055.44921875,25196.05078125,307300,3320.89990234375,64.9800033569336,85.75599670410156,14.020000457763672
2025-06-11,25141.400390625,25222.400390625,25081.30078125,25134.150390625,301200,3321.300048828125,68.1500015258789,85.65280151367188,13.670000076293944
2025-06-12,24888.19921875,25196.19921875,24825.900390625,25164.44921875,328300,3380.89990234375,68.04000091552734,85.46980285644531,14.020000457763672
2025-06-13,24718.599609375,24754.349609375,24473.0,24473.0,318700,3431.199951171875,72.9800033569336,85.68840026855469,15.079999923706056
2025-06-16,24946.5,24967.099609375,24703.599609375,24732.349609375,305800,3396.39990234375,71.7699966430664,86.24919891357422,14.84000015258789
2025-06-17,24853.400390625,24982.05078125,24813.69921875,24977.849609375,242400,3386.60009765625,74.83999633789062,86.10420227050781,14.399999618530272
2025-06-18,24812.05078125,24947.55078125,24750.44921875,24788.349609375,237600,3389.800048828125,75.13999938964844,86.36270141601562,14.279999732971191
2025-06-19,24793.25,24863.099609375,24733.400390625,24803.25,274600,3389.800048828125,75.13999938964844,86.61360168457031,14.260000228881836
2025-06-20,25112.400390625,25136.19921875,24783.650390625,24787.650390625,574700,3368.10009765625,74.93000030517578,86.58380126953125,13.670000076293944
2025-06-23,24971.900390625,25057.0,24824.849609375,24939.75,248500,3377.699951171875,68.51000213623047,86.5802993774414,14.050000190734863
2025-06-24,25044.349609375,25317.69921875,24999.69921875,25179.900390625,450200,3317.39990234375,64.37000274658203,86.23300170898438,13.640000343322754
2025-06-25,25244.75,25266.80078125,25125.05078125,25150.349609375,260600,3327.10009765625,64.91999816894531,85.90480041503906,12.960000038146973
2025-06-26,25549.0,25565.30078125,25259.900390625,25268.94921875,428900,3333.5,65.23999786376953,86.006103515625,12.59000015258789
2025-06-27,25637.80078125,25654.19921875,25523.55078125,25576.650390625,564000,3273.699951171875,65.5199966430664,85.66639709472656,12.390000343322754
2025-06-30,25517.05078125,25669.349609375,25473.30078125,25661.650390625,271000,3294.39990234375,65.11000061035156,85.4552993774414,12.789999961853027
2025-07-01,25541.80078125,25593.400390625,25501.80078125,25551.349609375,260700,3336.699951171875,65.44999694824219,85.71399688720703,12.529999732971191
2025-07-02,25453.400390625,25608.099609375,25378.75,25588.30078125,309800,3348.0,67.44999694824219,85.6427993774414,12.449999809265137
2025-07-03,25405.30078125,25587.5,25384.349609375,25505.099609375,293400,3331.60009765625,67.0,85.69409942626953,12.390000343322754
2025-07-04,25461.0,25470.25,25331.650390625,25428.849609375,193500,3332.5,66.5,85.31909942626953,12.31999969482422
2025-07-07,25461.30078125,25489.80078125,25407.25,25450.44921875,196100,3332.199951171875,67.93000030517578,85.49629974365234,12.5600004196167
2025-07-08,25522.5,25548.05078125,25424.150390625,25427.849609375,210400,3307.0,68.33000183105469,85.89199829101562,12.199999809265137
2025-07-09,25476.099609375,25548.69921875,25424.349609375,25514.599609375,239100,3311.60009765625,68.37999725341797,85.7073974609375,11.9399995803833
2025-07-10,25355.25,25524.05078125,25340.44921875,25511.650390625,219600,3317.39990234375,66.56999969482422,85.70850372314453,11.670000076293944
2025-07-11,25149.849609375,25322.44921875,25129.0,25255.5,250000,3356.0,68.44999694824219,85.73480224609375,11.81999969482422
2025-07-14,25082.30078125,25151.099609375,25001.94921875,25149.5,259500,3351.5,66.9800033569336,85.82129669189453,11.979999542236328
2025-07-15,25195.80078125,25245.19921875,25088.44921875,25089.5,241300,3329.800048828125,66.5199966430664,85.96839904785156,11.479999542236328
2025-07-16,25212.05078125,25255.30078125,25121.05078125,25196.599609375,228800,3352.5,66.37999725341797,85.99310302734375,11.239999771118164
2025-07-17,25111.44921875,25238.349609375,25101.0,25230.75,243400,3340.10009765625,67.54000091552734,85.88520050048828,11.239999771118164
2025-07-18,24968.400390625,25144.599609375,24918.650390625,25108.55078125,317000,3353.0,67.33999633789062,86.04650115966797,11.390000343322754
2025-07-21,25090.69921875,25111.400390625,24882.30078125,24999.0,305200,3401.89990234375,67.19999694824219,86.14859771728516,11.199999809265137
2025-07-22,25060.900390625,25182.0,25035.55078125,25166.650390625,483700,3439.199951171875,66.20999908447266,86.19529724121094,10.75
2025-07-23,25219.900390625,25233.5,25085.5,25139.349609375,271500,3394.10009765625,65.25,86.3427963256836,10.520000457763672
2025-07-24,25062.099609375,25246.25,25018.69921875,25243.30078125,338700,3371.0,66.02999877929688,86.39869689941406,10.720000267028809
2025-07-25,24837.0,25010.349609375,24806.349609375,25010.349609375,278100,3334.0,65.16000366210938,86.4302978515625,11.279999732971191
2025-07-28,24680.900390625,24889.19921875,24646.599609375,24782.44921875,262100,3309.10009765625,66.70999908447266,86.506103515625,12.0600004196167
2025-07-29,24821.099609375,24847.150390625,24598.599609375,24609.650390625,284700,3323.39990234375,69.20999908447266,86.77760314941406,11.529999732971191
2025-07-30,24855.05078125,24902.30078125,24771.94921875,24890.400390625,243900,3295.800048828125,70.0,87.06320190429688,11.210000038146973
2025-07-31,24768.349609375,24956.5,24635.0,24642.25,346300,3293.199951171875,69.26000213623047,87.714599609375,11.539999961853027
2025-08-01,24565.349609375,24784.150390625,24535.05078125,24734.900390625,263400,3347.699951171875,67.33000183105469,87.4894027709961,11.979999542236328
2025-08-04,24722.75,24736.25,24554.0,24596.05078125,259300,3374.39990234375,66.29000091552734,87.24530029296875,11.970000267028809
2025-08-05,24649.55078125,24733.099609375,24590.30078125,24720.25,251800,3381.89990234375,65.16000366210938,87.89330291748047,11.710000038146973
2025-08-06,24574.19921875,24671.400390625,24539.19921875,24641.349609375,225100,3380.0,64.3499984741211,87.72309875488281,11.960000038146973
2025-08-07,24596.150390625,24634.19921875,24344.150390625,24464.19921875,616700,3400.300048828125,63.880001068115234,87.76249694824219,11.6899995803833
2025-08-08,24363.30078125,24585.5,24337.5,24544.25,312600,3439.10009765625,63.880001068115234,87.43319702148438,12.029999732971191
2025-08-11,24585.05078125,24600.849609375,24347.44921875,24371.5,241100,3353.10009765625,63.959999084472656,87.48829650878906,12.220000267028809
2025-08-12,24487.400390625,24702.599609375,24465.650390625,24563.349609375,237000,3348.89990234375,63.16999816894531,87.66449737548828,12.229999542236328
2025-08-13,24619.349609375,24664.55078125,24535.25,24586.19921875,236000,3358.699951171875,62.650001525878906,87.59559631347656,12.140000343322754
2025-08-14,24631.30078125,24673.650390625,24596.900390625,24607.25,270200,3335.199951171875,63.959999084472656,87.44999694824219,12.359999656677246
2025-08-18,24876.94921875,25022.0,24852.849609375,24938.19921875,363100,3331.699951171875,63.41999816894531,87.51280212402344,12.34000015258789
2025-08-19,24980.650390625,25012.650390625,24873.94921875,24891.349609375,252300,3313.39990234375,62.34999847412109,87.29509735107422,11.789999961853027
2025-08-20,25050.55078125,25088.69921875,24929.69921875,24965.80078125,287100,3343.39990234375,63.209999084472656,87.0791015625,11.789999961853027
2025-08-21,25083.75,25153.650390625,25054.900390625,25142.0,226500,3336.89990234375,63.52000045776367,87.01820373535156,11.369999885559082
2025-08-22,24870.099609375,25084.849609375,24859.150390625,25064.150390625,210200,3374.39990234375,63.65999984741211,87.29340362548828,11.729999542236328
2025-08-25,24967.75,25021.55078125,24894.349609375,24949.150390625,213000,3373.800048828125,64.80000305175781,87.3301010131836,11.760000228881836
2025-08-26,24712.05078125,24919.650390625,24689.599609375,24899.5,750500,3388.60009765625,63.25,87.60859680175781,12.1899995803833
2025-08-28,24500.900390625,24702.650390625,24481.599609375,24695.80078125,326600,3431.800048828125,64.5999984741211,87.65910339355469,12.18000030517578
2025-08-29,24426.849609375,24572.44921875,24404.69921875,24466.69921875,325500,3473.699951171875,64.01000213623047,87.5916976928711,11.75
2025-09-01,24625.05078125,24635.599609375,24432.69921875,24432.69921875,229300,3473.699951171875,64.01000213623047,88.17430114746094,11.289999961853027
2025-09-02,24579.599609375,24756.099609375,24522.349609375,24653.0,271600,3549.39990234375,65.58999633789062,88.00140380859375,11.399999618530272
2025-09-03,24715.05078125,24737.05078125,24533.19921875,24616.5,340300,3593.199951171875,63.970001220703125,87.99829864501953,10.93000030517578
2025-09-04,24734.30078125,24980.75,24708.19921875,24980.75,314100,3565.800048828125,63.47999954223633,88.072998046875,10.850000381469728
2025-09-05,24741.0,24832.349609375,24621.599609375,24818.849609375,210100,3613.199951171875,61.869998931884766,88.19290161132812,10.779999732971191
2025-09-08,24773.150390625,24885.5,24751.55078125,24802.599609375,213200,3638.10009765625,62.2599983215332,88.1863021850586,10.84000015258789
2025-09-09,24868.599609375,24891.80078125,24814.0,24864.099609375,226900,3643.300048828125,62.630001068115234,87.98049926757812,10.6899995803833
2025-09-10,24973.099609375,25035.69921875,24915.05078125,24991.0,244100,3643.60009765625,63.66999816894531,88.21829986572266,10.539999961853027
2025-09-11,25005.5,25037.30078125,24940.150390625,24945.5,224600,3636.89990234375,62.369998931884766,88.05339813232422,10.359999656677246
2025-09-12,25114.0,25139.44921875,25038.05078125,25074.44921875,225700,3649.39990234375,62.68999862670898,88.2676010131836,10.119999885559082
2025-09-15,25069.19921875,25138.44921875,25048.75,25118.900390625,185400,3682.199951171875,63.29999923706055,88.27729797363281,10.399999618530272
2025-09-16,25239.099609375,25261.400390625,25070.44921875,25073.599609375,240100,3688.89990234375,64.5199966430664,88.12349700927734,10.270000457763672
2025-09-17,25330.25,25346.5,25275.349609375,25276.599609375,268900,3681.800048828125,64.05000305175781,87.88459777832031,10.25
2025-09-18,25423.599609375,25448.94921875,25329.75,25441.05078125,272200,3643.699951171875,63.56999969482422,87.91069793701172,9.890000343322754
2025-09-19,25327.05078125,25428.75,25286.30078125,25410.19921875,380400,3671.5,62.68000030517578,88.20690155029297,9.970000267028809
2025-09-22,25202.349609375,25331.69921875,25151.05078125,25238.099609375,254500,3740.699951171875,62.63999938964844,88.09919738769531,10.5600004196167
2025-09-23,25169.5,25261.900390625,25084.650390625,25209.0,299200,3780.60009765625,63.40999984741211,88.30439758300781,10.630000114440918
2025-09-24,25056.900390625,25149.849609375,25027.44921875,25108.75,244400,3732.10009765625,64.98999786376953,88.80799865722656,10.520000457763672
2025-09-25,24890.849609375,25092.69921875,24878.30078125,25034.5,342500,3736.89990234375,64.9800033569336,88.77860260009766,10.779999732971191
2025-09-26,24654.69921875,24868.599609375,24629.44921875,24818.55078125,291500,3775.300048828125,65.72000122070312,88.77310180664062,11.43000030517578
2025-09-29,24634.900390625,24791.30078125,24606.19921875,24728.55078125,394400,3820.89990234375,63.45000076293945,88.67680358886719,11.369999885559082
2025-09-30,24611.099609375,24731.80078125,24587.69921875,24691.94921875,303000,3840.800048828125,62.369998931884766,88.70449829101562,11.06999969482422
2025-10-01,24836.30078125,24867.94921875,24605.94921875,24620.55078125,308900,3867.5,61.77999877929688,88.8406982421875,10.289999961853027
2025-10-03,24894.25,24904.80078125,24747.55078125,24759.55078125,365900,3880.800048828125,60.880001068115234,88.72019958496094,10.0600004196167
2025-10-06,25077.650390625,25095.94921875,24881.650390625,24916.55078125,268800,3948.5,61.68999862670898,88.73509979248047,10.1899995803833
2025-10-07,25108.30078125,25220.900390625,25076.30078125,25085.30078125,288000,3976.60009765625,61.72999954223633,88.72109985351562,10.050000190734863
2025-10-08,25046.150390625,25192.5,25008.5,25079.75,227400,4043.300048828125,62.54999923706055,88.74259948730469,10.3100004196167
2025-10-09,25181.80078125,25199.25,25024.30078125,25074.30078125,286300,3946.300048828125,61.5099983215332,88.7771987915039,10.119999885559082
2025-10-10,25285.349609375,25330.75,25156.849609375,25167.650390625,232900,3975.89990234375,58.900001525878906,88.86540222167969,10.100000381469728
2025-10-13,25227.349609375,25267.30078125,25152.30078125,25177.30078125,234300,4108.60009765625,59.4900016784668,88.7573013305664,11.010000228881836
2025-10-14,25145.5,25310.349609375,25060.55078125,25277.55078125,292100,4138.7001953125,58.70000076293945,88.66510009765625,11.15999984741211
2025-10-15,25323.55078125,25365.150390625,25159.349609375,25181.94921875,289900,4176.89990234375,58.27000045776367,88.78250122070312,10.529999732971191
2025-10-16,25585.30078125,25625.400390625,25376.849609375,25394.900390625,372800,4280.2001953125,57.459999084472656,87.80950164794922,10.869999885559082
2025-10-17,25709.849609375,25781.5,25508.599609375,25546.849609375,422100,4189.89990234375,57.540000915527344,87.9906997680664,11.630000114440918
2025-10-20,25843.150390625,25926.19921875,25788.5,25824.599609375,301100,4336.39990234375,57.52000045776367,88.0022964477539,11.359999656677246
2025-10-21,25868.599609375,25934.349609375,25825.80078125,25901.19921875,42500,4087.699951171875,57.81999969482422,87.87999725341797,11.300000190734863
2025-10-23,25891.400390625,26104.19921875,25862.44921875,26057.19921875,448400,4125.5,61.790000915527344,87.74030303955078,11.729999542236328
2025-10-24,25795.150390625,25944.150390625,25718.19921875,25935.099609375,284900,4118.39990234375,61.5,87.77899932861328,11.59000015258789
2025-10-27,25966.05078125,26005.94921875,25827.0,25843.19921875,266300,4001.89990234375,61.310001373291016,87.8290023803711,11.859999656677246
2025-10-28,25936.19921875,26041.69921875,25810.05078125,25939.94921875,395200,3966.199951171875,60.150001525878906,88.22209930419922,11.949999809265137
2025-10-29,26053.900390625,26097.849609375,25960.30078125,25982.0,321900,3983.699951171875,60.47999954223633,88.22550201416016,11.970000267028809
2025-10-30,25877.849609375,26032.05078125,25845.25,25984.400390625,257400,4001.300048828125,60.56999969482422,88.34559631347656,12.06999969482422
2025-10-31,25722.099609375,25953.75,25711.19921875,25863.80078125,334400,3982.199951171875,60.97999954223633,88.6344985961914,12.149999618530272
2025-11-03,25763.349609375,25803.099609375,25645.5,25696.849609375,23300,4000.300048828125,61.04999923706055,88.77539825439453,12.670000076293944
2025-11-04,25597.650390625,25787.400390625,25578.400390625,25744.75,305100,3947.699951171875,60.560001373291016,88.72339630126953,12.649999618530272
2025-11-06,25509.69921875,25679.150390625,25491.55078125,25593.349609375,371900,3979.89990234375,59.43000030517578,88.55690002441406,12.40999984741211
2025-11-07,25492.30078125,25551.25,25318.44921875,25433.80078125,305600,3999.39990234375,59.75,88.6729965209961,12.5600004196167
2025-11-10,25574.349609375,25653.44921875,25503.5,25503.5,243600,4111.7998046875,60.130001068115234,88.65799713134766,12.300000190734863
2025-11-11,25694.94921875,25715.80078125,25449.25,25617.0,297700,4106.7998046875,61.040000915527344,88.70709991455078,12.489999771118164
2025-11-12,25875.80078125,25934.55078125,25781.150390625,25834.30078125,312600,4204.39990234375,58.4900016784668,88.46649932861328,12.109999656677246
2025-11-13,25879.150390625,26010.69921875,25808.400390625,25906.099609375,385200,4186.89990234375,58.68999862670898,88.59400177001953,12.15999984741211
2025-11-14,25910.05078125,25940.19921875,25740.80078125,25767.900390625,518900,4087.60009765625,60.09000015258789,88.81610107421875,11.9399995803833
2025-11-17,26013.44921875,26024.19921875,25906.349609375,25948.19921875,281800,4068.300048828125,59.90999984741211,88.68199920654297,11.789999961853027
2025-11-18,25910.05078125,26029.849609375,25876.5,26021.80078125,280000,4061.300048828125,60.7400016784668,88.63590240478516,12.100000381469728
2025-11-19,26052.650390625,26074.650390625,25856.19921875,25918.099609375,250100,4077.699951171875,59.43999862670898,88.55680084228516,11.970000267028809
2025-11-20,26192.150390625,26246.650390625,26063.19921875,26132.099609375,240400,4056.5,59.13999938964844,88.48719787597656,12.140000343322754
2025-11-21,26068.150390625,26179.19921875,26052.19921875,26109.55078125,235600,4076.699951171875,58.060001373291016,88.69219970703125,13.630000114440918
2025-11-24,25959.5,26142.80078125,25912.150390625,26122.80078125,464700,4091.89990234375,58.84000015258789,89.63400268554688,13.239999771118164
2025-11-25,25884.80078125,26032.599609375,25857.5,25998.5,260500,4139.2001953125,57.95000076293945,89.14779663085938,12.239999771118164
2025-11-26,26205.30078125,26215.150390625,25842.94921875,25842.94921875,275300,4165.2001953125,58.650001525878906,89.15059661865234,11.970000267028809
2025-11-27,26215.55078125,26310.44921875,26141.900390625,26261.25,240300,4165.2001953125,58.650001525878906,89.16300201416016,11.789999961853027
2025-11-28,26202.94921875,26280.75,26172.400390625,26237.44921875,202500,4218.2998046875,58.54999923706055,89.36479949951172,11.619999885559082
2025-12-01,26175.75,26325.80078125,26124.19921875,26325.80078125,213800,4239.2998046875,59.31999969482422,89.3499984741211,11.630000114440918
2025-12-02,26032.19921875,26154.599609375,25997.849609375,26087.94921875,254800,4186.60009765625,58.63999938964844,89.61270141601562,11.229999542236328
2025-12-03,25986.0,26066.44921875,25891.0,26004.900390625,265700,4199.2998046875,58.95000076293945,89.91719818115234,11.210000038146973
2025-12-04,26033.75,26098.25,25938.94921875,25981.849609375,248100,4211.7998046875,59.66999816894531,90.17050170898438,10.81999969482422
2025-12-05,26186.44921875,26202.599609375,25985.349609375,25999.80078125,249300,4212.89990234375,60.08000183105469,89.8364028930664,10.31999969482422
2025-12-08,25960.55078125,26178.69921875,25892.25,26159.80078125,320700,4187.2001953125,58.880001068115234,89.93800354003906,11.130000114440918
2025-12-09,25839.650390625,25923.650390625,25728.0,25867.099609375,276000,4206.7001953125,58.25,90.12999725341795,10.949999809265137
2025-12-10,25758.0,25947.650390625,25734.55078125,25864.05078125,207900,4196.39990234375,58.459999084472656,89.91690063476562,10.90999984741211
2025-12-11,25898.55078125,25922.80078125,25693.25,25771.400390625,206100,4285.5,57.59999847412109,89.79299926757812,10.399999618530272
2025-12-12,26046.94921875,26057.599609375,25938.44921875,25971.19921875,216300,4300.10009765625,57.43999862670898,90.25299835205078,10.109999656677246
2025-12-15,26027.30078125,26047.150390625,25904.75,25930.05078125,181600,4306.7001953125,56.81999969482422,90.5770034790039,10.25
2025-12-16,25860.099609375,25980.75,25834.349609375,25951.5,264400,4304.5,55.27000045776367,90.7769012451172,10.0600004196167
2025-12-17,25818.55078125,25929.150390625,25770.349609375,25902.400390625,206500,4347.5,55.93999862670898,90.94889831542967,9.84000015258789
2025-12-18,25815.55078125,25902.349609375,25726.30078125,25764.69921875,197600,4339.5,56.150001525878906,90.4136962890625,9.710000038146973
2025-12-19,25966.400390625,25993.349609375,25880.44921875,25911.5,382900,4361.39990234375,56.65999984741211,90.25579833984376,9.520000457763672
2025-12-22,26172.400390625,26180.69921875,26047.80078125,26055.849609375,253000,4444.60009765625,58.0099983215332,89.56999969482422,9.68000030517578
2025-12-23,26177.150390625,26233.55078125,26119.05078125,26205.19921875,216600,4482.7998046875,58.380001068115234,89.60389709472656,9.380000114440918
2025-12-24,26142.099609375,26236.400390625,26123.0,26170.650390625,188800,4480.60009765625,58.34999847412109,89.50789642333984,9.1899995803833
2025-12-26,26042.30078125,26144.19921875,26008.599609375,26121.25,142200,4529.10009765625,56.7400016784668,90.10590362548828,9.149999618530272
2025-12-29,25942.099609375,26106.80078125,25920.30078125,26063.349609375,234300,4325.10009765625,58.08000183105469,89.82929992675781,9.720000267028809
2025-12-30,25938.849609375,25976.75,25878.0,25940.900390625,396900,4370.10009765625,57.95000076293945,89.9000015258789,9.68000030517578
